uid,source,level,label,url,status,attempts,last_error
yt:-5l17jrn2g4,youtube,continuous,เบื้องหลังการแปลภาษามือในช่วงวิกฤตโควิด-19 : เปิดบ้านThai PBS (6 มี.ค. 64),https://www.youtube.com/watch?v=-5l17jrn2g4,pending,1,skipped: YouTube bot-block breaker is open
yt:-6SCFr8yP7s,youtube,word,บทเรียนออนไลน์ประกอบภาษามือ วิชาเทคโนโลยีวิทยาการคำนวณ เรื่อง อุปกรณ์คอมพิวเตอร์,https://www.youtube.com/watch?v=-6SCFr8yP7s,pending,1,skipped: YouTube bot-block breaker is open
yt:-BOW-UdL-zY,youtube,continuous,02.การล้างมือ 7 ขั้นตอน (ภาษามือ),https://www.youtube.com/watch?v=-BOW-UdL-zY,pending,1,skipped: YouTube bot-block breaker is open
yt:-IW9w9ImW1c,youtube,word,ภาษามือไทย-หมวดผักเครื่องปรุง-ซีอิ้วขาว,https://www.youtube.com/watch?v=-IW9w9ImW1c,pending,1,skipped: YouTube bot-block breaker is open
yt:-LRTigPzyu4,youtube,sentence,ภาษามือพื้นฐาน5ท่าทำได้ง่ายๆ!!!,https://www.youtube.com/watch?v=-LRTigPzyu4,pending,1,skipped: YouTube bot-block breaker is open
yt:-Nnfj08w_Z0,youtube,continuous,สธ.แถลงสถานการณ์โควิด-19 [ภาษามือ] (21 เม.ย. 63),https://www.youtube.com/watch?v=-Nnfj08w_Z0,pending,1,skipped: YouTube bot-block breaker is open
yt:-RjYs47DiRk,youtube,continuous,สธ.แถลงสถานการณ์โควิด-19 [ภาษามือ] (17 เม.ย. 63),https://www.youtube.com/watch?v=-RjYs47DiRk,pending,1,skipped: YouTube bot-block breaker is open
yt:-fkxztpQjy4,youtube,sentence,คำศัพท์ภาษามือ เรื่อง การบอกเวลา แบ่งเป็น 2 ช่วง  :โรงเรียนโสตศึกษาจังหวัดนครปฐม,https://www.youtube.com/watch?v=-fkxztpQjy4,pending,1,skipped: YouTube bot-block breaker is open
yt:-rBWbzVSQKs,youtube,continuous,พลเมือง D (Deaf Citizen) ตอนที่ 3 หนังสั้นคนหูหนวก (ออกอากาศ 16 ส.ค. 58),https://www.youtube.com/watch?v=-rBWbzVSQKs,pending,1,skipped: YouTube bot-block breaker is open
yt:-roLN7q0gWc,youtube,continuous,EP.6 WFH,https://www.youtube.com/watch?v=-roLN7q0gWc,pending,1,skipped: YouTube bot-block breaker is open
yt:-vn49g4eCJU,youtube,continuous,ภาษามือ บทแผ่มเมตตา,https://www.youtube.com/watch?v=-vn49g4eCJU,pending,1,skipped: YouTube bot-block breaker is open
yt:-wB-2viUFzs,youtube,continuous,หญ้าเนเปียร์ | เกษตร อีซี่,https://www.youtube.com/watch?v=-wB-2viUFzs,pending,1,skipped: YouTube bot-block breaker is open
yt:034Sva2ZT7c,youtube,continuous,การนัดหมายเพื่อแนะนำบริการ TTRS แบบตัวต่อตัว,https://www.youtube.com/watch?v=034Sva2ZT7c,pending,1,skipped: YouTube bot-block breaker is open
yt:0Brel9OwNr8,youtube,continuous,การออกแบบละครนิทานภาษามือสำหรับเด็กพิการทางการได้ยินโดยใช้เทคนิค Green Screen,https://www.youtube.com/watch?v=0Brel9OwNr8,pending,1,skipped: YouTube bot-block breaker is open
yt:0P8_3aMO9T8,youtube,continuous,คุยกับผีเสื้อปีกบาง EP. 73 | ตอน คนหูหนวกกับความสนุกของภาษา (มือ) | อ.กิ๊ฟ สิรินทรา ฤทธิเดช,https://www.youtube.com/watch?v=0P8_3aMO9T8,pending,1,skipped: YouTube bot-block breaker is open
yt:0W5tjzk0Pns,youtube,continuous,HunuakTV-นิทานน้องๆหูหนวกกระต่ายกับเต่า,https://www.youtube.com/watch?v=0W5tjzk0Pns,pending,1,skipped: YouTube bot-block breaker is open
yt:0_RSRuTpJ1E,youtube,continuous,EP.11 ภาควิชาหูหนวกศึกษา ตอน..บรรยากาศวันที่toaมาสอน,https://www.youtube.com/watch?v=0_RSRuTpJ1E,pending,1,skipped: YouTube bot-block breaker is open
yt:0d99Dop-S2A,youtube,continuous,บอนไช | เกษตร อีซี่,https://www.youtube.com/watch?v=0d99Dop-S2A,pending,1,skipped: YouTube bot-block breaker is open
yt:0f2bWdRpKV8,youtube,continuous,ภาษามือแนะนำการตรวจการได้ยินฟรี!!!,https://www.youtube.com/watch?v=0f2bWdRpKV8,pending,1,skipped: YouTube bot-block breaker is open
yt:0iastMcrDn0,youtube,continuous,Deaf Channel # 46 (15 ก.พ. 57)_1/2,https://www.youtube.com/watch?v=0iastMcrDn0,pending,1,skipped: YouTube bot-block breaker is open
yt:0sB2Zz7Xrvs,youtube,sentence,EP:2 (ภาษามือ) ขอบคุณ จำง่ายๆ Thanks sign language,https://www.youtube.com/watch?v=0sB2Zz7Xrvs,pending,1,skipped: YouTube bot-block breaker is open
yt:0t4GkFZybZk,youtube,sentence,Ep.2 ภาษามือ 20 ศัพท์ใคร่รู้ หมวดหมู่ “อาหารการกิน”,https://www.youtube.com/watch?v=0t4GkFZybZk,pending,1,skipped: YouTube bot-block breaker is open
yt:0umd_R8Xq2c,youtube,continuous,การปลูกแคคตัสชีวภาพ | เกษตร อีซี่,https://www.youtube.com/watch?v=0umd_R8Xq2c,pending,1,skipped: YouTube bot-block breaker is open
yt:0wKrdMM51ds,youtube,continuous,ข้อควรรู้สำหรับผู้หญิง ก่อนเข้ารับการฉีดวัคซีน,https://www.youtube.com/watch?v=0wKrdMM51ds,pending,1,skipped: YouTube bot-block breaker is open
yt:0y7AXeran3k,youtube,continuous,Ep.32 ภาษามือไทย พระบัญญัติพระเจ้าประการแรก #dcat #ชมรมคนหูหนวกคาทอลิกแห่งประเทศไทย,https://www.youtube.com/watch?v=0y7AXeran3k,pending,1,skipped: YouTube bot-block breaker is open
yt:1-V7xuxVZV8,youtube,continuous,คนเก่งคนดี(ภาษามือ by Jankung),https://www.youtube.com/watch?v=1-V7xuxVZV8,pending,1,skipped: YouTube bot-block breaker is open
yt:10_sgD7oWhg,youtube,continuous,(มีล่ามภาษามือ) | EP45 | คนหูหนวกมีงานทำมากน้อยเพียงใด?🎬OH I See อ๋อ… มันเป็นอย่างนี้นี่เอง Season 2,https://www.youtube.com/watch?v=10_sgD7oWhg,pending,1,skipped: YouTube bot-block breaker is open
yt:12H-7yhXinU,youtube,continuous,Safe medication use (with sign language interpretation),https://www.youtube.com/watch?v=12H-7yhXinU,pending,1,skipped: YouTube bot-block breaker is open
yt:15wucDluaDc,youtube,continuous,สอนทำเมนูปลาทับทิมนึ่งมะนาว พร้อมล่ามภาษามือ l เลอ กอร์ดอง เบลอ ดุสิต,https://www.youtube.com/watch?v=15wucDluaDc,pending,1,skipped: YouTube bot-block breaker is open
yt:1A7x1J9VmBM,youtube,continuous,เชียงใหม่ หนุ่มพิการทางการได้ยิน สู้ชีวิต เปิดร้านเบอร์เกอรี่ และกาแฟ ภาษามือ,https://www.youtube.com/watch?v=1A7x1J9VmBM,pending,1,skipped: YouTube bot-block breaker is open
yt:1DnbsSzV6vE,youtube,word,"Thai PBS World ( May 15, 2020) : Challenges for sign language interpreters during COVID-19",https://www.youtube.com/watch?v=1DnbsSzV6vE,pending,1,skipped: YouTube bot-block breaker is open
yt:1Ktun2pwNyA,youtube,continuous,รวมภาพโครงการประกวดเล่าเรื่องด้วยภาษามือไทยสำหรับคนพิการทางการได้ยินครั้งที่ 15,https://www.youtube.com/watch?v=1Ktun2pwNyA,pending,1,skipped: YouTube bot-block breaker is open
yt:1Ug7HmcLLOo,youtube,sentence,เจ็บคอ  คำศัพท์ภาษามือเกียวกับโรคโควิด 19  โรงเรียนโสตศึกษาจังหวัดขอนแก่น,https://www.youtube.com/watch?v=1Ug7HmcLLOo,pending,1,skipped: YouTube bot-block breaker is open
yt:1c7oFZGdjnY,youtube,continuous,เรื่อง ประกาศปิดให้บริการล่ามภาษามือ TTRS 1 สัปดาห์,https://www.youtube.com/watch?v=1c7oFZGdjnY,pending,1,skipped: YouTube bot-block breaker is open
yt:1eOuj4Y1z3I,youtube,continuous,TTRS News Ebola,https://www.youtube.com/watch?v=1eOuj4Y1z3I,pending,1,skipped: YouTube bot-block breaker is open
yt:1npLU64RHDw,youtube,continuous,06.07.2025 บทเทศน์ : บาทหลวงเปโตร ภูรวัติ ศีราอริย #พิธีบูชาขอบพระคุณภาษามือไทย,https://www.youtube.com/watch?v=1npLU64RHDw,pending,1,skipped: YouTube bot-block breaker is open
yt:1vxwg_hnVVU,youtube,continuous,Vlog : สอนภาษามือ - ในสวนจตุจักร,https://www.youtube.com/watch?v=1vxwg_hnVVU,pending,1,skipped: YouTube bot-block breaker is open
yt:1xH0IjQ1g00,youtube,continuous,หน่อไม้ฝรั่งเกรด A | เกษตร อีซี่,https://www.youtube.com/watch?v=1xH0IjQ1g00,pending,1,skipped: YouTube bot-block breaker is open
yt:23jxrGQmQlU,youtube,word,เพลง อวยพรวันเกิด (ภาษามือ) : มหาวิทยาลัยมหิดล วิทยาลัยราชสุดา,https://www.youtube.com/watch?v=23jxrGQmQlU,pending,1,skipped: YouTube bot-block breaker is open
yt:26N4fn1nGhs,youtube,continuous,มะพร้าวน้ำหอมบ้านแพ้ว | เกษตร อีซี่,https://www.youtube.com/watch?v=26N4fn1nGhs,pending,1,skipped: YouTube bot-block breaker is open
yt:29EbClz4EZA,youtube,continuous,การเลี้ยงแพะนม | เกษตร อีซี่,https://www.youtube.com/watch?v=29EbClz4EZA,pending,1,skipped: YouTube bot-block breaker is open
yt:2Ba4SJX2VrA,youtube,continuous,"ภาษามือ ""บุคคลทางการเมือง"" โดย สมาคมคนหูหนวกแห่งประเทศไทย | Thai PBS Big Sign ภาษามือใหญ่เต็มจอ",https://www.youtube.com/watch?v=2Ba4SJX2VrA,pending,1,skipped: YouTube bot-block breaker is open
yt:2EDb6dSk140,youtube,continuous,นิทานภาษามือไทย ลูกหมูป่าติดถ้ำ,https://www.youtube.com/watch?v=2EDb6dSk140,pending,1,skipped: YouTube bot-block breaker is open
yt:2IS1nug4HqM,youtube,continuous,DEAF BARISTA จับมือน้องสอนภาษามือในการชงกาแฟ | ปนัดดา Story,https://www.youtube.com/watch?v=2IS1nug4HqM,pending,1,skipped: YouTube bot-block breaker is open
yt:2Yfjt5-qxwE,youtube,continuous,เที่ยวสวนสัตว์กับเพื่อนหูหนวก,https://www.youtube.com/watch?v=2Yfjt5-qxwE,pending,1,skipped: YouTube bot-block breaker is open
yt:2ZQlzVp-jn8,youtube,sentence,คนหูหนวกรู้สู้โควิด@โสตศึกษา จ.ขอนแก่น,https://www.youtube.com/watch?v=2ZQlzVp-jn8,pending,1,skipped: YouTube bot-block breaker is open
yt:2dJhjSiPI2U,youtube,continuous,แมลงตัวน้อยตัวนิดมีพิษน่าดู#แมลงมีพิษ | ไม่ตายหรอกเธอ,https://www.youtube.com/watch?v=2dJhjSiPI2U,pending,1,skipped: YouTube bot-block breaker is open
yt:2uJ7nleBjxU,youtube,continuous,ฝึกภาษามือและการพูดเรื่องการสนทนาเกี่ยวกับการทำงาน ***กับเด็กหูตึง***,https://www.youtube.com/watch?v=2uJ7nleBjxU,pending,1,skipped: YouTube bot-block breaker is open
yt:2v7XNvQxdJ4,youtube,continuous,ภาษามือ,https://www.youtube.com/watch?v=2v7XNvQxdJ4,pending,1,skipped: YouTube bot-block breaker is open
yt:2wIoQJQdkK4,youtube,continuous,ล่ามภาษามือ อาชีพที่สร้างความเท่าเทียมในการเข้าถึงสื่อ l TNN HEALTH l 09 07 65,https://www.youtube.com/watch?v=2wIoQJQdkK4,pending,1,skipped: YouTube bot-block breaker is open
yt:3-e6L3Jd-jQ,youtube,sentence,โรงเรียนโสตศึกษาจังหวัดนครปฐม,https://www.youtube.com/watch?v=3-e6L3Jd-jQ,pending,1,skipped: YouTube bot-block breaker is open
yt:36vVEh-5bPQ,youtube,word,AFS Thailand- Chayakorn - ASL and English,https://www.youtube.com/watch?v=36vVEh-5bPQ,pending,1,skipped: YouTube bot-block breaker is open
yt:3Mr7DaDbc18,youtube,continuous,ฐานที่ 11/15 หนอนพยาธิ - สื่อวิดิทัศน์ภาษามือสำหรับคนหูหนวก,https://www.youtube.com/watch?v=3Mr7DaDbc18,pending,1,skipped: YouTube bot-block breaker is open
yt:3UzqmVE5GQI,youtube,continuous,เปรตสัมภเวสี  โรงเรียนโสตศึกษาจังหวัดกาญจนบุรี เพลงภาษามือ,https://www.youtube.com/watch?v=3UzqmVE5GQI,pending,1,skipped: YouTube bot-block breaker is open
yt:3cHZ6Y_sExg,youtube,continuous,ภาษามือใหญ่เต็มจอ Big Sign และความเครียดจากการรับข่าวสาร : เปิดบ้าน Thai PBS (14 มี.ค. 63),https://www.youtube.com/watch?v=3cHZ6Y_sExg,pending,1,skipped: YouTube bot-block breaker is open
yt:3fIvMCMXQy0,youtube,word,คำศัพท์ภาษามือหมวดสัตว์ โรงเรียนเศรษฐเสถียร ในพระราชูปถัมภ์,https://www.youtube.com/watch?v=3fIvMCMXQy0,pending,1,"ERROR: [youtube] 3fIvMCMXQy0: Please sign in. Use --cookies-from-browser or --cookies for the authentication. See  https://github.com/yt-dlp/yt-dlp/wiki/FAQ#how-do-i-pass-cookies-to-yt-dlp  for how to manually pass cookies. Also see  https://github.com/yt-dlp/yt-dlp/wiki/Extractors#exporting-youtube-cookies  for tips on effectively exporting YouTube cookies
"
yt:3h0PnR-Y4_I,youtube,continuous,นิทาน ภาษามือ วอลดอร์ฟ เรื่อง ปรากฏการณ์ในฤดูฝน (1) | ครูเติ้ล,https://www.youtube.com/watch?v=3h0PnR-Y4_I,pending,1,skipped: YouTube bot-block breaker is open
yt:3hR_I8bO0FM,youtube,word,"คลังคำภาษามือไทย หัวข้อ ""ครอบครัว""",https://www.youtube.com/watch?v=3hR_I8bO0FM,pending,1,skipped: YouTube bot-block breaker is open
yt:3nlRtzF4pxo,youtube,sentence,นิทานภาษามือ “ลากับหนังราชสีห์” ชั้นประถมศึกษาปีที่ 3 :โรงเรียนโสตศึกษาจังหวัดนครปฐม,https://www.youtube.com/watch?v=3nlRtzF4pxo,pending,1,skipped: YouTube bot-block breaker is open
yt:3rOHBeaN3Ss,youtube,continuous,วิดีโอสาธิตการแจ้งเหตุฉุกเฉิน ตอนที่ 2 การขจัดสิ่งแปลกปลอมออกจากทางเดินหายใจ,https://www.youtube.com/watch?v=3rOHBeaN3Ss,pending,1,skipped: YouTube bot-block breaker is open
yt:42gd3UbXTtU,youtube,continuous,คุยกับล่ามภาษามือแห่งรัฐสภาไทยชื่อลุงตู่ทำมือยังไงนะ,https://www.youtube.com/watch?v=42gd3UbXTtU,pending,1,skipped: YouTube bot-block breaker is open
yt:442tuDg6OY8,youtube,sentence,การนำผู้ติดเชื้อเข้าสู่ระบบรักษาพยาบาล | พรศิริ ตันพัฒนา,https://www.youtube.com/watch?v=442tuDg6OY8,pending,1,skipped: YouTube bot-block breaker is open
yt:46CoKu1tSZ4,youtube,continuous,"COVID-19 Situation Report by the CCSA [Sign Language] (May 19, 2020)",https://www.youtube.com/watch?v=46CoKu1tSZ4,pending,1,skipped: YouTube bot-block breaker is open
yt:4HBK1mLkJrA,youtube,continuous,ภาษามือประกอบเพลง แปรงฟัน,https://www.youtube.com/watch?v=4HBK1mLkJrA,pending,1,skipped: YouTube bot-block breaker is open
yt:4OUgEvM98L4,youtube,word,EP.8 คำศัพท์ภาษามือที่ควรรู้,https://www.youtube.com/watch?v=4OUgEvM98L4,pending,1,skipped: YouTube bot-block breaker is open
yt:4PowomwfId8,youtube,continuous,Smart News เย็นข่าวลึก Inspiration แรงบันดาลใจ ตอน อาจารย์กนิษฐา  ล่ามภาษามือ,https://www.youtube.com/watch?v=4PowomwfId8,pending,1,"ERROR: [youtube] 4PowomwfId8: Sign in to confirm you’re not a bot. Use --cookies-from-browser or --cookies for the authentication. See  https://github.com/yt-dlp/yt-dlp/wiki/FAQ#how-do-i-pass-cookies-to-yt-dlp  for how to manually pass cookies. Also see  https://github.com/yt-dlp/yt-dlp/wiki/Extractors#exporting-youtube-cookies  for tips on effectively exporting YouTube cookies
"
yt:4QGKmT_X3j4,youtube,continuous,อย่าสาบาน #ฟ้าผ่า | ไม่ตายหรอกเธอ,https://www.youtube.com/watch?v=4QGKmT_X3j4,pending,1,skipped: YouTube bot-block breaker is open
yt:4ZYiZEd1RIc,youtube,word,วีดีทัศน์ภาษามือไทย ตอน จังหวัดต่าง ๆ ตอนที่ ๑,https://www.youtube.com/watch?v=4ZYiZEd1RIc,pending,1,skipped: YouTube bot-block breaker is open
yt:4jogDJkCuyo,youtube,continuous,นางงูพิษ #งูมีพิษ | ไม่ตายหรอกเธอ,https://www.youtube.com/watch?v=4jogDJkCuyo,pending,1,skipped: YouTube bot-block breaker is open
yt:4tJ2QnqbAOE,youtube,continuous,รับสมัครคนหูหนวก คนหูตึง ผู้ขายสินค้า OTOP,https://www.youtube.com/watch?v=4tJ2QnqbAOE,pending,1,skipped: YouTube bot-block breaker is open
yt:4xpvM78ISeY,youtube,continuous,ความในใจของพิธีกรคนหูหนวก | HIGHLIGHT เพื่อนกันคนพันธุ์D EP.5 | 11 ก.ค. 64 | one31,https://www.youtube.com/watch?v=4xpvM78ISeY,pending,1,skipped: YouTube bot-block breaker is open
yt:53Fam4ZSikE,youtube,continuous,วิชาความรู้เกี่ยวกับล่ามภาษามือ ตอน เทคนิคและการแปลของล่ามในสถานการณ์ ต่างๆ,https://www.youtube.com/watch?v=53Fam4ZSikE,pending,1,skipped: YouTube bot-block breaker is open
yt:5A3Ah-asJ34,youtube,continuous,คนหูหนวกรู้ สู้โควิด | Ep.19 | สุขอนามัยส่วนตัว,https://www.youtube.com/watch?v=5A3Ah-asJ34,pending,1,skipped: YouTube bot-block breaker is open
yt:5CvR53iODv8,youtube,continuous,สิทธิประโยชน์ TTRS,https://www.youtube.com/watch?v=5CvR53iODv8,pending,1,skipped: YouTube bot-block breaker is open
yt:5VVMF9rRxqo,youtube,word,◣ มสธ.◢  (ศัพท์ภาษามือ) ปวดแผล,https://www.youtube.com/watch?v=5VVMF9rRxqo,pending,1,skipped: YouTube bot-block breaker is open
yt:5_79gVMAMZg,youtube,continuous,EP.03 : ร้านกาแฟของคนหูหนวก อ.ปัว จ.น่าน,https://www.youtube.com/watch?v=5_79gVMAMZg,pending,1,skipped: YouTube bot-block breaker is open
yt:5iuyyLqxc2k,youtube,continuous,แนะนำตู้ TTRS,https://www.youtube.com/watch?v=5iuyyLqxc2k,pending,1,skipped: YouTube bot-block breaker is open
yt:5lJhgPQXx9Y,youtube,word,American Sign Laguage vlog about me living in Thailand Expat,https://www.youtube.com/watch?v=5lJhgPQXx9Y,pending,1,skipped: YouTube bot-block breaker is open
yt:5p-64pT-r04,youtube,continuous,เทศนาภาษามือคริสตจักรหูหนวกพันธกิจพัทยา_อาจารย์ ภากร_ 수화설교_240922,https://www.youtube.com/watch?v=5p-64pT-r04,pending,1,skipped: YouTube bot-block breaker is open
yt:5zselNiyeDE,youtube,word,Thai Sign Language,https://www.youtube.com/watch?v=5zselNiyeDE,pending,1,skipped: YouTube bot-block breaker is open
yt:67cBhMZeXO8,youtube,sentence,รายการ “Silent Dreams นักเตะหัวใจไม่ไร้เสียง” EP.1,https://www.youtube.com/watch?v=67cBhMZeXO8,pending,1,skipped: YouTube bot-block breaker is open
yt:6LJSvpccVyc,youtube,continuous,Ep.23 08.02.2026 : บทเทศน์ : บาทหลวงเปโตร ภูรวัติ ศีราอริย #พิธีบูชาขอบพระคุณภาษามือไทย,https://www.youtube.com/watch?v=6LJSvpccVyc,pending,1,skipped: YouTube bot-block breaker is open
yt:6N6gtINEVLw,youtube,continuous,Big Sign ภาษามือใหญ่เต็มจอ l ลาดกระบัง : ยินดีที่ได้รู้จัก,https://www.youtube.com/watch?v=6N6gtINEVLw,pending,1,skipped: YouTube bot-block breaker is open
yt:6UdGzCTYk3Q,youtube,word,ตอนที่ 4 ภาษามือไทย Outline Thai Sign Language (ThSL) รูปแบบ AD,https://www.youtube.com/watch?v=6UdGzCTYk3Q,pending,1,skipped: YouTube bot-block breaker is open
yt:6VbtYxSRPtA,youtube,continuous,12 จุดสัมผัสร่วม ควรระวังเพื่อลดความเสี่ยงติดเชื้อโควิด,https://www.youtube.com/watch?v=6VbtYxSRPtA,pending,1,skipped: YouTube bot-block breaker is open
yt:6WK3T3jQKkU,youtube,sentence,ขอบคุณ (Thank you) - ภาษามือ,https://www.youtube.com/watch?v=6WK3T3jQKkU,pending,1,skipped: YouTube bot-block breaker is open
yt:6rAA9CZ3E7E,youtube,continuous,วิชาภาษามือ ตอน หลักการสื่อสารด้วยภาษามือ และการเลือกใช้การสะกดนิ้วมือประกอบการสื่อสาร,https://www.youtube.com/watch?v=6rAA9CZ3E7E,pending,1,skipped: YouTube bot-block breaker is open
yt:6twNKx-kJNU,youtube,continuous,(COVER MV) ภาษามือเพลง ขัดใจ-Colorpitch,https://www.youtube.com/watch?v=6twNKx-kJNU,pending,1,skipped: YouTube bot-block breaker is open
yt:6w3KCC7An3E,youtube,word,ภาษามือเรื่องง่ายๆ ที่ทุกคนสามารถทำและเข้าใจได้,https://www.youtube.com/watch?v=6w3KCC7An3E,pending,1,skipped: YouTube bot-block breaker is open
yt:6wDXAnCvS7g,youtube,sentence,Wonder Body Language -  การสอนภาษามือ ในสถานการณ์ต่างๆ,https://www.youtube.com/watch?v=6wDXAnCvS7g,pending,1,skipped: YouTube bot-block breaker is open
yt:7A0mmbCdAf8,youtube,continuous,บริการสร้างเสริมสุขภาพและป้องกันโรค กลุ่มหญิงตั้งครรภ์และหลังคลอด (วีดีโอแปลภาษามือ),https://www.youtube.com/watch?v=7A0mmbCdAf8,pending,1,skipped: YouTube bot-block breaker is open
yt:7AKpHMwfoi8,youtube,sentence,Deaf Channel # 05 (4 พ.ค. 56),https://www.youtube.com/watch?v=7AKpHMwfoi8,pending,1,skipped: YouTube bot-block breaker is open
yt:7ELPJ7fP4JE,youtube,continuous,ผมเป็นหูหนวก ภาษามือ กินมาม่า,https://www.youtube.com/watch?v=7ELPJ7fP4JE,pending,1,skipped: YouTube bot-block breaker is open
yt:7Kdjo4X1sdk,youtube,continuous,การเพาะต้นกล้าข้าว | เกษตร อีซี่,https://www.youtube.com/watch?v=7Kdjo4X1sdk,pending,1,skipped: YouTube bot-block breaker is open
yt:7PXeWZzPGZ4,youtube,continuous,แถลงสถานการณ์ COVID-19 โดย ศบค. [ภาษามือ] (27 พ.ค. 63),https://www.youtube.com/watch?v=7PXeWZzPGZ4,pending,1,skipped: YouTube bot-block breaker is open
yt:7R_cgwnvLuE,youtube,continuous,ภาษามือ อธิบาย farmsook community,https://www.youtube.com/watch?v=7R_cgwnvLuE,pending,1,skipped: YouTube bot-block breaker is open
yt:7XR8lsQ9nEs,youtube,continuous,นิทานภาษามือ เรื่อง เด็กเลี้ยงแกะ,https://www.youtube.com/watch?v=7XR8lsQ9nEs,pending,1,skipped: YouTube bot-block breaker is open
yt:7XmdER9Hf-4,youtube,continuous,Billkin-สวยงามเสมอ | เวอร์ชั่นภาษามือไทย (Ever-Forever)(OST.หลานม่า)(Thai Sign Language Cover),https://www.youtube.com/watch?v=7XmdER9Hf-4,pending,1,skipped: YouTube bot-block breaker is open
yt:7bM65KnDUEM,youtube,continuous,มะเขือเทศราชินี | เกษตร อีซี่,https://www.youtube.com/watch?v=7bM65KnDUEM,pending,1,skipped: YouTube bot-block breaker is open
yt:7bOd1mbBrvo,youtube,continuous,การปลูกผักสลัดลงดิน | เกษตร อีซี่,https://www.youtube.com/watch?v=7bOd1mbBrvo,pending,1,skipped: YouTube bot-block breaker is open
yt:7jmabRLkCVs,youtube,continuous,รางวัลชนะเลิศ การแข่งขัน เพลงภาษามือไทย :โรงเรียนโสตศึกษาจังหวัดนครปฐม,https://www.youtube.com/watch?v=7jmabRLkCVs,pending,1,skipped: YouTube bot-block breaker is open
yt:7u3Tfhesn0k,youtube,continuous,คนหูหนวกรู้ สู้โควิด Ep.4 การล้างมือ,https://www.youtube.com/watch?v=7u3Tfhesn0k,pending,1,skipped: YouTube bot-block breaker is open
yt:7vCAzNdf3Jk,youtube,sentence,ประวัติโรงเรียนโสตศึกษาจังหวัดขอนแก่น (ภาษามือ),https://www.youtube.com/watch?v=7vCAzNdf3Jk,pending,1,skipped: YouTube bot-block breaker is open
yt:7zPs3GPr064,youtube,continuous,TTRS มีบริการหูดีโทรติดต่อหูหนวกค่ะ,https://www.youtube.com/watch?v=7zPs3GPr064,pending,1,skipped: YouTube bot-block breaker is open
yt:8BvXI9xjn4A,youtube,continuous,งานประชุมคุ้มครองผู้บริโภค 11/12/2556,https://www.youtube.com/watch?v=8BvXI9xjn4A,pending,1,skipped: YouTube bot-block breaker is open
yt:8IfUciTBXtE,youtube,continuous,แจ้งรายการ - ล่ามภาษามือ - ไตเติ้ล TNN ข่าวเที่ยง ช่อง TNN 16 | 30 เมษายน ปี 2565 | ช่อง TNN 16,https://www.youtube.com/watch?v=8IfUciTBXtE,pending,1,skipped: YouTube bot-block breaker is open
yt:8KUiL7-WPAo,youtube,continuous,17 SDGs in Thai Sign Language | 17 SDGs ผ่านภาษามือไทย,https://www.youtube.com/watch?v=8KUiL7-WPAo,pending,1,skipped: YouTube bot-block breaker is open
yt:8Q88j6Zcb5U,youtube,sentence,"Scoop NOBODY : ยกระดับความเท่าเทียมให้คนหูหนวก ด้วย ""ล่ามภาษามือ""",https://www.youtube.com/watch?v=8Q88j6Zcb5U,pending,1,skipped: YouTube bot-block breaker is open
yt:8Uq1ScGJCxU,youtube,word,ภาษามือไทย-หมวดสถานที่ต่างๆ-อำเภอ,https://www.youtube.com/watch?v=8Uq1ScGJCxU,pending,1,skipped: YouTube bot-block breaker is open
yt:8cfkX7FrIgo,youtube,continuous,เหล็กหุ้มเนื้อ เนื้อหุ้มเหล็ก #อุบัติเหตุทางรถยนต์ | ไม่ตายหรอกเธอ,https://www.youtube.com/watch?v=8cfkX7FrIgo,pending,1,skipped: YouTube bot-block breaker is open
yt:8dtfQnwH3vo,youtube,continuous,ไผ่ซางหม่น | เกษตร อีซี่,https://www.youtube.com/watch?v=8dtfQnwH3vo,pending,1,skipped: YouTube bot-block breaker is open
yt:8htkFAiLBAI,youtube,continuous,ฐานที่ 3/15 หัวใจมนุษย์และโรค - สื่อวิดิทัศน์ภาษามือสำหรับคนหูหนวก,https://www.youtube.com/watch?v=8htkFAiLBAI,pending,1,skipped: YouTube bot-block breaker is open
yt:8lA3CYjfZNc,youtube,word,Thai Sign Language1_10.mp4,https://www.youtube.com/watch?v=8lA3CYjfZNc,pending,1,skipped: YouTube bot-block breaker is open
yt:8lh0Yiz_TZ0,youtube,sentence,สื่อการเรียนรู้เสริมทักษะภาษามือ เรื่อง สี สำหรับนักเรียนบกพร่องทางการได้ยินระดับอนุบาล,https://www.youtube.com/watch?v=8lh0Yiz_TZ0,pending,1,skipped: YouTube bot-block breaker is open
yt:8m5wDsnoiuo,youtube,continuous,Vlog : สอนภาษามือ : วิธีการเข้าห้าง และขั้นตอนการเข้าใช้บริการต่างๆ Part 2,https://www.youtube.com/watch?v=8m5wDsnoiuo,pending,1,skipped: YouTube bot-block breaker is open
yt:8pD8NKdS3sY,youtube,continuous,108 วิธีตายในบ้าน ตอน 1 | ไม่ตายหรอกเธอ,https://www.youtube.com/watch?v=8pD8NKdS3sY,pending,1,skipped: YouTube bot-block breaker is open
yt:90JQiQScpi4,youtube,continuous,การปลูกเห็ดมิ้วกี้ | เกษตร อีซี่,https://www.youtube.com/watch?v=90JQiQScpi4,pending,1,skipped: YouTube bot-block breaker is open
yt:91-KK4xAS1I,youtube,word,บทเรียนออนไลน์ประกอบภาษามือ วิชาเทคโนโลยีวิทยาการคำนวณ เรื่อง ผังงาน,https://www.youtube.com/watch?v=91-KK4xAS1I,pending,1,skipped: YouTube bot-block breaker is open
yt:928eA4vDejY,youtube,continuous,หูหนวก หูตึง กับคุณภาพชีวิตวัยเก๋า | สูงวัยวาไรตี้ (ุ11 ส.ค. 65),https://www.youtube.com/watch?v=928eA4vDejY,pending,1,skipped: YouTube bot-block breaker is open
yt:9ABbkAeIRPU,youtube,continuous,อาสามาช่วยเพื่อคนพิการ – การจัดล่ามภาษามือไทย ของสมาคมคนหูหนวกแห่งประเทศไทย,https://www.youtube.com/watch?v=9ABbkAeIRPU,pending,1,skipped: YouTube bot-block breaker is open
yt:9Dggb_I3Cm8,youtube,continuous,อำเภอดอกคำใต้ จังหวัดพะเยา,https://www.youtube.com/watch?v=9Dggb_I3Cm8,pending,1,skipped: YouTube bot-block breaker is open
yt:9YR4uXNiS1I,youtube,word,Thai Sign Language1_12.mp4,https://www.youtube.com/watch?v=9YR4uXNiS1I,pending,1,skipped: YouTube bot-block breaker is open
yt:9iZRc4O6jPQ,youtube,continuous,"รายการส่งเสริมสุขภาพสำหรับบุคคลที่มีความบกพร่องทางการได้ยิน รุ่นใหญ่ไกลโรค ตอน  ""โรคหืดหอบ""",https://www.youtube.com/watch?v=9iZRc4O6jPQ,pending,1,skipped: YouTube bot-block breaker is open
yt:9pO3VOKjwY8,youtube,word,AR Thai Sign Language v.3 ภาษามือไทย,https://www.youtube.com/watch?v=9pO3VOKjwY8,pending,1,skipped: YouTube bot-block breaker is open
yt:9pWFav2qOcQ,youtube,continuous,สธ.แถลงสถานการณ์โควิด-19 [ภาษามือ] (31 มี.ค. 63),https://www.youtube.com/watch?v=9pWFav2qOcQ,pending,1,skipped: YouTube bot-block breaker is open
yt:9sprIyrEqj8,youtube,continuous,รายการ1479 วาไรตี้ : ตอน สิทธิการใช้ล่ามภาษามือสำหรับคนพิการ/ช่วงข่าวเด็ด1479/EP01,https://www.youtube.com/watch?v=9sprIyrEqj8,pending,1,skipped: YouTube bot-block breaker is open
yt:9taBpBHrU2Y,youtube,word,"คลังคำภาษามือไทย หัวข้อ ""การทักทาย""",https://www.youtube.com/watch?v=9taBpBHrU2Y,pending,1,skipped: YouTube bot-block breaker is open
yt:9txQ3BWrcMY,youtube,continuous,"Ep.3 บทอ่านจากหนังสือประกาศกอิสยาห์ อสย 42:1-4, 6-7 #พิธีบูชาขอบพระคุณภาษามือไทย 11.01.2026",https://www.youtube.com/watch?v=9txQ3BWrcMY,pending,1,skipped: YouTube bot-block breaker is open
yt:9w9DKATCvNo,youtube,continuous,โครงการฝึกอบรมล่ามภาษามือทางโทรทัศน์ EP.2,https://www.youtube.com/watch?v=9w9DKATCvNo,pending,1,skipped: YouTube bot-block breaker is open
yt:9xedfZWBOYo,youtube,sentence,เพลงภาษามือ สดุดีพระแม่เจ้า,https://www.youtube.com/watch?v=9xedfZWBOYo,pending,1,skipped: YouTube bot-block breaker is open
yt:9zOAuTGlVb4,youtube,continuous,มิติใหม่แห่งการสัมภาษณ์ ! ล่ามภาษามือตาม รมว.พม. เพื่อการรับรู้ข่าวสารที่เท่าเทียม,https://www.youtube.com/watch?v=9zOAuTGlVb4,pending,1,skipped: YouTube bot-block breaker is open
yt:A0VY9h3SZxE,youtube,continuous,เส้นทางลูกผู้ชาย #ทะเลาะวิวาท | ไม่ตายหรอกเธอ,https://www.youtube.com/watch?v=A0VY9h3SZxE,pending,1,skipped: YouTube bot-block breaker is open
yt:A2_Zi5nlqFs,youtube,continuous,Ep.487 15-09-2024 บทเทศน์-บาทหลวง เปโตร ภูรวัติ ศีราอริย #พิธีบูชาขอบพระคุณภาษามือไทย,https://www.youtube.com/watch?v=A2_Zi5nlqFs,pending,1,skipped: YouTube bot-block breaker is open
yt:A3buYKjzpkw,youtube,word,ภาษามือ EP.06 ตัวเลข | Geng's Diary,https://www.youtube.com/watch?v=A3buYKjzpkw,pending,1,skipped: YouTube bot-block breaker is open
yt:A6BXxMhCm-k,youtube,continuous,Covid-19,https://www.youtube.com/watch?v=A6BXxMhCm-k,pending,1,skipped: YouTube bot-block breaker is open
yt:AUE4vsXdmn0,youtube,sentence,โรงเรียนโสตศึกษาอนุสารสุนทร เชียงใหม่ เพลงในหลวงของแผ่นดิน (ภาษามือ),https://www.youtube.com/watch?v=AUE4vsXdmn0,pending,1,skipped: YouTube bot-block breaker is open
yt:AXJHfDsG_T0,youtube,continuous,ล่ามภาษามือในคอนเสิร์ตสำหรับคนหูหนวก,https://www.youtube.com/watch?v=AXJHfDsG_T0,pending,1,skipped: YouTube bot-block breaker is open
yt:Awoh75xUy3o,youtube,word,ภาษาและวัฒนธรรม_ภาษามือไทย,https://www.youtube.com/watch?v=Awoh75xUy3o,pending,1,skipped: YouTube bot-block breaker is open
yt:AwvWAOgxTiY,youtube,continuous,Deaf Channel # 23 (7 ก.ย. 56),https://www.youtube.com/watch?v=AwvWAOgxTiY,pending,1,skipped: YouTube bot-block breaker is open
yt:AzbvNDJzBcs,youtube,continuous,[Big Sign] แถลงสถานการณ์ COVID-19 โดย ศบค. (29 มี.ค. 64),https://www.youtube.com/watch?v=AzbvNDJzBcs,pending,1,skipped: YouTube bot-block breaker is open
yt:B2cUKdtSMbI,youtube,continuous,11 สิทธิขอรับริการล่ามภาษามือ,https://www.youtube.com/watch?v=B2cUKdtSMbI,pending,1,"ERROR: [youtube] B2cUKdtSMbI: Sign in to confirm you’re not a bot. Use --cookies-from-browser or --cookies for the authentication. See  https://github.com/yt-dlp/yt-dlp/wiki/FAQ#how-do-i-pass-cookies-to-yt-dlp  for how to manually pass cookies. Also see  https://github.com/yt-dlp/yt-dlp/wiki/Extractors#exporting-youtube-cookies  for tips on effectively exporting YouTube cookies
"
yt:B5mTH3xIqrs,youtube,continuous,เรื่อง คนหูดีโทรเข้าเลขหมาย TTRS ของคนหูหนวกแล้ว แต่ไม่มีสายเข้าที่โทรศัพท์มือถือของคนหูหนวก,https://www.youtube.com/watch?v=B5mTH3xIqrs,pending,1,skipped: YouTube bot-block breaker is open
yt:BFiemU1Y_MI,youtube,continuous,[Big Sign] แถลงสถานการณ์ COVID-19 โดย ศบค. และ สธ. (23 มิ.ย. 64),https://www.youtube.com/watch?v=BFiemU1Y_MI,pending,1,skipped: YouTube bot-block breaker is open
yt:BOe8xeVjdUU,youtube,continuous,อำเภอพรหมพิราม จังหวัดพิษณุโลก,https://www.youtube.com/watch?v=BOe8xeVjdUU,pending,1,skipped: YouTube bot-block breaker is open
yt:BV5zILcjsXs,youtube,word,Thai Sign Language (ภาษามือไทย),https://www.youtube.com/watch?v=BV5zILcjsXs,pending,1,skipped: YouTube bot-block breaker is open
yt:B_sidJ4Nzks,youtube,continuous,"Deaf Connect Episode 2: ""Art That Communicates Through Hands""",https://www.youtube.com/watch?v=B_sidJ4Nzks,pending,1,skipped: YouTube bot-block breaker is open
yt:Bb9BNUXl1vw,youtube,continuous,วิชากฏหมายที่เกี่ยวข้องกับภาษามือ ตอน การให้บริการล่ามภาษามือ,https://www.youtube.com/watch?v=Bb9BNUXl1vw,pending,1,skipped: YouTube bot-block breaker is open
yt:BgEhPpzKh9I,youtube,continuous,ป้องกันไวรัสโคโรน่า,https://www.youtube.com/watch?v=BgEhPpzKh9I,pending,1,skipped: YouTube bot-block breaker is open
yt:Bja7IfXf-qA,youtube,continuous,จิ้งหรีด | เกษตร อีซี่,https://www.youtube.com/watch?v=Bja7IfXf-qA,pending,1,skipped: YouTube bot-block breaker is open
yt:BkAWNnoiHXI,youtube,continuous,"มิติใหม่ ! ""วราวุธ"" ควงล่ามภาษามือสัมภาษณ์ พร้อมดูแลสภาพจิตใจแรงงานไทย",https://www.youtube.com/watch?v=BkAWNnoiHXI,pending,1,skipped: YouTube bot-block breaker is open
yt:Bm33tevkjUM,youtube,continuous,dtac Call Center ภาษามือ โอกาสที่มีค่าสำหรับผู้พิการทางการได้ยิน,https://www.youtube.com/watch?v=Bm33tevkjUM,pending,1,skipped: YouTube bot-block breaker is open
yt:BmGjUYYzGcI,youtube,continuous,งานวันภาษามือโลก และงานสัปดาห์คนหูหนวกโลก,https://www.youtube.com/watch?v=BmGjUYYzGcI,pending,1,skipped: YouTube bot-block breaker is open
yt:BmmOY2MvHr4,youtube,continuous,น้ำป่าไหลหลาก #น้ำป่า | ไม่ตายหรอกเธอ,https://www.youtube.com/watch?v=BmmOY2MvHr4,pending,1,skipped: YouTube bot-block breaker is open
yt:C5n_x4eOOIk,youtube,continuous,"TTRS ขอแนะนำ ""บริการหูดีโทรหาหูหนวก""",https://www.youtube.com/watch?v=C5n_x4eOOIk,pending,1,skipped: YouTube bot-block breaker is open
yt:C9rfuIRBG-M,youtube,word,คุยกันวันเสาร์ / ฟอนต์ภาษามือ,https://www.youtube.com/watch?v=C9rfuIRBG-M,pending,1,skipped: YouTube bot-block breaker is open
yt:CCQS1Dll51Y,youtube,continuous,สธ.แถลงสถานการณ์โควิด-19 [ภาษามือ] (6 พ.ค. 63),https://www.youtube.com/watch?v=CCQS1Dll51Y,pending,1,skipped: YouTube bot-block breaker is open
yt:CD4ybyB0nWs,youtube,continuous,เวทีเพื่อนางงามหูหนวกและเพศหลากหลาย Miss Queen Deaf Thailand,https://www.youtube.com/watch?v=CD4ybyB0nWs,pending,1,skipped: YouTube bot-block breaker is open
yt:CEsJjVl1ihc,youtube,word,สะกดนิ้วมือ ข้าวต้มมัด,https://www.youtube.com/watch?v=CEsJjVl1ihc,pending,1,"ERROR: [youtube] CEsJjVl1ihc: Please sign in. Use --cookies-from-browser or --cookies for the authentication. See  https://github.com/yt-dlp/yt-dlp/wiki/FAQ#how-do-i-pass-cookies-to-yt-dlp  for how to manually pass cookies. Also see  https://github.com/yt-dlp/yt-dlp/wiki/Extractors#exporting-youtube-cookies  for tips on effectively exporting YouTube cookies
"
yt:CKN6LdKtT7o,youtube,continuous,Deaf Channel # 14 (6 ก.ค. 56),https://www.youtube.com/watch?v=CKN6LdKtT7o,pending,1,skipped: YouTube bot-block breaker is open
yt:CULj41x_vIw,youtube,sentence,ภาษามือไทยในชีวิตประจำวัน/หมวดกิริยาอาการ/ทิ้ง,https://www.youtube.com/watch?v=CULj41x_vIw,pending,1,skipped: YouTube bot-block breaker is open
yt:Cr5biwAQKB0,youtube,continuous,การใช้สิทธิหลักประกันสุขภาพแห่งชาติ กรณีเจ็บป่วยฉุกเฉินถึงแก่ชีวิต (วีดีโอแปลภาษามือ),https://www.youtube.com/watch?v=Cr5biwAQKB0,pending,1,skipped: YouTube bot-block breaker is open
yt:D5NNfWXmOUw,youtube,sentence,ภาษามือไทยในชีวิตประจำวัน/หมวดกิริยาอาการ/กลับบ้าน,https://www.youtube.com/watch?v=D5NNfWXmOUw,pending,1,skipped: YouTube bot-block breaker is open
yt:D5XAfSM-ylQ,youtube,word,Thai Sign Language1_06.mp4,https://www.youtube.com/watch?v=D5XAfSM-ylQ,pending,1,skipped: YouTube bot-block breaker is open
yt:DBqz55OwEU0,youtube,continuous,โรคภาวะสายตาสั้นเทียม,https://www.youtube.com/watch?v=DBqz55OwEU0,pending,1,skipped: YouTube bot-block breaker is open
yt:DDz9JkNyb3M,youtube,sentence,"การกล่าวทักทายด้วย ""ภาษามือ""",https://www.youtube.com/watch?v=DDz9JkNyb3M,pending,1,skipped: YouTube bot-block breaker is open
yt:DH_M4oxNSQ0,youtube,sentence,คนหูหนวกกับภาษามือในละคร | HIGHLIGHT เพื่อนกันคนพันธุ์D EP.18 | 10 ต.ค. 64 | one31,https://www.youtube.com/watch?v=DH_M4oxNSQ0,pending,1,skipped: YouTube bot-block breaker is open
yt:DMnyFDDPZIM,youtube,continuous,ไอเดียกระฉูด...มีล่ามภาษามือตลอดสัมภาษณ์  | เจาะลึกทั่วไป | 16 ต.ค. 66,https://www.youtube.com/watch?v=DMnyFDDPZIM,pending,1,skipped: YouTube bot-block breaker is open
yt:DY1Q5UVe1XY,youtube,continuous,เพลงของขวัญ - Musketeers ภาษามือ,https://www.youtube.com/watch?v=DY1Q5UVe1XY,pending,1,skipped: YouTube bot-block breaker is open
yt:D_SlNu53Dpg,youtube,continuous,สธ.แถลงสถานการณ์โควิด-19 [ภาษามือ] (29 พ.ค. 63),https://www.youtube.com/watch?v=D_SlNu53Dpg,pending,1,skipped: YouTube bot-block breaker is open
yt:Dcy_dDyxkSw,youtube,sentence,โรงแรม  คำศัพท์ภาษามือเกียวกับโรคโควิด 19  โรงเรียนโสตศึกษาจังหวัดขอนแก่น,https://www.youtube.com/watch?v=Dcy_dDyxkSw,pending,1,skipped: YouTube bot-block breaker is open
yt:DgAYDBCf3vo,youtube,continuous,แถลงสถานการณ์ COVID-19 โดย ศบค. [ภาษามือ] (12 พ.ค. 63),https://www.youtube.com/watch?v=DgAYDBCf3vo,pending,1,skipped: YouTube bot-block breaker is open
yt:DgRTwvp2LuA,youtube,continuous,ปรับเวลาปิดศูนย์ TTRS,https://www.youtube.com/watch?v=DgRTwvp2LuA,pending,1,skipped: YouTube bot-block breaker is open
yt:Dh6JWlubsxo,youtube,continuous,ตอนที 1 บริการจองล่ามภาษามือ,https://www.youtube.com/watch?v=Dh6JWlubsxo,pending,1,skipped: YouTube bot-block breaker is open
yt:DhuOeQxAM-Y,youtube,sentence,วีดีโอภาษามือสอนคนหูหนวกทำอาหาร ขนม เพื่อสร้างรายได้ ทำให้มีอาชีพ,https://www.youtube.com/watch?v=DhuOeQxAM-Y,pending,1,skipped: YouTube bot-block breaker is open
yt:DjKxr2Hc7wI,youtube,continuous,ใบไม้กินได้ ชบาเมเปิล | เกษตร อีซี่,https://www.youtube.com/watch?v=DjKxr2Hc7wI,pending,1,skipped: YouTube bot-block breaker is open
yt:DttUAo3M2SU,youtube,continuous,คำแนะนำสำหรับการใช้ชีวิตประจำวันในการป้องกันเชื้อไวรัส COVID - 19,https://www.youtube.com/watch?v=DttUAo3M2SU,pending,1,skipped: YouTube bot-block breaker is open
yt:E0S6PlW1Jic,youtube,continuous,คนหูหนวกทันข่าว ข่าวประจำวันที่ 12 มีนาคม 2567,https://www.youtube.com/watch?v=E0S6PlW1Jic,pending,1,skipped: YouTube bot-block breaker is open
yt:E0lHOBZmIqU,youtube,continuous,ต้นอ่อนข้าวสาลีเพื่อสุขภาพ l เกษตร อีซี่,https://www.youtube.com/watch?v=E0lHOBZmIqU,pending,1,skipped: YouTube bot-block breaker is open
yt:EFVcDds8dEk,youtube,continuous,ภาษามือคำศัพท์,https://www.youtube.com/watch?v=EFVcDds8dEk,pending,1,skipped: YouTube bot-block breaker is open
yt:ELAbyUUGvJ4,youtube,word,Thai Sign Language Top # 9 Facts,https://www.youtube.com/watch?v=ELAbyUUGvJ4,pending,1,skipped: YouTube bot-block breaker is open
yt:EN3LVuWpP3k,youtube,continuous,แบบข้อความออนไลน์บนอินเทอร์เน็ต,https://www.youtube.com/watch?v=EN3LVuWpP3k,pending,1,skipped: YouTube bot-block breaker is open
yt:EPmj7ZA1njk,youtube,continuous,แจ้งเหตุฉุกเฉิน,https://www.youtube.com/watch?v=EPmj7ZA1njk,pending,1,skipped: YouTube bot-block breaker is open
yt:EXOTAnfvkrY,youtube,sentence,ห้อง ICU คำศัพท์ภาษามือเกียวกับโรคโควิด 19  โรงเรียนโสตศึกษาจังหวัดขอนแก่น,https://www.youtube.com/watch?v=EXOTAnfvkrY,pending,1,skipped: YouTube bot-block breaker is open
yt:E_1spHLzwtc,youtube,continuous,Vlog : สอนภาษามือ -โรงภาพยนตร์,https://www.youtube.com/watch?v=E_1spHLzwtc,pending,1,skipped: YouTube bot-block breaker is open
yt:EdoPQArogiI,youtube,continuous,ภาษามือ ภาษากายสไตล์ญี่ปุ่น,https://www.youtube.com/watch?v=EdoPQArogiI,pending,1,skipped: YouTube bot-block breaker is open
yt:Ee0RWbhxdsk,youtube,continuous,วีดีทัศน์แนะนำสื่อวีดีทัศน์ชุดความรู้ล่ามภาษามือ,https://www.youtube.com/watch?v=Ee0RWbhxdsk,pending,1,skipped: YouTube bot-block breaker is open
yt:EhBw0KqGR-c,youtube,continuous,ข้อปฏิบัติก่อน-หลังฉีดวัคซีนโควิด-19,https://www.youtube.com/watch?v=EhBw0KqGR-c,pending,1,skipped: YouTube bot-block breaker is open
yt:Eu-eBGKYqRU,youtube,sentence,ลืมหรือยัง ? 7 วิธีป้องกันตัวเองให้ปลอดภัยจาก COVID -19 | พัชราภา เอ็นดู,https://www.youtube.com/watch?v=Eu-eBGKYqRU,pending,1,skipped: YouTube bot-block breaker is open
yt:EvkFSBI5rbw,youtube,continuous,สมาคมคนหูหนวก แห่งประเทศไทย Live Stream,https://www.youtube.com/watch?v=EvkFSBI5rbw,pending,1,skipped: YouTube bot-block breaker is open
yt:Eyb4phs3vGY,youtube,continuous,วิชากฏหมายที่เกี่ยวข้องกับภาษามือ ตอน การจดแจ้งเป็นล่ามภาษามือ,https://www.youtube.com/watch?v=Eyb4phs3vGY,pending,1,skipped: YouTube bot-block breaker is open
yt:EzGSIcz8S7M,youtube,word,Thai Sign Language | Wikipedia audio article,https://www.youtube.com/watch?v=EzGSIcz8S7M,pending,1,skipped: YouTube bot-block breaker is open
yt:F2o2eEsOFac,youtube,continuous,ภาษามือกับ คนหูหนวก  โดย ดร.บุษบา ตาไว,https://www.youtube.com/watch?v=F2o2eEsOFac,pending,1,skipped: YouTube bot-block breaker is open
yt:F3GDJWAm_BM,youtube,continuous,ช่วยด้วย!! ไฟไหม้ #BACKDRAFT | ไม่ตายหรอกเธอ,https://www.youtube.com/watch?v=F3GDJWAm_BM,pending,1,skipped: YouTube bot-block breaker is open
yt:F7DUb9FSF9s,youtube,sentence,สาขาวิชาการศึกษาของคนหูหนวก - ตั้งแต่เราเรียนอยู่ที่นี่ เราก็ได้เพื่อนเยอะแยะเลย,https://www.youtube.com/watch?v=F7DUb9FSF9s,pending,1,skipped: YouTube bot-block breaker is open
yt:F9p3N3ZEsaY,youtube,continuous,วิชาวัฒนธรรมคนหูหนวก ตอน คนหูหนวกกับล่ามภาษามือ,https://www.youtube.com/watch?v=F9p3N3ZEsaY,pending,1,skipped: YouTube bot-block breaker is open
yt:FBdBYLzDmBY,youtube,word,"Ep.1 ภาษามือ 20 ศัพท์ใคร่รู้ หมวดหมู่ ""ครอบครัว""",https://www.youtube.com/watch?v=FBdBYLzDmBY,pending,1,skipped: YouTube bot-block breaker is open
yt:FCodCNizCnI,youtube,continuous,เสวนา เรื่องมาตรฐานห้องปฏิบัติการ และค่ารักษาพยาบาลโควิด-19 [ภาษามือ] (17 มี.ค. 63),https://www.youtube.com/watch?v=FCodCNizCnI,pending,1,skipped: YouTube bot-block breaker is open
yt:FEMNfXrFyWQ,youtube,word,ภาษามือตัวเลข,https://www.youtube.com/watch?v=FEMNfXrFyWQ,pending,1,skipped: YouTube bot-block breaker is open
yt:FIVztOoboOU,youtube,continuous,ใช้แล้วทิ้งหน้ากากอนามัยอย่างไร ปลอดภัยจากโควิด-19,https://www.youtube.com/watch?v=FIVztOoboOU,pending,1,skipped: YouTube bot-block breaker is open
yt:FO7TrLG7AgQ,youtube,continuous,ล่ามภาษามือ...นักสื่อสารแห่งโลกเงียบ : ปัญญาของแผ่นดิน [by Mahidol Channel],https://www.youtube.com/watch?v=FO7TrLG7AgQ,pending,1,skipped: YouTube bot-block breaker is open
yt:Fdmn4WAHpe0,youtube,word,Thai sign language : Elephant ภาษามือในสวนสัตว์ ช้าง,https://www.youtube.com/watch?v=Fdmn4WAHpe0,pending,1,skipped: YouTube bot-block breaker is open
yt:FkWsoXebgt8,youtube,continuous,พระราชาในนิทาน + รูปที่มีทุกบ้าน (ภาษามือ) covered by Fascinating Four [by Mahidol],https://www.youtube.com/watch?v=FkWsoXebgt8,pending,1,skipped: YouTube bot-block breaker is open
yt:FuUHrLkc-aE,youtube,continuous,ไกลแค่ไหนคือใกล้ V.ภาษามือ,https://www.youtube.com/watch?v=FuUHrLkc-aE,pending,1,skipped: YouTube bot-block breaker is open
yt:FwVt76Wp8L4,youtube,continuous,"คำเทศนา ด้วยภาษามือ เรื่อง ""ไม่หยุดอธิษฐาน"" โดย ศจ.ดร.สุรศักดิ์ DrKerMinistry",https://www.youtube.com/watch?v=FwVt76Wp8L4,pending,1,skipped: YouTube bot-block breaker is open
yt:G0hVs-5yHIo,youtube,continuous,ศูนย์แถลงข่าวรัฐบาลฯ แถลงสถานการณ์โควิด-19 [ภาษามือ] (28 มี.ค. 63),https://www.youtube.com/watch?v=G0hVs-5yHIo,pending,1,skipped: YouTube bot-block breaker is open
yt:G5Q246Q-0eQ,youtube,word,ภาษามือพยัญชนะ,https://www.youtube.com/watch?v=G5Q246Q-0eQ,pending,1,skipped: YouTube bot-block breaker is open
yt:GDRFAsfGMvQ,youtube,continuous,RSMahidol_ภาษามือไทยวันละคำ: ครอบครัว,https://www.youtube.com/watch?v=GDRFAsfGMvQ,pending,1,skipped: YouTube bot-block breaker is open
yt:GJWDiB8Gmt0,youtube,continuous,โควิด ระลอกที่ 4 มาแล้ว,https://www.youtube.com/watch?v=GJWDiB8Gmt0,pending,1,skipped: YouTube bot-block breaker is open
yt:GO6XHM_TOQk,youtube,continuous,การบริหารงานของสมาคม,https://www.youtube.com/watch?v=GO6XHM_TOQk,pending,1,skipped: YouTube bot-block breaker is open
yt:GPcMw4RL9FM,youtube,sentence,การแสดงภาษามือในบทเพลง “พระมหาชนก” | Nakhon Pathom School for The Deaf | TEDxCharoenkrung,https://www.youtube.com/watch?v=GPcMw4RL9FM,pending,1,skipped: YouTube bot-block breaker is open
yt:GXWdV4hoxdg,youtube,continuous,โครงการฝึกอบรมล่ามภาษามือทางโทรทัศน์ EP.4,https://www.youtube.com/watch?v=GXWdV4hoxdg,pending,1,skipped: YouTube bot-block breaker is open
yt:GcM6PHpv6SA,youtube,continuous,TCAS 64 รอบ 1 แฟ้มสะสมผลงาน สาขาการศึกษาของคนหูหนวก วิทยาลัยราชสุดา,https://www.youtube.com/watch?v=GcM6PHpv6SA,pending,1,skipped: YouTube bot-block breaker is open
yt:GseFnlqCDKU,youtube,continuous,กัปตันใช้ภาษามือ ทำท่าให้ นทท.ใส่ชูชีพ | ข่าวช่อง8,https://www.youtube.com/watch?v=GseFnlqCDKU,pending,1,skipped: YouTube bot-block breaker is open
yt:Gt5gxkr2Q6U,youtube,continuous,นิทานเรื่อง ลากับตั๊กแตน(ภาษามือไทย),https://www.youtube.com/watch?v=Gt5gxkr2Q6U,pending,1,skipped: YouTube bot-block breaker is open
yt:GxkUYsI4zVk,youtube,continuous,วิชาจรรยาบรรณล่ามภาษามือ ตอน จรรยาบรรณสำหรับล่ามภาษามือ,https://www.youtube.com/watch?v=GxkUYsI4zVk,pending,1,skipped: YouTube bot-block breaker is open
yt:Gzd4vFn3oCY,youtube,word,Sign Language,https://www.youtube.com/watch?v=Gzd4vFn3oCY,pending,1,skipped: YouTube bot-block breaker is open
yt:H-yTSAx06lI,youtube,continuous,7 วิธีการจัดการศพของผู้ติดเชื้อโควิด 19,https://www.youtube.com/watch?v=H-yTSAx06lI,pending,1,skipped: YouTube bot-block breaker is open
yt:H2cJXd-qLTs,youtube,continuous,จอล่ามหูหนวก วันที่ 25 ตุลาคม 2565,https://www.youtube.com/watch?v=H2cJXd-qLTs,pending,1,skipped: YouTube bot-block breaker is open
yt:H4zPvmL-pNw,youtube,continuous,See Sign Song (เพลงภาษามือ) # เพลงหัวใจผูกกัน,https://www.youtube.com/watch?v=H4zPvmL-pNw,pending,1,skipped: YouTube bot-block breaker is open
yt:H7IKU0bB5NY,youtube,continuous,"ช่วง...NBT RECAP ""งานวันภาษามือโลกและสัปดาห์คนหูหนวกโลก 2568"" ข่าวค่ำ วันที่ 29 กันยายน 2568 #NBT2HD",https://www.youtube.com/watch?v=H7IKU0bB5NY,pending,1,skipped: YouTube bot-block breaker is open
yt:HB4IcnoMBxs,youtube,continuous,คำถามสุขภาพ สำหรับคนหูหนวก,https://www.youtube.com/watch?v=HB4IcnoMBxs,pending,1,skipped: YouTube bot-block breaker is open
yt:HHtUpZRgkFI,youtube,continuous,วิดีโอสาธิตการแจ้งเหตุฉุกเฉิน ตอนที่ 1 การช่วยฟื้นคืนชีพขั้นพื้นฐาน,https://www.youtube.com/watch?v=HHtUpZRgkFI,pending,1,skipped: YouTube bot-block breaker is open
yt:HNZc0X8BpW8,youtube,sentence,การแสดงพิธีเปิด งานภาษามือโลก และสัปดาห์คนหูหนวก โรงเรียนโสตศึกษาจังหวัดชลบุรี,https://www.youtube.com/watch?v=HNZc0X8BpW8,pending,1,skipped: YouTube bot-block breaker is open
yt:HQuGFkH7l0k,youtube,continuous,แถลงสถานการณ์ COVID-19 โดย ศบค. [ภาษามือ] (30 พ.ค. 63),https://www.youtube.com/watch?v=HQuGFkH7l0k,pending,1,skipped: YouTube bot-block breaker is open
yt:HVTV3eFTU1k,youtube,continuous,แถลงสถานการณ์ COVID-19 โดย ศบค. [ภาษามือ] (2 มิ.ย. 63),https://www.youtube.com/watch?v=HVTV3eFTU1k,pending,1,skipped: YouTube bot-block breaker is open
yt:HVhyUSud4hE,youtube,continuous,คนหูหนวกรู้ สู้โควิด Live | Ep.1 | วิกฤต Covid-19 หลายสายพันธุ์ไม่ง่าย ...แต่ยังป้องกันได้,https://www.youtube.com/watch?v=HVhyUSud4hE,pending,1,skipped: YouTube bot-block breaker is open
yt:HboKBQqbGso,youtube,word,การประกวดเล่าเรื่องภาษามือไทย ระดับชั้นมัธยมศึกษาปีที่ 3-4 :โรงเรียนโสตศึกษาจังหวัดนครปฐม,https://www.youtube.com/watch?v=HboKBQqbGso,pending,1,skipped: YouTube bot-block breaker is open
yt:HcTdjTQNCos,youtube,continuous,แถลงสถานการณ์ COVID-19 โดย ศบค. [ภาษามือ] (5 มิ.ย. 63),https://www.youtube.com/watch?v=HcTdjTQNCos,pending,1,skipped: YouTube bot-block breaker is open
yt:HhZdsBTS-pU,youtube,continuous,29-12-62 คนหูหนวก คนเดี๋ยวcilck 125i🏍🎅🎄โคกโพธิ์ไชย ขอนแก่น  ผมครับ,https://www.youtube.com/watch?v=HhZdsBTS-pU,pending,1,skipped: YouTube bot-block breaker is open
yt:HmiMUwSecFw,youtube,sentence,ประกวดเล่าเรื่องด้วยภาษามือไทย ระดับชั้นประถมศึกษาปีที่ ๓-๔ :โรงเรียนโสตศึกษาจังหวัดนครปฐม,https://www.youtube.com/watch?v=HmiMUwSecFw,pending,1,skipped: YouTube bot-block breaker is open
yt:Hr5UhbrNVk8,youtube,continuous,สธ.แถลงสถานการณ์โควิด-19 [ภาษามือ] (13 เม.ย. 63),https://www.youtube.com/watch?v=Hr5UhbrNVk8,pending,1,skipped: YouTube bot-block breaker is open
yt:HrFFMZVLdig,youtube,continuous,03.การใส่ ถอด ทิ้ง หน้ากากอนามัย (ภาษามือ),https://www.youtube.com/watch?v=HrFFMZVLdig,pending,1,skipped: YouTube bot-block breaker is open
yt:HzcJvWL8c6M,youtube,continuous,อำเภอพญาเม็งราย,https://www.youtube.com/watch?v=HzcJvWL8c6M,pending,1,skipped: YouTube bot-block breaker is open
yt:I010g2Hoo6Y,youtube,continuous,วิธีการดูจิต (มีภาษามือ),https://www.youtube.com/watch?v=I010g2Hoo6Y,pending,1,skipped: YouTube bot-block breaker is open
yt:I2bI2qc64FU,youtube,continuous,รายการ D มีดี Ep.5 - นับดาว คนหูหนวกผู้จัดประกวด Miss & Mister Deaf Thailand (ออกอากาศ 24 เม.ย. 64),https://www.youtube.com/watch?v=I2bI2qc64FU,pending,1,skipped: YouTube bot-block breaker is open
yt:I2g5fUoIvzA,youtube,continuous,Deaf Channel # 11 (15 มิ.ย.56),https://www.youtube.com/watch?v=I2g5fUoIvzA,pending,1,skipped: YouTube bot-block breaker is open
yt:I5CqNemDnPk,youtube,continuous,วิธีการใช้วิดีโอโฟน,https://www.youtube.com/watch?v=I5CqNemDnPk,pending,1,skipped: YouTube bot-block breaker is open
yt:I5f25TzZ3ZA,youtube,continuous,[Interview] ปากเสียงเพื่อคนหูหนวก ทนายผู้ใช้ภาษามือได้ หนึ่งเดียวในประเทศ!!,https://www.youtube.com/watch?v=I5f25TzZ3ZA,pending,1,skipped: YouTube bot-block breaker is open
yt:IBI0ZoAoXFo,youtube,continuous,สิทธิคนพิการ ลงทะเบียนอย่างไร? (วีดีโอแปลภาษามือ),https://www.youtube.com/watch?v=IBI0ZoAoXFo,pending,1,skipped: YouTube bot-block breaker is open
yt:IBmZBmTE0aU,youtube,word,How To Say Farang In Thai Sign Language,https://www.youtube.com/watch?v=IBmZBmTE0aU,pending,1,skipped: YouTube bot-block breaker is open
yt:IDc7F1Xtihg,youtube,continuous,งานสัปดาห์หูหนวกโลก 2560,https://www.youtube.com/watch?v=IDc7F1Xtihg,pending,1,skipped: YouTube bot-block breaker is open
yt:IGMhVwyJUlw,youtube,continuous,แนะนำเจ้าหน้าที่สมาชิกสัมพันธ์ TTRS,https://www.youtube.com/watch?v=IGMhVwyJUlw,pending,1,skipped: YouTube bot-block breaker is open
yt:INumYHEuLkk,youtube,continuous,ล่ามภาษามือ โหวต นายกฯ “พลเอกประยุทธ์ จันทร์โอชา,https://www.youtube.com/watch?v=INumYHEuLkk,pending,1,skipped: YouTube bot-block breaker is open
yt:IOF_-kLhvcw,youtube,continuous,ฐานที่ 12/15 โรคเท้าช้าง- สื่อวิดิทัศน์ภาษามือสำหรับคนหูหนวก,https://www.youtube.com/watch?v=IOF_-kLhvcw,pending,1,skipped: YouTube bot-block breaker is open
yt:IQWpFywhGz0,youtube,continuous,สธ.แถลงสถานการณ์โควิด-19 [ภาษามือ] (28 มี.ค. 63),https://www.youtube.com/watch?v=IQWpFywhGz0,pending,1,skipped: YouTube bot-block breaker is open
yt:ISTAzHnMel8,youtube,sentence,ภาษามือ สถานที่ ตอนที่ 2,https://www.youtube.com/watch?v=ISTAzHnMel8,pending,1,skipped: YouTube bot-block breaker is open
yt:IWXtv3MXGiY,youtube,continuous,ปลูกเมลอนกลางแจ้ง  l เกษตร อีซี่,https://www.youtube.com/watch?v=IWXtv3MXGiY,pending,1,skipped: YouTube bot-block breaker is open
yt:IZNAETVAdPw,youtube,sentence,12 ท่าพื้นฐานภาษามือในชีวิตประจำวัน,https://www.youtube.com/watch?v=IZNAETVAdPw,pending,1,skipped: YouTube bot-block breaker is open
yt:IgKU7yNxQWQ,youtube,continuous,อำเภอทองแสนขัน,https://www.youtube.com/watch?v=IgKU7yNxQWQ,pending,1,skipped: YouTube bot-block breaker is open
yt:Ih2iN9esDnw,youtube,continuous,Thai Deaf Talk # ช่อง 7 เริ่มมีจอล่าม 1 ม.ค. 56,https://www.youtube.com/watch?v=Ih2iN9esDnw,pending,1,"ERROR: [youtube] Ih2iN9esDnw: Sign in to confirm you’re not a bot. Use --cookies-from-browser or --cookies for the authentication. See  https://github.com/yt-dlp/yt-dlp/wiki/FAQ#how-do-i-pass-cookies-to-yt-dlp  for how to manually pass cookies. Also see  https://github.com/yt-dlp/yt-dlp/wiki/Extractors#exporting-youtube-cookies  for tips on effectively exporting YouTube cookies
"
yt:J1fV8biMxGY,youtube,continuous,"พบหมอรามาฯ – อยากตั้งครรภ์ในวัย 40+, ภาษามือต่อผู้ที่มีการสูญเสียการได้ยิน 07/09/63 l RAMA CHANNEL",https://www.youtube.com/watch?v=J1fV8biMxGY,pending,1,skipped: YouTube bot-block breaker is open
yt:J2qv-oikUEo,youtube,continuous,เตยหอม | เกษตร อีซี่,https://www.youtube.com/watch?v=J2qv-oikUEo,pending,1,skipped: YouTube bot-block breaker is open
yt:J4ZQy0veVPA,youtube,continuous,8 ขั้นตอนรับวัคซีนป้องกันโควิด,https://www.youtube.com/watch?v=J4ZQy0veVPA,pending,1,skipped: YouTube bot-block breaker is open
yt:J5sNwsRBsmU,youtube,sentence,วันวาเลนไทน์ บอกรักกันด้วยภาษามือ,https://www.youtube.com/watch?v=J5sNwsRBsmU,pending,1,skipped: YouTube bot-block breaker is open
yt:JR5xfjQKym8,youtube,continuous,"#ภาษามือ ""บุคคลการเมือง"" โดย สมาคมคนหูหนวกแห่งประเทศไทย | Thai PBS Big Sign ภาษามือใหญ่เต็มจอ",https://www.youtube.com/watch?v=JR5xfjQKym8,pending,1,skipped: YouTube bot-block breaker is open
yt:JSoVC5tqeXY,youtube,sentence,วัตถุ  คำศัพท์ภาษามือเกียวกับโรคโควิด 19 โรงเรียนโสตศึกษาจังหวัดขอนแก่น,https://www.youtube.com/watch?v=JSoVC5tqeXY,pending,1,skipped: YouTube bot-block breaker is open
yt:JUvwGwQbF3c,youtube,word,ภาษามือไทย_2_2,https://www.youtube.com/watch?v=JUvwGwQbF3c,pending,1,skipped: YouTube bot-block breaker is open
yt:JX0_mBdo3go,youtube,continuous,นิทานชาดก เรื่อง วานรเจ้าปัญญา ฉบับภาษามือ,https://www.youtube.com/watch?v=JX0_mBdo3go,pending,1,skipped: YouTube bot-block breaker is open
yt:Ja8pwEbYdAk,youtube,continuous,จมไม่กลัว กลัวไม่จม #รถจมน้ำ | ไม่ตายหรอกเธอ,https://www.youtube.com/watch?v=Ja8pwEbYdAk,pending,1,skipped: YouTube bot-block breaker is open
yt:JdQ16ug9Zs0,youtube,continuous,รายการรู้เรื่อง เมืองไทย ตอนล่ามภาษามือรุ่นใหม่,https://www.youtube.com/watch?v=JdQ16ug9Zs0,pending,1,skipped: YouTube bot-block breaker is open
yt:Jeilfy23fO4,youtube,continuous,สธ.แถลงสถานการณ์โควิด-19 [ภาษามือ] (19 มี.ค. 63),https://www.youtube.com/watch?v=Jeilfy23fO4,pending,1,skipped: YouTube bot-block breaker is open
yt:JfjkX-ogJeE,youtube,continuous,โจรปล้นบ้าน #ป้องกันการโดนจารกรรม | ไม่ตายหรอกเธอ,https://www.youtube.com/watch?v=JfjkX-ogJeE,pending,1,skipped: YouTube bot-block breaker is open
yt:JjOiAy0fXlU,youtube,continuous,เพลงภาษามือ : พระราชาในนิทาน รูปที่มีทุกบ้าน,https://www.youtube.com/watch?v=JjOiAy0fXlU,pending,1,skipped: YouTube bot-block breaker is open
yt:JqBZBY564ME,youtube,continuous,ถนนสายนี้ข้าจอง #ทะเลาะวิวาทบนท้องถนน | ไม่ตายหรอกเธอ,https://www.youtube.com/watch?v=JqBZBY564ME,pending,1,skipped: YouTube bot-block breaker is open
yt:JqHxb6gMUzM,youtube,continuous,ครั้งแรกของโลก! 'พุทธวัจน'ภาษามือ,https://www.youtube.com/watch?v=JqHxb6gMUzM,pending,1,skipped: YouTube bot-block breaker is open
yt:JsPv-0OGF74,youtube,continuous,แถลงสถานการณ์ COVID-19 โดย ศบค. [ภาษามือ] (1 พ.ค. 63),https://www.youtube.com/watch?v=JsPv-0OGF74,pending,1,skipped: YouTube bot-block breaker is open
yt:JwY9AejhHX8,youtube,word,Thai Sign Language1_13.mp4,https://www.youtube.com/watch?v=JwY9AejhHX8,pending,1,skipped: YouTube bot-block breaker is open
yt:K-S9ahHdcAM,youtube,word,Thai Sign Language1_08.mp4,https://www.youtube.com/watch?v=K-S9ahHdcAM,pending,1,skipped: YouTube bot-block breaker is open
yt:K0aSFBZIXkw,youtube,continuous,ฐานที่ 4/15 มะเร็งปอด - สื่อวิดิทัศน์ภาษามือสำหรับคนหูหนวก,https://www.youtube.com/watch?v=K0aSFBZIXkw,pending,1,skipped: YouTube bot-block breaker is open
yt:K4QNgrobRJ4,youtube,sentence,โรงภาพยนต์  คำศัพท์ภาษามือเกียวกับโรคโควิด 19  โรงเรียนโสตศึกษาจังหวัดขอนแก่น,https://www.youtube.com/watch?v=K4QNgrobRJ4,pending,1,skipped: YouTube bot-block breaker is open
yt:K5cxjf_5jS8,youtube,continuous,RSMahidol_ภาษามือไทยวันละคำ: มหาวิทยาลัย,https://www.youtube.com/watch?v=K5cxjf_5jS8,pending,1,skipped: YouTube bot-block breaker is open
yt:KM1Rl0L-Ep4,youtube,continuous,วิชาความรู้เกี่ยวกับล่ามภาษามือ ตอน ล่ามภาษามือ,https://www.youtube.com/watch?v=KM1Rl0L-Ep4,pending,1,skipped: YouTube bot-block breaker is open
yt:KPGeDdv7osw,youtube,continuous,เพื่อนคนหูหนวกที่ทำงานส่งอาหาร,https://www.youtube.com/watch?v=KPGeDdv7osw,pending,1,skipped: YouTube bot-block breaker is open
yt:KRGbrSR5CDA,youtube,continuous,เราต้องรอด #COVID 19 | ไม่ตายหรอกเธอ,https://www.youtube.com/watch?v=KRGbrSR5CDA,pending,1,skipped: YouTube bot-block breaker is open
yt:KS_kt1WtEmg,youtube,continuous,การล้างมือที่ถูกวิธี เพื่อป้องกันตนเองจากการติดเชื้อไวรัส COVID-19 ฉบับภาษามือไทย,https://www.youtube.com/watch?v=KS_kt1WtEmg,pending,1,skipped: YouTube bot-block breaker is open
yt:KYUWe2zEWPc,youtube,word,EP.7 วันแม่แห่งชาติ,https://www.youtube.com/watch?v=KYUWe2zEWPc,pending,1,skipped: YouTube bot-block breaker is open
yt:KhDD23-SgBQ,youtube,word,ภาษามือ ASL ตอนที่ 1,https://www.youtube.com/watch?v=KhDD23-SgBQ,pending,1,skipped: YouTube bot-block breaker is open
yt:KiIEpqEvWnI,youtube,continuous,Deaf Channel #38 (21 ธ.ค.56)_2/2,https://www.youtube.com/watch?v=KiIEpqEvWnI,pending,1,skipped: YouTube bot-block breaker is open
yt:KowVoSgA69U,youtube,word,ASL Presentation (Thailand),https://www.youtube.com/watch?v=KowVoSgA69U,pending,1,skipped: YouTube bot-block breaker is open
yt:KxPpz4fsRpA,youtube,continuous,สถานที่เสี่ยงที่อาจจะทำให้ติดโควิด-19 ได้,https://www.youtube.com/watch?v=KxPpz4fsRpA,pending,1,skipped: YouTube bot-block breaker is open
yt:L1xka9KmIF4,youtube,continuous,23.11.2025 : บทเทศน์ โดย บาทหลวงเปโตร ภูรวัติ ศีราอริย (คุณพ่อไข่ดาว) #พิธีบูชาขอบพระคุณภาษามือไทย,https://www.youtube.com/watch?v=L1xka9KmIF4,pending,1,skipped: YouTube bot-block breaker is open
yt:LEkY8RUl5OY,youtube,continuous,แถลงสถานการณ์ COVID-19 โดย ศบค. (20 ต.ค. 64),https://www.youtube.com/watch?v=LEkY8RUl5OY,pending,1,skipped: YouTube bot-block breaker is open
yt:LMA7-7lr2R8,youtube,sentence,สื่อสารเรื่องสุขภาพด้วยภาษามือไทย  : โรงเรียนโสตศึกษาจังหวัดนครปฐม,https://www.youtube.com/watch?v=LMA7-7lr2R8,pending,1,skipped: YouTube bot-block breaker is open
yt:LTMuaqAsUCo,youtube,continuous,ยินดี (Special version) | Sarah salola Ost.มาตาลดา (sign language),https://www.youtube.com/watch?v=LTMuaqAsUCo,pending,1,skipped: YouTube bot-block breaker is open
yt:LfJnCSsc9Yg,youtube,continuous,แจ้งรายการที่มีบริการสำหรับคนพิการ - ล่ามภาษามือ,https://www.youtube.com/watch?v=LfJnCSsc9Yg,pending,1,skipped: YouTube bot-block breaker is open
yt:LvLgxc6XLkE,youtube,continuous,ต้นอ่อนผักบุ้ง | เกษตร อีซี่,https://www.youtube.com/watch?v=LvLgxc6XLkE,pending,1,skipped: YouTube bot-block breaker is open
yt:LzKGpr58EYQ,youtube,continuous,หลงป่า #วิธีเอาตัวรอดในป่า | ไม่ตายหรอกเธอ,https://www.youtube.com/watch?v=LzKGpr58EYQ,pending,1,skipped: YouTube bot-block breaker is open
yt:M5_T_4T-tDk,youtube,continuous,สธ.แถลงสถานการณ์โควิด-19 [ภาษามือ] (18 มี.ค. 63),https://www.youtube.com/watch?v=M5_T_4T-tDk,pending,1,skipped: YouTube bot-block breaker is open
yt:M6AZASrpo4Y,youtube,continuous,Ep.7 บทเทศน์ : บาทหลวงเปโตร ภูรวัติ ศีราอริย (คพ.ไข่ดาว) #พิธีบูชาขอบพระคุณภาษามือไทย 11.01.2026,https://www.youtube.com/watch?v=M6AZASrpo4Y,pending,1,skipped: YouTube bot-block breaker is open
yt:M6d7FmRAFBQ,youtube,continuous,นิทานชาดก เรื่อง วานรเจ้าปัญญา ฉบับภาษามือ,https://www.youtube.com/watch?v=M6d7FmRAFBQ,pending,1,skipped: YouTube bot-block breaker is open
yt:MEYYuA2D5wA,youtube,word,สะกดนิ้วมือ แช่น้ำ,https://www.youtube.com/watch?v=MEYYuA2D5wA,pending,1,"ERROR: [youtube] MEYYuA2D5wA: Please sign in. Use --cookies-from-browser or --cookies for the authentication. See  https://github.com/yt-dlp/yt-dlp/wiki/FAQ#how-do-i-pass-cookies-to-yt-dlp  for how to manually pass cookies. Also see  https://github.com/yt-dlp/yt-dlp/wiki/Extractors#exporting-youtube-cookies  for tips on effectively exporting YouTube cookies
"
yt:MLUGN-A10FY,youtube,word,สื่อการเรียนการสอนภาษามือไทย,https://www.youtube.com/watch?v=MLUGN-A10FY,pending,1,skipped: YouTube bot-block breaker is open
yt:MUJFPOa3BBk,youtube,sentence,ภาษามือง่ายง่าย EP01 ไปกินข้าวด้วยกันมั้ย,https://www.youtube.com/watch?v=MUJFPOa3BBk,pending,1,skipped: YouTube bot-block breaker is open
yt:MUTD-CH6B8o,youtube,continuous,ล่ามภาษามือ นักแปล(มุมจอ) สร้างเงินครึ่งล้าน/เดือน | Business 2X,https://www.youtube.com/watch?v=MUTD-CH6B8o,pending,1,skipped: YouTube bot-block breaker is open
yt:MaQ9oVe1-cg,youtube,continuous,วงจรกระแสจิต( มีภาษามือ),https://www.youtube.com/watch?v=MaQ9oVe1-cg,pending,1,skipped: YouTube bot-block breaker is open
yt:MfzbtDLyGHs,youtube,continuous,ทีมผู้ประกาศข่าว-ล่ามภาษามือ-ผู้สื่อข่าว ช่อง 7HD เข้ารับรางวัล พระพิฆเณศวร์,https://www.youtube.com/watch?v=MfzbtDLyGHs,pending,1,skipped: YouTube bot-block breaker is open
yt:MlKlmVo3yYk,youtube,continuous,แจ๋ว | สร้างโอกาส ให้กำลังใจ บริการล่ามภาษามือ ผู้ช่วยสำหรับคนพิการ | 31-01-61 | Ch3Thailand,https://www.youtube.com/watch?v=MlKlmVo3yYk,pending,1,skipped: YouTube bot-block breaker is open
yt:MmDCkXtXGQo,youtube,continuous,ถาม-ตอบ ความเสี่ยงของผู้มีประวัติสัมผัสไวรัสโคโรน่า,https://www.youtube.com/watch?v=MmDCkXtXGQo,pending,1,skipped: YouTube bot-block breaker is open
yt:MnYH81Dli6Y,youtube,continuous,[ภาษามือ] 20.15-21.15 น. #DramaForAll เรื่อง ลิเก 100 ล้านวิว ตอนที่ 1 (28 ส.ค.64),https://www.youtube.com/watch?v=MnYH81Dli6Y,pending,1,skipped: YouTube bot-block breaker is open
yt:Mp_QVtPXUsA,youtube,word,Wildfire (Thai Sign language),https://www.youtube.com/watch?v=Mp_QVtPXUsA,pending,1,skipped: YouTube bot-block breaker is open
yt:MqEYxz9CGQg,youtube,continuous,(มีล่ามภาษามือ) | EP.26 | ทราบหรือไม่? อาชีพ...ที่คนพิการทางการได้ยินอยากทำ และอาชีพใดที่เป็นไปได้,https://www.youtube.com/watch?v=MqEYxz9CGQg,pending,1,skipped: YouTube bot-block breaker is open
yt:MreVVT-F_fY,youtube,continuous,LEKBANK​ SMILE​ Ep.3 การแลกเปลี่ยนเรียนรู้ภาษามือ​ประเทศ​ไทย​🇹🇭​&ประเทศ​ภูฏาน​🇧🇹​,https://www.youtube.com/watch?v=MreVVT-F_fY,pending,1,skipped: YouTube bot-block breaker is open
yt:Mrod4Km0GcE,youtube,continuous,รายการขยายข่าว ตอน ล่ามภาษามืออาชีพที่ขาดแคลน,https://www.youtube.com/watch?v=Mrod4Km0GcE,pending,1,skipped: YouTube bot-block breaker is open
yt:MtWC3nsy-hM,youtube,continuous,สมาคมคนหูหนวกแห่งประเทศไทย ร่วมเชิญชวนคนพิการออกมาเลือกตั้ง,https://www.youtube.com/watch?v=MtWC3nsy-hM,pending,1,skipped: YouTube bot-block breaker is open
yt:MvjGNl7p4LQ,youtube,continuous,พาเพื่อนเที่ยว (รายการเพื่อคนหูหนวก ทดลองผลิตโดยนักศึกษา ม.ธุรกิจบัณฑิตย์),https://www.youtube.com/watch?v=MvjGNl7p4LQ,pending,1,skipped: YouTube bot-block breaker is open
yt:MxMFdf8cezE,youtube,continuous,รายการ1479 วาไรตี้ : ตอน สิทธิการใช้ล่ามภาษามือสำหรับคนพิการ/ช่วงสาระนารู้/EP02,https://www.youtube.com/watch?v=MxMFdf8cezE,pending,1,skipped: YouTube bot-block breaker is open
yt:MylUx6D4Bg8,youtube,sentence,คนหูหนวกรู้สู้โควิด@โสตศึกษา จ.ตาก,https://www.youtube.com/watch?v=MylUx6D4Bg8,pending,1,skipped: YouTube bot-block breaker is open
yt:N1wD3rMQZjs,youtube,continuous,เล็ก ๆ เปลี่ยนโลก [by Mahidol] มือน้อยเล่าเรื่อง - โครงการประกวดการเล่าเรื่องด้วยภาษามือ,https://www.youtube.com/watch?v=N1wD3rMQZjs,pending,1,skipped: YouTube bot-block breaker is open
yt:N4uwID4bpr0,youtube,continuous,ฉีดวัคซีนแล้ว “ไม่ได้แปลว่า ไม่ติดเชื้อ” แต่ป้องกันการเสียชีวิต และป่วยรุนแรงได้,https://www.youtube.com/watch?v=N4uwID4bpr0,pending,1,skipped: YouTube bot-block breaker is open
yt:N9ehXakXw7Q,youtube,continuous,(มีล่ามภาษามือ) | EP.21 | เครื่องช่วยฟัง…เหมาะกับคนพิการทางการได้ยินแบบไหน?,https://www.youtube.com/watch?v=N9ehXakXw7Q,pending,1,skipped: YouTube bot-block breaker is open
yt:NCiCrx3cyCE,youtube,continuous,"Heroชุมชน ตอนที่15 ""สื่อภาษามือ""(1/2)",https://www.youtube.com/watch?v=NCiCrx3cyCE,pending,1,skipped: YouTube bot-block breaker is open
yt:NFdmXVK50aI,youtube,continuous,Deaf Channel #33 (16 พ.ย. 56),https://www.youtube.com/watch?v=NFdmXVK50aI,pending,1,skipped: YouTube bot-block breaker is open
yt:NGLSJovcU9w,youtube,continuous,ม่อน เพลงรบ ล่ามภาษามือ กาย สวิตต์ ผู้ประกาศข่าวช่อง7HD,https://www.youtube.com/watch?v=NGLSJovcU9w,pending,1,skipped: YouTube bot-block breaker is open
yt:NHVSoB6nWxk,youtube,continuous,ทำโบว์ดำ พร้อมล่ามภาษามือ,https://www.youtube.com/watch?v=NHVSoB6nWxk,pending,1,skipped: YouTube bot-block breaker is open
yt:NIsM2fxMHxY,youtube,sentence,พลเมือง D (Deaf Citizen) ตอนที่ 7 เล่าเรื่องด้วยภาษามือไทย (ออกอากาศ 20 ก.ย.58),https://www.youtube.com/watch?v=NIsM2fxMHxY,pending,1,skipped: YouTube bot-block breaker is open
yt:NJZZZNGRbiU,youtube,continuous,Ep.500 | บทเทศน์ : บาทหลวงเปโตร ภูรวัติ ศีราอริย(คพ.ไข่ดาว | 06.10.2024 #พิธีบูชาขอบพระคุณภาษามือไทย,https://www.youtube.com/watch?v=NJZZZNGRbiU,pending,1,skipped: YouTube bot-block breaker is open
yt:NOPSwgNjKlw,youtube,sentence,เรื่อง งานวันภาษามือโลก และงานสัปดาห์​หูหนวกโลก ประจำปี 2566,https://www.youtube.com/watch?v=NOPSwgNjKlw,pending,1,skipped: YouTube bot-block breaker is open
yt:NQiX3QstXpA,youtube,continuous,วันพืชมงคล,https://www.youtube.com/watch?v=NQiX3QstXpA,pending,1,skipped: YouTube bot-block breaker is open
yt:NdGb3D0E4Uw,youtube,continuous,การดูแลสุขภาพตัวเองเบื้องต้น ป้องกันโควิด-19 | จักรพงษ์ ขุมเงิน,https://www.youtube.com/watch?v=NdGb3D0E4Uw,pending,1,skipped: YouTube bot-block breaker is open
yt:NerQlxpWsh0,youtube,continuous,ครั้งแรกที่คุณจะได้ยินเสียง ล่ามภาษามือสภาฯ,https://www.youtube.com/watch?v=NerQlxpWsh0,pending,1,"ERROR: [youtube] NerQlxpWsh0: Sign in to confirm you’re not a bot. Use --cookies-from-browser or --cookies for the authentication. See  https://github.com/yt-dlp/yt-dlp/wiki/FAQ#how-do-i-pass-cookies-to-yt-dlp  for how to manually pass cookies. Also see  https://github.com/yt-dlp/yt-dlp/wiki/Extractors#exporting-youtube-cookies  for tips on effectively exporting YouTube cookies
"
yt:OGaPiwGUIvo,youtube,continuous,รายการส่งเสริมสุขภาพสำหรับบุคคลที่มีความบกพร่องทางการได้ยิน รุ่นใหญ่ไกลโรค ตอน หูตึงในผู้สูงอายุ,https://www.youtube.com/watch?v=OGaPiwGUIvo,pending,1,skipped: YouTube bot-block breaker is open
yt:OLkavpL9YBw,youtube,continuous,"ฟังคำเทศนาล่ามภาษามือ หัวข้อ ""การรักษาและพัฒนาชีวิตให้เติบโต ในความสัมพันธ์กับพระเจ้าอย่างต่อเนื่อง”",https://www.youtube.com/watch?v=OLkavpL9YBw,pending,1,skipped: YouTube bot-block breaker is open
yt:OYWYWMdh6LY,youtube,continuous,รายการยิ้มสู้ #EP 13 หัวใจไม่ไร้เสียง,https://www.youtube.com/watch?v=OYWYWMdh6LY,pending,1,skipped: YouTube bot-block breaker is open
yt:OaBPUu39-Hc,youtube,continuous,การเลี้ยงหมูดำหลุม | เกษตร อีซี่,https://www.youtube.com/watch?v=OaBPUu39-Hc,pending,1,skipped: YouTube bot-block breaker is open
yt:Oe5Heq03_Ds,youtube,continuous,สธ.แถลงสถานการณ์โควิด-19 บริการล่ามภาษามือ (8 มี.ค. 63),https://www.youtube.com/watch?v=Oe5Heq03_Ds,pending,1,skipped: YouTube bot-block breaker is open
yt:Olkts_pycwE,youtube,continuous,สธ.แถลงสถานการณ์โควิด-19 บริการล่ามภาษามือ (9 มี.ค. 63),https://www.youtube.com/watch?v=Olkts_pycwE,pending,1,skipped: YouTube bot-block breaker is open
yt:OwVeqP0Csfo,youtube,word,ภาษามือไทย-หมวดสัตว์-ปลาวาฬ,https://www.youtube.com/watch?v=OwVeqP0Csfo,pending,1,skipped: YouTube bot-block breaker is open
yt:PISOlgomQD8,youtube,continuous,"รายการส่งเสริมสุขภาพสำหรับบุคคลที่มีความบกพร่องทางการได้ยิน รุ่นใหญ่ไกลโรค ตอน  ""โรคภูมิแพ้""",https://www.youtube.com/watch?v=PISOlgomQD8,pending,1,skipped: YouTube bot-block breaker is open
yt:PUs063QpNkA,youtube,continuous,ภาษามือ ศีล5,https://www.youtube.com/watch?v=PUs063QpNkA,pending,1,skipped: YouTube bot-block breaker is open
yt:Ppw_7odgRu8,youtube,continuous,ล่ามภาษามือทางการแพทย์_010ทิพวรรณ บุญจันทร์,https://www.youtube.com/watch?v=Ppw_7odgRu8,pending,1,skipped: YouTube bot-block breaker is open
yt:PxhfeiR9dLc,youtube,continuous,ตอนที่ ๓/๔ แนวทางการปฏิบัติธรรมในพระพุทธศาสนา (ภาษามือสำหรับคนหูหนวก),https://www.youtube.com/watch?v=PxhfeiR9dLc,pending,1,skipped: YouTube bot-block breaker is open
yt:Py3GdDswARI,youtube,sentence,น้ำลาย  คำศัพท์ภาษามือเกียวกับโรคโควิด 19  โรงเรียนโสตศึกษาจังหวัดขอนแก่น,https://www.youtube.com/watch?v=Py3GdDswARI,pending,1,skipped: YouTube bot-block breaker is open
yt:Q6g_8MaBtUk,youtube,continuous,ชีวิตจริงไม่เหมือนในหนัง #ก่อการร้าย | ไม่ตายหรอกเธอ,https://www.youtube.com/watch?v=Q6g_8MaBtUk,pending,1,skipped: YouTube bot-block breaker is open
yt:Q7kUmb54GMA,youtube,continuous,คนหูหนวกรู้ สู้โควิด  | Ep.6 | คำแนะนำเกี่ยวกับสุขภาพจิตในช่วงโควิด-19,https://www.youtube.com/watch?v=Q7kUmb54GMA,pending,1,skipped: YouTube bot-block breaker is open
yt:Q9bftsEP6F0,youtube,continuous,แถลงสถานการณ์ COVID-19 โดย ศบค. [ภาษามือ] (12 มิ.ย. 63),https://www.youtube.com/watch?v=Q9bftsEP6F0,pending,1,skipped: YouTube bot-block breaker is open
yt:QAA6KpKQ_EU,youtube,word,การนับเลข 1-10 ด้วยภาษามือ,https://www.youtube.com/watch?v=QAA6KpKQ_EU,pending,1,skipped: YouTube bot-block breaker is open
yt:QEl3IKP0MOE,youtube,continuous,ร้านกาแฟเปิดใหม่ คาเฟ่ภาษามือ เชียงใหม่ | YoschaBee​,https://www.youtube.com/watch?v=QEl3IKP0MOE,pending,1,skipped: YouTube bot-block breaker is open
yt:QG6Ma687wK8,youtube,continuous,ttrs01.flv,https://www.youtube.com/watch?v=QG6Ma687wK8,pending,1,skipped: YouTube bot-block breaker is open
yt:QJej7NER8qE,youtube,continuous,ฐานที่ 6/15 ซีอุย- สื่อวิดิทัศน์ภาษามือสำหรับคนหูหนวก,https://www.youtube.com/watch?v=QJej7NER8qE,pending,1,skipped: YouTube bot-block breaker is open
yt:QPq6tD54wJ0,youtube,continuous,นิทาน ภาษามือ วอลดอร์ฟ เรื่อง ตัวเรา | ครูเติ้ล,https://www.youtube.com/watch?v=QPq6tD54wJ0,pending,1,skipped: YouTube bot-block breaker is open
yt:QSxPCYVpB9k,youtube,continuous,ภาษามือ ประเทศ โดย ดร.บุษบา ตาไว,https://www.youtube.com/watch?v=QSxPCYVpB9k,pending,1,skipped: YouTube bot-block breaker is open
yt:QUMXofCtM_c,youtube,continuous,นิทานภาษามือ เรื่อง ราชสีห์กับหนู,https://www.youtube.com/watch?v=QUMXofCtM_c,pending,1,skipped: YouTube bot-block breaker is open
yt:QXBFUHfCZK8,youtube,continuous,สธ.แถลงสถานการณ์โควิด-19 [ภาษามือ] (12 เม.ย. 63),https://www.youtube.com/watch?v=QXBFUHfCZK8,pending,1,skipped: YouTube bot-block breaker is open
yt:R-YgN8xuBI0,youtube,continuous,การดูแลสุขภาพปากและฟัน ( มีล่ามแปลภาษามือ ),https://www.youtube.com/watch?v=R-YgN8xuBI0,pending,1,skipped: YouTube bot-block breaker is open
yt:RD1uRcRTyNY,youtube,continuous,สัตว์ร้ายเข้าบ้าน #แขกไม่ได้รับเชิญ | ไม่ตายหรอกเธอ,https://www.youtube.com/watch?v=RD1uRcRTyNY,pending,1,skipped: YouTube bot-block breaker is open
yt:REOVgNmWnHM,youtube,continuous,เดินห้างอย่างไร ปลอดภัยจากโควิด-19,https://www.youtube.com/watch?v=REOVgNmWnHM,pending,1,skipped: YouTube bot-block breaker is open
yt:RO60JZ2fKYo,youtube,continuous,06/01/2020.  ภาษามือไทย...ความรู้เรียนรู้ภาษามือ (TSL ),https://www.youtube.com/watch?v=RO60JZ2fKYo,pending,1,skipped: YouTube bot-block breaker is open
yt:RRO9YKuuFSo,youtube,continuous,ทีมผู้ประกาศข่าว-ล่ามภาษามือ-ผู้สื่อข่าว ช่อง 7HD เข้ารับรางวัล พระพิฆเณศวร์,https://www.youtube.com/watch?v=RRO9YKuuFSo,pending,1,skipped: YouTube bot-block breaker is open
yt:ReWdDd9WVPU,youtube,word,"ภาษามือไทยขั้นพื้นฐาน ""ตัวเลข""",https://www.youtube.com/watch?v=ReWdDd9WVPU,pending,1,skipped: YouTube bot-block breaker is open
yt:RepUYKxBxgc,youtube,word,ตั้งชื่อภาษามือกันค่ะ ✌️✌️👍👍 @signlanguage591,https://www.youtube.com/watch?v=RepUYKxBxgc,pending,1,skipped: YouTube bot-block breaker is open
yt:RjL5IIXra0k,youtube,word,ภาษามือครอบครัว,https://www.youtube.com/watch?v=RjL5IIXra0k,pending,1,skipped: YouTube bot-block breaker is open
yt:RnJ8wtvbcfo,youtube,word,ภาษามืออย่างง่าย (การนับเลข) // ครูนกเอี้ยง EP. 1,https://www.youtube.com/watch?v=RnJ8wtvbcfo,pending,1,skipped: YouTube bot-block breaker is open
yt:Ro1cY7wbkOE,youtube,continuous,เชิญชวนสนับสนุนทีฟุตบอลคนหูหนวกจังหวัดปทุมธานี,https://www.youtube.com/watch?v=Ro1cY7wbkOE,pending,1,skipped: YouTube bot-block breaker is open
yt:Ro9hIGp-bzA,youtube,sentence,รู้จัก ป้องกัน ปลอดภัยจากไวรัสโควิด-19 | ศศิภาส์ บุณยเพ็ญ,https://www.youtube.com/watch?v=Ro9hIGp-bzA,pending,1,skipped: YouTube bot-block breaker is open
yt:RpO9Kyg6kOw,youtube,sentence,อาบน้ำ สะกดคำ ภาษามือ,https://www.youtube.com/watch?v=RpO9Kyg6kOw,pending,1,skipped: YouTube bot-block breaker is open
yt:S1e-29ItOFE,youtube,sentence,RSMahidol_การประกวดการเล่าเรื่องด้วยภาษามือไทยฯ ครั้งที่ 12,https://www.youtube.com/watch?v=S1e-29ItOFE,pending,1,skipped: YouTube bot-block breaker is open
yt:S3KesNn01JQ,youtube,continuous,แถลงสถานการณ์ COVID-19 โดย ศบค. [ภาษามือ] (26 เม.ย. 63),https://www.youtube.com/watch?v=S3KesNn01JQ,pending,1,skipped: YouTube bot-block breaker is open
yt:S7JstJ8jzSg,youtube,continuous,7 โรคเรื้อรังควรรีบลงทะเบียนรับวัคซีนป้องกันโควิด,https://www.youtube.com/watch?v=S7JstJ8jzSg,pending,1,skipped: YouTube bot-block breaker is open
yt:S9qA_LPyRO8,youtube,continuous,เรียนภาษามือ ล่ามภาษามือ นักศึกษาล่าม มหิดล คณะแพทยศาสตร์โรงพยาบาลรามาธิบดี สถาบันราชสุดา Vlog MU,https://www.youtube.com/watch?v=S9qA_LPyRO8,pending,1,skipped: YouTube bot-block breaker is open
yt:SDCJCivgPIM,youtube,word,โครงการอบรมภาษามือไทยระดับพื้นฐาน เพื่อการสื่อสารกับคนหูหนวก,https://www.youtube.com/watch?v=SDCJCivgPIM,pending,1,skipped: YouTube bot-block breaker is open
yt:SL_aIePeBWI,youtube,continuous,ลมหายใจ #มลพิษทางอากาศ | ไม่ตายหรอกเธอ,https://www.youtube.com/watch?v=SL_aIePeBWI,pending,1,skipped: YouTube bot-block breaker is open
yt:SMtcjb8ztv0,youtube,sentence,โรงพยาบาลส่งเสริมสุขภาพประจำตำบล  คำศัพท์ภาษามือเกียวกับโรคโควิด 19  โรงเรียนโสตศึกษาจังหวัดขอนแก่น,https://www.youtube.com/watch?v=SMtcjb8ztv0,pending,1,skipped: YouTube bot-block breaker is open
yt:SUYRfl6s-SA,youtube,continuous,ตอน กฎหมายที่เกี่ยวข้องกับล่ามภาษามือและคณะอนุกรรมการส่งเสริมและพัฒนาล่ามภาษามือ,https://www.youtube.com/watch?v=SUYRfl6s-SA,pending,1,skipped: YouTube bot-block breaker is open
yt:SXfYQe1EXpI,youtube,word,"ภาษามือไทยในชีวิตประจำวัน/หมวดสี,กลิ่น,รส/สีเทา",https://www.youtube.com/watch?v=SXfYQe1EXpI,pending,1,skipped: YouTube bot-block breaker is open
yt:SZmkq-N0SG0,youtube,continuous,วิธีการแนะนำบริการของล่ามภาษามือ TTRS,https://www.youtube.com/watch?v=SZmkq-N0SG0,pending,1,skipped: YouTube bot-block breaker is open
yt:S_DWYTcVwg4,youtube,sentence,ภาษามือ 14 ประโยค บอกรัก,https://www.youtube.com/watch?v=S_DWYTcVwg4,pending,1,"ERROR: [youtube] S_DWYTcVwg4: Please sign in. Use --cookies-from-browser or --cookies for the authentication. See  https://github.com/yt-dlp/yt-dlp/wiki/FAQ#how-do-i-pass-cookies-to-yt-dlp  for how to manually pass cookies. Also see  https://github.com/yt-dlp/yt-dlp/wiki/Extractors#exporting-youtube-cookies  for tips on effectively exporting YouTube cookies
"
yt:Seexwnx4TrA,youtube,continuous,อย่าเสียใจคนเดียว-Better Weather ver.ภาษามือ,https://www.youtube.com/watch?v=Seexwnx4TrA,pending,1,skipped: YouTube bot-block breaker is open
yt:Sh-r0f4AFDw,youtube,continuous,การเลี้ยงไก่ไข่ปลอดสาร | เกษตร อีซี่,https://www.youtube.com/watch?v=Sh-r0f4AFDw,pending,1,skipped: YouTube bot-block breaker is open
yt:Si-vDp22gtM,youtube,continuous,"파타야선교교회 3/09/26 เทศนาภาษามือ พระธรรมมาระโก 3:31-35 "" มารดาและบรรดาน้องชายของพระเยซู "" อ.ปิง",https://www.youtube.com/watch?v=Si-vDp22gtM,pending,1,skipped: YouTube bot-block breaker is open
yt:Si2t6qfr5CE,youtube,continuous,นักศึกษาหูหนวกในรั้วมหิดล,https://www.youtube.com/watch?v=Si2t6qfr5CE,pending,1,skipped: YouTube bot-block breaker is open
yt:Ss-6PjZLah0,youtube,continuous,ศูนย์แถลงข่าวรัฐบาลฯ แถลงสถานการณ์โควิด-19 [ภาษามือ] (2 เม.ย. 63),https://www.youtube.com/watch?v=Ss-6PjZLah0,pending,1,skipped: YouTube bot-block breaker is open
yt:SutnmJWOe6U,youtube,word,(ภาษามือ) ธนาธร: กล้าฝันถึงประเทศไทยที่ดีกว่านี้ กาก้าวไกลไทยไม่เหมือนเดิม,https://www.youtube.com/watch?v=SutnmJWOe6U,pending,1,skipped: YouTube bot-block breaker is open
yt:T-t-8T5h9WA,youtube,continuous,สธ.แถลงสถานการณ์โควิด-19 [ภาษามือ] (26 เม.ย. 63),https://www.youtube.com/watch?v=T-t-8T5h9WA,pending,1,skipped: YouTube bot-block breaker is open
yt:T_M3Pe7mF3g,youtube,sentence,เด็กชายเจริญสุข  เกรียงไกรวารี  ซ้อมภาษามือ : โรงเรียนโสตศึกษาจังหวัดนครปฐม,https://www.youtube.com/watch?v=T_M3Pe7mF3g,pending,1,skipped: YouTube bot-block breaker is open
yt:TaSRNCNYirI,youtube,sentence,BTS  คำศัพท์ภาษามือเกียวกับโรคโควิด 19  โรงเรียนโสตศึกษาจังหวัดขอนแก่น,https://www.youtube.com/watch?v=TaSRNCNYirI,pending,1,skipped: YouTube bot-block breaker is open
yt:Tem_GumpyBk,youtube,continuous,คำศัพท์ด้านเศรษฐกิจการเงินจากการอบรมล่ามภาษามือ รุ่นที่ 4 ปี 2566,https://www.youtube.com/watch?v=Tem_GumpyBk,pending,1,skipped: YouTube bot-block breaker is open
yt:Tw07ovENJmI,youtube,continuous,เครื่องบริการสาธารณะ,https://www.youtube.com/watch?v=Tw07ovENJmI,pending,1,skipped: YouTube bot-block breaker is open
yt:U6qjUFHZOTU,youtube,continuous,12/11/63 โครงการนิทานภาษามือ,https://www.youtube.com/watch?v=U6qjUFHZOTU,pending,1,skipped: YouTube bot-block breaker is open
yt:UB5MPl9jsBY,youtube,continuous,คนหูหนวกทันข่าว ข่าวประจำวันที่ 16 มกราคม 2567,https://www.youtube.com/watch?v=UB5MPl9jsBY,pending,1,skipped: YouTube bot-block breaker is open
yt:UPyNUSfo1y4,youtube,continuous,เฟิร์น ประดับ ง่ายกว่าที่คิด | เกษตร อีซี่,https://www.youtube.com/watch?v=UPyNUSfo1y4,pending,1,skipped: YouTube bot-block breaker is open
yt:UZCIRyP__To,youtube,continuous,ต่ออายุบัตรสมาชิกชมรมคนหูหนวก | นันทรัตน์ รัตนะ,https://www.youtube.com/watch?v=UZCIRyP__To,pending,1,skipped: YouTube bot-block breaker is open
yt:U_WJ6qXdfMA,youtube,sentence,เด็กพิการหูหนวกโชว์รำ วอนนายกต่อยอดวิทยาลัยอาชีพเพื่อคนพิการ จ.สุรินทร์,https://www.youtube.com/watch?v=U_WJ6qXdfMA,pending,1,skipped: YouTube bot-block breaker is open
yt:UbnV1jZV9Mo,youtube,sentence,ความรู้เกี่ยวกับโควิด-19 และการใช้ชีวิตแบบ New Normal ของคนหูหนวก | ธนรัชต์ พลานุสนธิ์,https://www.youtube.com/watch?v=UbnV1jZV9Mo,pending,1,skipped: YouTube bot-block breaker is open
yt:Ue4w9PESy_Y,youtube,continuous,"Smart Kids, Internet Savvy (Sign Language Edition) EP.2: Watch Out for Hazards!",https://www.youtube.com/watch?v=Ue4w9PESy_Y,pending,1,"ERROR: [youtube] Ue4w9PESy_Y: Sign in to confirm you’re not a bot. Use --cookies-from-browser or --cookies for the authentication. See  https://github.com/yt-dlp/yt-dlp/wiki/FAQ#how-do-i-pass-cookies-to-yt-dlp  for how to manually pass cookies. Also see  https://github.com/yt-dlp/yt-dlp/wiki/Extractors#exporting-youtube-cookies  for tips on effectively exporting YouTube cookies
"
yt:UgQVR3h2Li0,youtube,word,ภาษามือ[เวลา],https://www.youtube.com/watch?v=UgQVR3h2Li0,pending,1,skipped: YouTube bot-block breaker is open
yt:UlI4ysEtTUM,youtube,continuous,แถลงสถานการณ์ COVID-19 โดย ศบค. (20 ก.ย. 64),https://www.youtube.com/watch?v=UlI4ysEtTUM,pending,1,skipped: YouTube bot-block breaker is open
yt:Ulve1XO7yBc,youtube,word,"คลังคำภาษามือไทย หัวข้อ ""การสมัครงาน""",https://www.youtube.com/watch?v=Ulve1XO7yBc,pending,1,skipped: YouTube bot-block breaker is open
yt:UoKYOmm9RH4,youtube,continuous,นักศึกษาหูหนวกในจีน ช่วยพัฒนาผู้ประกาศข่าวภาษามือ AI,https://www.youtube.com/watch?v=UoKYOmm9RH4,pending,1,skipped: YouTube bot-block breaker is open
yt:UvuiMQ0BjFk,youtube,continuous,แนะนำกรม สค  ล่ามภาษามือ,https://www.youtube.com/watch?v=UvuiMQ0BjFk,pending,1,skipped: YouTube bot-block breaker is open
yt:UwUzSxdK61g,youtube,continuous,เสนอปรับจอภาพ ล่ามภาษามือ ให้ชัดเจนมากขึ้น,https://www.youtube.com/watch?v=UwUzSxdK61g,pending,1,"ERROR: [youtube] UwUzSxdK61g: Sign in to confirm you’re not a bot. Use --cookies-from-browser or --cookies for the authentication. See  https://github.com/yt-dlp/yt-dlp/wiki/FAQ#how-do-i-pass-cookies-to-yt-dlp  for how to manually pass cookies. Also see  https://github.com/yt-dlp/yt-dlp/wiki/Extractors#exporting-youtube-cookies  for tips on effectively exporting YouTube cookies
"
yt:Uyhs6133PR4,youtube,continuous,เล่นกีฬาก็ตายได้ ตอน 2 #อุบัติเหตุทางกีฬา | ไม่ตายหรอกเธอ,https://www.youtube.com/watch?v=Uyhs6133PR4,pending,1,skipped: YouTube bot-block breaker is open
yt:V65IRHF3w-U,youtube,word,การสะกดนิ้วมือ/ภาษามือ ก.ไก่ สำหรับเด็ก ระดับอนุบาล-ประถมศึกษา,https://www.youtube.com/watch?v=V65IRHF3w-U,pending,1,skipped: YouTube bot-block breaker is open
yt:V76RNZDV3KM,youtube,word,(ภาษามือ) คู่มือไป #เลือกตั้ง2566 ครบจบที่เดียว,https://www.youtube.com/watch?v=V76RNZDV3KM,pending,1,skipped: YouTube bot-block breaker is open
yt:VBwWp_cM2V4,youtube,continuous,บริการสมาชิกสัมพันธ์ผ่าน Line,https://www.youtube.com/watch?v=VBwWp_cM2V4,pending,1,skipped: YouTube bot-block breaker is open
yt:VDhWaRLwCKE,youtube,word,Thai sign language  Color category ภาษามือ หมวดสี 22/6/2017 | JUTHAMAS NASUMDANG,https://www.youtube.com/watch?v=VDhWaRLwCKE,pending,1,skipped: YouTube bot-block breaker is open
yt:VFS-XEWuEKA,youtube,continuous,|เพลงภาษามือ| 有你的地方是天堂 (โหยว หนี่ เตอะ ตี้ ฟัง ซื่อ เทียน ถัง),https://www.youtube.com/watch?v=VFS-XEWuEKA,pending,1,skipped: YouTube bot-block breaker is open
yt:VGiKakj4FMA,youtube,continuous,อำเภอดอยหล่อ จังหวัดเชียงใหม่,https://www.youtube.com/watch?v=VGiKakj4FMA,pending,1,skipped: YouTube bot-block breaker is open
yt:VOvHNH67cQk,youtube,continuous,Dreambox Journal EP.15 : มารู้จัก...ละครเวทีภาษามือ,https://www.youtube.com/watch?v=VOvHNH67cQk,pending,1,skipped: YouTube bot-block breaker is open
yt:VQk_Lj1cOlU,youtube,continuous,สธ.แถลงสถานการณ์โควิด-19 [ภาษามือ] (1 เม.ย. 63),https://www.youtube.com/watch?v=VQk_Lj1cOlU,pending,1,skipped: YouTube bot-block breaker is open
yt:VVdSzCzwweU,youtube,sentence,วีดีโอภาษามือสอนคนหูหนวกทำอาหาร ขนม เพื่อสร้างรายได้ ทำให้มีอาชีพ,https://www.youtube.com/watch?v=VVdSzCzwweU,pending,1,skipped: YouTube bot-block breaker is open
yt:V_51pydo9ug,youtube,word,สื่อการสอน หมวดสัตว์คำศัพท์ภาษามือ (บกพร่องทางการได้ยิน),https://www.youtube.com/watch?v=V_51pydo9ug,pending,1,skipped: YouTube bot-block breaker is open
yt:VfhPNgSE6M8,youtube,continuous,อำเภอท่าปลา,https://www.youtube.com/watch?v=VfhPNgSE6M8,pending,1,skipped: YouTube bot-block breaker is open
yt:VjL5x3Jc2yI,youtube,continuous,เพลงชาติไทย ภาษามือ สาขาการประถมศึกษา มรย.,https://www.youtube.com/watch?v=VjL5x3Jc2yI,pending,1,skipped: YouTube bot-block breaker is open
yt:VoQWzzydaP4,youtube,continuous,ล่ามภาษามือ ทำไม่ถูกเลย,https://www.youtube.com/watch?v=VoQWzzydaP4,pending,1,skipped: YouTube bot-block breaker is open
yt:VvqEWf3Ueno,youtube,continuous,การแจ้งเหตุฉุกเฉินผ่าน TTRS Video (ตอนที่1),https://www.youtube.com/watch?v=VvqEWf3Ueno,pending,1,skipped: YouTube bot-block breaker is open
yt:Vx6EmE4INzw,youtube,word,ผมเติ้ลคำศัพท์ภาษามือไทยEp.7 (1/4),https://www.youtube.com/watch?v=Vx6EmE4INzw,pending,1,skipped: YouTube bot-block breaker is open
yt:W-UIHb1dD0g,youtube,sentence,สวดมนต์ไหว้พระภาษามือ,https://www.youtube.com/watch?v=W-UIHb1dD0g,pending,1,skipped: YouTube bot-block breaker is open
yt:W20-7b7d-WE,youtube,continuous,คนหูหนวกทันข่าว ข่าวประจำวันที่ 13 กุมภาพันธ์ 2569,https://www.youtube.com/watch?v=W20-7b7d-WE,pending,1,skipped: YouTube bot-block breaker is open
yt:W6dwjTrPHvc,youtube,continuous,ชีวิตยังมีพรุ่งนี้เสมอ #พยายามฆ่าตัวตาย | ไม่ตายหรอกเธอ,https://www.youtube.com/watch?v=W6dwjTrPHvc,pending,1,skipped: YouTube bot-block breaker is open
yt:W8ld7ZkCHqg,youtube,continuous,คนหูหนวกเป็นบาริสต้า #MuteMuteCafe,https://www.youtube.com/watch?v=W8ld7ZkCHqg,pending,1,skipped: YouTube bot-block breaker is open
yt:WF4hXJDKCG8,youtube,continuous,สธ.แถลงสถานการณ์ COVID-19 บริการล่ามภาษามือ (5 มี.ค. 63),https://www.youtube.com/watch?v=WF4hXJDKCG8,pending,1,skipped: YouTube bot-block breaker is open
yt:WLbuGAQafoI,youtube,sentence,คำศัพท์ภาษามืออเมริกัน หมวดคำศัพท์ วัน,https://www.youtube.com/watch?v=WLbuGAQafoI,pending,1,skipped: YouTube bot-block breaker is open
yt:WMtTAdl9X90,youtube,word,CHAPTER 2: INTERNATIONAL SIGN LANGUAGE (ISL),https://www.youtube.com/watch?v=WMtTAdl9X90,pending,1,skipped: YouTube bot-block breaker is open
yt:WPiiTPUOyP0,youtube,sentence,เด็กหูหนวกกล่าวคำถวายกฐิน,https://www.youtube.com/watch?v=WPiiTPUOyP0,pending,1,skipped: YouTube bot-block breaker is open
yt:WQiGAUkYuAQ,youtube,continuous,คนหูหนวกรู้ สู้โควิด | Ep.13 | การสร้างภูมิคุ้มกันป้องกันโควิด-19,https://www.youtube.com/watch?v=WQiGAUkYuAQ,pending,1,skipped: YouTube bot-block breaker is open
yt:WVXNOBOaxoY,youtube,sentence,คู่มือความรู้โควิด 19  ฉบับภาษามือ 3   โรงเรียนโสตศึกษาจังหวัดขอนแก่น,https://www.youtube.com/watch?v=WVXNOBOaxoY,pending,1,skipped: YouTube bot-block breaker is open
yt:WX773yVw7Q8,youtube,continuous,ทีวีจอล่ามภาษามือ​,https://www.youtube.com/watch?v=WX773yVw7Q8,pending,1,skipped: YouTube bot-block breaker is open
yt:Wfw_vJDssYE,youtube,continuous,ปูนาน้ำใส  l เกษตร อีซี่,https://www.youtube.com/watch?v=Wfw_vJDssYE,pending,1,skipped: YouTube bot-block breaker is open
yt:WtZbVvNiliU,youtube,sentence,อธิบายเรื่อง การบวกเลข (ภาษามือ) :โรงเรียนโสตศึกษาจังหวัดนครปฐม,https://www.youtube.com/watch?v=WtZbVvNiliU,pending,1,skipped: YouTube bot-block breaker is open
yt:Wu_3EWl9t4I,youtube,continuous,การ์ตูนภาษามือเรื่อง เพื่อนกันตลอดไป,https://www.youtube.com/watch?v=Wu_3EWl9t4I,pending,1,skipped: YouTube bot-block breaker is open
yt:Wvmvq8U_wV0,youtube,continuous,"""ล่ามภาษามือในยุคดิจิตอล"" กับ คุณอนุชา รัตนสินธุ์ นายกสมาคมคนหูหนวกแห่ง ประเทศไทย",https://www.youtube.com/watch?v=Wvmvq8U_wV0,pending,1,skipped: YouTube bot-block breaker is open
yt:X4TuZwNIZ4Y,youtube,continuous,เลือกตั้งคือคำตอบ 1 (มิวสิควิดีโอพร้อมล่ามภาษามือ),https://www.youtube.com/watch?v=X4TuZwNIZ4Y,pending,1,skipped: YouTube bot-block breaker is open
yt:XaJWBsflg-0,youtube,continuous,เตือนภัยไซเบอร์ #ภัยจากอินเตอร์เน็ต | ไม่ตายหรอกเธอ,https://www.youtube.com/watch?v=XaJWBsflg-0,pending,1,skipped: YouTube bot-block breaker is open
yt:Xmj3-xHW_iI,youtube,continuous,ร้านคาเฟ่โดยคนหูหนวก,https://www.youtube.com/watch?v=Xmj3-xHW_iI,pending,1,skipped: YouTube bot-block breaker is open
yt:Xv1Vxd7jrTg,youtube,continuous,ดินหมักเติมอากาศ | เกษตร อีซี่,https://www.youtube.com/watch?v=Xv1Vxd7jrTg,pending,1,skipped: YouTube bot-block breaker is open
yt:Y92rzKwWJnQ,youtube,continuous,สนทนาข้อความสดผ่าน TTRS Message,https://www.youtube.com/watch?v=Y92rzKwWJnQ,pending,1,skipped: YouTube bot-block breaker is open
yt:YMoOGGAmRMs,youtube,continuous,ศิลปวัฒนธรรมของคนหูหนวก 4/6,https://www.youtube.com/watch?v=YMoOGGAmRMs,pending,1,skipped: YouTube bot-block breaker is open
yt:YNMQFols0Aw,youtube,continuous,สธ.แถลงสถานการณ์โควิด-19 [ภาษามือ] (27 เม.ย. 63),https://www.youtube.com/watch?v=YNMQFols0Aw,pending,1,skipped: YouTube bot-block breaker is open
yt:YNgeuIFLAy4,youtube,continuous,แผ่เมตตา (มีภาษามือ),https://www.youtube.com/watch?v=YNgeuIFLAy4,pending,1,skipped: YouTube bot-block breaker is open
yt:YQzIK0Ulgpc,youtube,continuous,SDGs in Sign Language: Partnership | SDG 17 ทีมเวิร์ก ร่วมแรงร่วมใจ,https://www.youtube.com/watch?v=YQzIK0Ulgpc,pending,1,skipped: YouTube bot-block breaker is open
yt:YY-T-QKBx8s,youtube,continuous,วิธีขอพาสปอร์ตวัคซีน(เล่มเหลือง),https://www.youtube.com/watch?v=YY-T-QKBx8s,pending,1,skipped: YouTube bot-block breaker is open
yt:Yp9hic40LGk,youtube,continuous,เบอร์โทรสำคัญในสถานการณ์ COVID-19,https://www.youtube.com/watch?v=Yp9hic40LGk,pending,1,skipped: YouTube bot-block breaker is open
yt:YsFgQeXuSTA,youtube,continuous,RSMU_ภาษามือไทยวันละคำ: หนังสือโปรด,https://www.youtube.com/watch?v=YsFgQeXuSTA,pending,1,skipped: YouTube bot-block breaker is open
yt:YvWAYvSok2w,youtube,word,"ภาษามือไทยขั้นพื้นฐาน ""ฤดูกาล""",https://www.youtube.com/watch?v=YvWAYvSok2w,pending,1,skipped: YouTube bot-block breaker is open
yt:Z6GcjxxRqdg,youtube,word,ภาษามืออาการของโรค,https://www.youtube.com/watch?v=Z6GcjxxRqdg,pending,1,skipped: YouTube bot-block breaker is open
yt:ZH40km4wWWk,youtube,word,"ภาษามือ​ (การนับเลข​ 100-1,000,00)​",https://www.youtube.com/watch?v=ZH40km4wWWk,pending,1,skipped: YouTube bot-block breaker is open
yt:ZI7dZnY1NR4,youtube,continuous,นิทาน ภาษามือ วอลดอร์ฟ เรื่อง การปรับตัวให้เข้ากับโรงเรียน | ครูเติ้ล,https://www.youtube.com/watch?v=ZI7dZnY1NR4,pending,1,skipped: YouTube bot-block breaker is open
yt:ZdwJMPkTa_4,youtube,sentence,รร.โสตศึกษา ร้องเพลงภาษามืออาลัย แตงโม,https://www.youtube.com/watch?v=ZdwJMPkTa_4,pending,1,skipped: YouTube bot-block breaker is open
yt:ZfqNy1P_QGA,youtube,sentence,ThaiDeafTalk# canon เล่านิทานภาษามือที่โสตนนท์,https://www.youtube.com/watch?v=ZfqNy1P_QGA,pending,1,skipped: YouTube bot-block breaker is open
yt:ZmaAGOEsXPs,youtube,word,"ภาษามือไทยในชีวิตประจำวัน/หมวดสี,กลิ่น,รส/สีอ่อน",https://www.youtube.com/watch?v=ZmaAGOEsXPs,pending,1,skipped: YouTube bot-block breaker is open
yt:_1GkdI6A1nk,youtube,continuous,LoveIsHear 2020 : เสียงในความเงียบ ภาษามือ โดยคนดังชาวขอนแก่น,https://www.youtube.com/watch?v=_1GkdI6A1nk,pending,1,skipped: YouTube bot-block breaker is open
yt:_7PTedv8zYY,youtube,sentence,"นักเรียนโสตศึกษา อุดรธานี ร่วมไว้อาลัย ""แตงโม"" | เคาะข่าวเสาร์-อาทิตย์ | GMM25",https://www.youtube.com/watch?v=_7PTedv8zYY,pending,1,skipped: YouTube bot-block breaker is open
yt:_7cdor1DlOM,youtube,continuous,งานสัปดาห์หูหนวกโลก ครั้งที่ 2 ปี 2559,https://www.youtube.com/watch?v=_7cdor1DlOM,pending,1,skipped: YouTube bot-block breaker is open
yt:_8cT6bSAWic,youtube,sentence,ภาษามือไทยในชีวิตประจำวัน/หมวดกิริยาอาการ/จูบ,https://www.youtube.com/watch?v=_8cT6bSAWic,pending,1,skipped: YouTube bot-block breaker is open
yt:_9oTZwW6XAs,youtube,continuous,สธ.แถลงสถานการณ์โควิด-19 [ภาษามือ] (1 มิ.ย. 63),https://www.youtube.com/watch?v=_9oTZwW6XAs,pending,1,skipped: YouTube bot-block breaker is open
yt:_YyX-BnPUTg,youtube,sentence,ภาษามือ ประโยคสั้นๆ และเวลา,https://www.youtube.com/watch?v=_YyX-BnPUTg,pending,1,skipped: YouTube bot-block breaker is open
yt:__5EnQc-Ru8,youtube,continuous,RSMahidol_Thai Sign Language Story Telling Contest 13th (2014),https://www.youtube.com/watch?v=__5EnQc-Ru8,pending,1,skipped: YouTube bot-block breaker is open
yt:_nAcL863Lgg,youtube,continuous,Minister of Social Development and Human Security opens World Sign Language Day and World Deaf We...,https://www.youtube.com/watch?v=_nAcL863Lgg,pending,1,skipped: YouTube bot-block breaker is open
yt:_zOWfcezzAI,youtube,word,ครูนิดสอนคณิตศาสตร์ ป 1 ฉบับภาษามือ,https://www.youtube.com/watch?v=_zOWfcezzAI,pending,1,skipped: YouTube bot-block breaker is open
yt:aA6nu2WGL8E,youtube,continuous,สธ.แถลงสถานการณ์โควิด-19 [ภาษามือ] (4 เม.ย. 63),https://www.youtube.com/watch?v=aA6nu2WGL8E,pending,1,skipped: YouTube bot-block breaker is open
yt:aFjKBM7Ovug,youtube,continuous,Highlight #สื่อธรรมมือเพื่อน้อง ตอนที่ 29 : #การปฏิบัติธรรม,https://www.youtube.com/watch?v=aFjKBM7Ovug,pending,1,skipped: YouTube bot-block breaker is open
yt:aLhKMEWi7xM,youtube,continuous,นิทานภาษามือ เรื่อง พิกุลทอง : NTOP CMU,https://www.youtube.com/watch?v=aLhKMEWi7xM,pending,1,skipped: YouTube bot-block breaker is open
yt:aXnYsF7kIMM,youtube,continuous,วิธีดูภาษามือง่ายๆ ฉบับ ญี่ปุ่น | Pitchapa Kids,https://www.youtube.com/watch?v=aXnYsF7kIMM,pending,1,skipped: YouTube bot-block breaker is open
yt:aY9Z-Wj0Cb4,youtube,continuous,แถลงสถานการณ์ COVID-19 โดย ศบค. [ภาษามือ] (31 พ.ค. 63),https://www.youtube.com/watch?v=aY9Z-Wj0Cb4,pending,1,skipped: YouTube bot-block breaker is open
yt:aahFmL8peBY,youtube,continuous,สายด่วน สปสช โทร.1330 บริการ 24 ชั่วโมง (วีดีโอแปลภาษามือ),https://www.youtube.com/watch?v=aahFmL8peBY,pending,1,skipped: YouTube bot-block breaker is open
yt:apsvYuBVGjo,youtube,continuous,(มีล่ามภาษามือ) | Ep.1 | “ความสำคัญของครอบครัวที่มีต่อคนพิการทางการเห็นมีความสำคัญยิ่งอย่างไร?”,https://www.youtube.com/watch?v=apsvYuBVGjo,pending,1,skipped: YouTube bot-block breaker is open
yt:ayrLnVfW7Qc,youtube,continuous,อำเภองาว จังหวัดลำปาง,https://www.youtube.com/watch?v=ayrLnVfW7Qc,pending,1,skipped: YouTube bot-block breaker is open
yt:b0ETybjb9wA,youtube,continuous,แถลงสถานการณ์ COVID-19 โดย ศบค. (18 ต.ค. 64),https://www.youtube.com/watch?v=b0ETybjb9wA,pending,1,skipped: YouTube bot-block breaker is open
yt:b2kd4XlAOMU,youtube,continuous,ล่ามภาษามือ ทำอะไรบ้าง ? ติดตามได้ใน VIPA V ROOM วันที่ 10 ก.ย. 2565 เวลา 19.00 น,https://www.youtube.com/watch?v=b2kd4XlAOMU,pending,1,skipped: YouTube bot-block breaker is open
yt:b2w4jvT5RTY,youtube,continuous,อำเภอฟากท่า,https://www.youtube.com/watch?v=b2w4jvT5RTY,pending,1,skipped: YouTube bot-block breaker is open
yt:b3S8gmrVSqY,youtube,continuous,ภาษามือประกอบเพลงเผิงโหย่ว朋友——周华健,https://www.youtube.com/watch?v=b3S8gmrVSqY,pending,1,skipped: YouTube bot-block breaker is open
yt:bE5NT7zpDPg,youtube,continuous,แถลงสถานการณ์ COVID-19 โดย ศบค. [ภาษามือ] (17 เม.ย. 63),https://www.youtube.com/watch?v=bE5NT7zpDPg,pending,1,skipped: YouTube bot-block breaker is open
yt:bNV5v7DrWIk,youtube,continuous,"(มีล่ามภาษามือ) | EP.2 |📱""ไม่ต้องมองเห็น ก็ไปถึงด้วยสิ่งเหล่านี้”",https://www.youtube.com/watch?v=bNV5v7DrWIk,pending,1,skipped: YouTube bot-block breaker is open
yt:bUIqGdxu4TE,youtube,sentence,ภาษามือ ใช้ในชีวิตประจำวัน,https://www.youtube.com/watch?v=bUIqGdxu4TE,pending,1,skipped: YouTube bot-block breaker is open
yt:bVrS7PQbCKQ,youtube,continuous,Movement Everywhere Episode 8 #พันธกิจคนหูหนวก Voice of the Deaf (LAOS),https://www.youtube.com/watch?v=bVrS7PQbCKQ,pending,1,skipped: YouTube bot-block breaker is open
yt:bavZouiuk2w,youtube,continuous,RSMahidol_การประกวดการเล่าเรื่องด้วยภาษามือฯ ครั้งที่ 14,https://www.youtube.com/watch?v=bavZouiuk2w,pending,1,skipped: YouTube bot-block breaker is open
yt:bcDtfSlg_sU,youtube,continuous,สธ.แถลงสถานการณ์โควิด-19 [ภาษามือ] (11 พ.ค. 63),https://www.youtube.com/watch?v=bcDtfSlg_sU,pending,1,skipped: YouTube bot-block breaker is open
yt:bibvx6FRHcg,youtube,continuous,EP.1 อบรมICT สมาคมคนหูหนวกแห่งประเทศไทย,https://www.youtube.com/watch?v=bibvx6FRHcg,pending,1,skipped: YouTube bot-block breaker is open
yt:bk_fxPOQ828,youtube,continuous,อาสามาช่วยเพื่อคนพิการ –สมาคมคนหูหนวกฯเชิญ เฉลิมฉลอง วันภาษามือโลก และ สัปดาห์หูหนวกโลก,https://www.youtube.com/watch?v=bk_fxPOQ828,pending,1,skipped: YouTube bot-block breaker is open
yt:btRo8X1Prbk,youtube,continuous,พูดอะไรมาก็แปลได้หมด  ล่ามภาษามือในตำนาน.. | บริษัทฮาไม่จำกัด (มหาชน),https://www.youtube.com/watch?v=btRo8X1Prbk,pending,1,skipped: YouTube bot-block breaker is open
yt:bxMNwJDHEI4,youtube,continuous,EP.2 องค์ประกอบของภาษามือ#ภาษามือ#เรียนภาษามือ#ล่ามภาษือ#แปล #เพลง#แปลเพลง,https://www.youtube.com/watch?v=bxMNwJDHEI4,pending,1,skipped: YouTube bot-block breaker is open
yt:bzxgYj3XKm4,youtube,continuous,Deaf Channel #28 (12 ต.ค. 56),https://www.youtube.com/watch?v=bzxgYj3XKm4,pending,1,skipped: YouTube bot-block breaker is open
yt:c4BPbQUc6Mk,youtube,continuous,24-26/3/66                          สมาคมคนหูหนวกแห่งประเทศไทย                           ชมรม/สกลนคร,https://www.youtube.com/watch?v=c4BPbQUc6Mk,pending,1,skipped: YouTube bot-block breaker is open
yt:cEGQVelST0I,youtube,word,Thai Sign Language1_02.avi,https://www.youtube.com/watch?v=cEGQVelST0I,pending,1,skipped: YouTube bot-block breaker is open
yt:cJkjxhtszVM,youtube,continuous,mv ภาษามือ ประกอบเพลง ไม่ต่างกัน,https://www.youtube.com/watch?v=cJkjxhtszVM,pending,1,skipped: YouTube bot-block breaker is open
yt:cU6JTeu8jwY,youtube,sentence,ภาษามือไทยในชีวิตประจำวัน/หมวดกิริยาอาการ/ขอบคุณ,https://www.youtube.com/watch?v=cU6JTeu8jwY,pending,1,skipped: YouTube bot-block breaker is open
yt:cU7GJHcaYqk,youtube,sentence,สื่อคำศัพท์ภาษามือพันธุ์พืช โรงเรียนโสตศึกษาจังหวัดปราจีนบุรี,https://www.youtube.com/watch?v=cU7GJHcaYqk,pending,1,skipped: YouTube bot-block breaker is open
yt:cYRniuuBnog,youtube,continuous,เยี่ยมชมวัดขงจื้อ และโรงเรียนคนหูหนวก | HIGHLIGHT เพื่อนกันคนพันธุ์D EP.43 | 3 เม.ย. 65 | one31,https://www.youtube.com/watch?v=cYRniuuBnog,pending,1,skipped: YouTube bot-block breaker is open
yt:ccLyhKBeTRQ,youtube,word,"บทเรียนภาษามือฮีบรูบทที่ 3 โบสถ์แบ๊บติสต์บางจาก May 3, 2563",https://www.youtube.com/watch?v=ccLyhKBeTRQ,pending,1,skipped: YouTube bot-block breaker is open
yt:cdd8M7d6mzQ,youtube,continuous,(มีล่ามภาษามือ) | EP.41 | เข้าใจคนพิการทางการได้ยิน🎬 OH I See อ๋อ… มันเป็นอย่างนี้นี่เอง Season 2,https://www.youtube.com/watch?v=cdd8M7d6mzQ,pending,1,skipped: YouTube bot-block breaker is open
yt:cghlsLrsWro,youtube,continuous,หอยขม | เกษตร อีซี่,https://www.youtube.com/watch?v=cghlsLrsWro,pending,1,skipped: YouTube bot-block breaker is open
yt:cqpQfI-gA6I,youtube,continuous,"""วราวุธ"" ควงล่ามภาษามือร่วมสัมภาษณ์สื่อ ส่งข่าวสารถึงผู้พิการทางการได้ยิน",https://www.youtube.com/watch?v=cqpQfI-gA6I,pending,1,"ERROR: [youtube] cqpQfI-gA6I: Sign in to confirm you’re not a bot. Use --cookies-from-browser or --cookies for the authentication. See  https://github.com/yt-dlp/yt-dlp/wiki/FAQ#how-do-i-pass-cookies-to-yt-dlp  for how to manually pass cookies. Also see  https://github.com/yt-dlp/yt-dlp/wiki/Extractors#exporting-youtube-cookies  for tips on effectively exporting YouTube cookies
"
yt:csv4wY7ANOQ,youtube,continuous,Sign Language News#3 (2/3),https://www.youtube.com/watch?v=csv4wY7ANOQ,pending,1,skipped: YouTube bot-block breaker is open
yt:cw1uiT8Yj1k,youtube,continuous,Disability EP.4 | ภาษาที่ไร้เสียง พลังที่มองเห็นได้,https://www.youtube.com/watch?v=cw1uiT8Yj1k,pending,1,skipped: YouTube bot-block breaker is open
yt:cwGuOViPY8Q,youtube,word,ภาษามืออเมริกา ASL,https://www.youtube.com/watch?v=cwGuOViPY8Q,pending,1,skipped: YouTube bot-block breaker is open
yt:cwOnqQljfqg,youtube,continuous,การขอเปลี่ยนหน่วยบริการประจำ สิทธิหลักประกันสุขภาพแห่งชาติ (วีดีโอแปลภาษามือ),https://www.youtube.com/watch?v=cwOnqQljfqg,pending,1,skipped: YouTube bot-block breaker is open
yt:cymvitOO2Wg,youtube,continuous,สัมภาษณ์คนหูหนวกงานสัปหาด์หูหนวกโลก,https://www.youtube.com/watch?v=cymvitOO2Wg,pending,1,skipped: YouTube bot-block breaker is open
yt:d-AaMi_b5TA,youtube,continuous,ต้นโอบะ | เกษตร อีซี่,https://www.youtube.com/watch?v=d-AaMi_b5TA,pending,1,skipped: YouTube bot-block breaker is open
yt:d4NiErwqSpk,youtube,continuous,ล้างมือให้สะอาดป้องกันเชื้อไวรัสโควิด-19,https://www.youtube.com/watch?v=d4NiErwqSpk,pending,1,skipped: YouTube bot-block breaker is open
yt:dIvv262ojr4,youtube,continuous,ภาษามือไทยสไตล์ CMU 02 ศูนย์อาหารมหาวิทยาลัยเชียงใหม่,https://www.youtube.com/watch?v=dIvv262ojr4,pending,1,skipped: YouTube bot-block breaker is open
yt:dMPMo4s0X10,youtube,continuous,คณะตลกจากสมาคมคนหูหนวกแห่งประเทศไทย,https://www.youtube.com/watch?v=dMPMo4s0X10,pending,1,skipped: YouTube bot-block breaker is open
yt:dN74wWRdTAQ,youtube,continuous,"ว่อน โซเชียล ""ล่ามภาษามือ"" เมื่อเล่าข่าว""ลงนะก้นทอง"" จนเห็นภาพ - ""อ.แมน"" เข้ารับทราบ | TOPNEWSTV",https://www.youtube.com/watch?v=dN74wWRdTAQ,pending,1,skipped: YouTube bot-block breaker is open
yt:dSLsZJBAiUw,youtube,sentence,ภัยต่อครอบครัว | จิตรเบญญา สิทธิ,https://www.youtube.com/watch?v=dSLsZJBAiUw,pending,1,skipped: YouTube bot-block breaker is open
yt:dVwPj6ts2f0,youtube,continuous,ห้องน้ำสาธารณะ  ใช้อย่างไร ลดเสี่ยงโรค ในวันที่โควิด-19 ระบาดใหม่,https://www.youtube.com/watch?v=dVwPj6ts2f0,pending,1,skipped: YouTube bot-block breaker is open
yt:daICSLdkSnk,youtube,continuous,แก้วิกฤตล่ามภาษามือ เร่งผลิตครอบคลุมทุกจังหวัด | ข่าวค่ำ | 28 ก.ย. 67,https://www.youtube.com/watch?v=daICSLdkSnk,pending,1,skipped: YouTube bot-block breaker is open
yt:deKr257xaIE,youtube,continuous,EP.2 ภาควิชาหูหนวกศึกษา ตอน..สอนกาพ่น,https://www.youtube.com/watch?v=deKr257xaIE,pending,1,skipped: YouTube bot-block breaker is open
yt:dsC9K1RGcCw,youtube,continuous,การปลูกแตงกวาลอยฟ้า | เกษตร อีซี่,https://www.youtube.com/watch?v=dsC9K1RGcCw,pending,1,skipped: YouTube bot-block breaker is open
yt:dz9bJqhrcCc,youtube,continuous,แถลงสถานการณ์ COVID-19 โดย ศบค. [ภาษามือ] (8 มิ.ย. 63),https://www.youtube.com/watch?v=dz9bJqhrcCc,pending,1,skipped: YouTube bot-block breaker is open
yt:e19BQE9m6kM,youtube,continuous,คุณนายตื่นสาย | เกษตร อีซี่,https://www.youtube.com/watch?v=e19BQE9m6kM,pending,1,skipped: YouTube bot-block breaker is open
yt:eG50_ZRYGcA,youtube,word,ภาษามืออเมริกาASL(1/8),https://www.youtube.com/watch?v=eG50_ZRYGcA,pending,1,skipped: YouTube bot-block breaker is open
yt:eGUdmpU427I,youtube,sentence,ภัยพิบัติป้องกันได้ คลิปภาษามือสำหรับคนหูหนวก,https://www.youtube.com/watch?v=eGUdmpU427I,pending,1,skipped: YouTube bot-block breaker is open
yt:eKgGQZQw1ec,youtube,word,Laotian sign languages | Wikipedia audio article,https://www.youtube.com/watch?v=eKgGQZQw1ec,pending,1,skipped: YouTube bot-block breaker is open
yt:e_H2ks-uzzo,youtube,continuous,วิชาความรู้เกี่ยวกับล่ามภาษามือ ตอน คุณลักษณะของล่ามภาษามือ,https://www.youtube.com/watch?v=e_H2ks-uzzo,pending,1,skipped: YouTube bot-block breaker is open
yt:ejKXbDY1rIw,youtube,continuous,ไม้ยืนต้น | เกษตร อีซี่,https://www.youtube.com/watch?v=ejKXbDY1rIw,pending,1,skipped: YouTube bot-block breaker is open
yt:eoEmAaeotQo,youtube,continuous,บริการสร้างเสริมสุขภาพและป้องกันโรค กลุ่มผู้สูงอายุ 60 ปีขึ้นไป (วีดีโอแปลภาษามือ),https://www.youtube.com/watch?v=eoEmAaeotQo,pending,1,skipped: YouTube bot-block breaker is open
yt:eox6oOPNYB8,youtube,continuous,ภาษามือ ตอน ฝากครรภ์,https://www.youtube.com/watch?v=eox6oOPNYB8,pending,1,skipped: YouTube bot-block breaker is open
yt:eul9F1QWIRc,youtube,continuous,TTRS คุยให้ ตอน อุ่นใจเมื่อไปโรงพยาบาล [ล่ามภาษามือ],https://www.youtube.com/watch?v=eul9F1QWIRc,pending,1,skipped: YouTube bot-block breaker is open
yt:ewaY0FwYwYI,youtube,continuous,การแจ้งเหตุฉุกเฉินผ่าน TTRS Video (ตอนที่2),https://www.youtube.com/watch?v=ewaY0FwYwYI,pending,1,skipped: YouTube bot-block breaker is open
yt:ez8IvhmjZ4w,youtube,continuous,เล่าเรื่องภาษามือ,https://www.youtube.com/watch?v=ez8IvhmjZ4w,pending,1,skipped: YouTube bot-block breaker is open
yt:ezja_5JXkyo,youtube,word,นับเลขภาษามือ#ล่ามภาษามือ#ภาษามือ#ล่ามมะปราง#เรียนภาษา #เรียนออนไลน์ #เรียนภาษามือ,https://www.youtube.com/watch?v=ezja_5JXkyo,pending,1,skipped: YouTube bot-block breaker is open
yt:f0sMioZF21s,youtube,word,Ep.33 ภาษามือไทย พระบัญญัติพระเจ้าประการที่สอง #dcat #ชมรมคนหูหนวกคาทอลิกแห่งประเทศไทย,https://www.youtube.com/watch?v=f0sMioZF21s,pending,1,skipped: YouTube bot-block breaker is open
yt:f1UDiwpqomE,youtube,continuous,EP.7 ภาควิชาหูหนวกศึกษา ตอน..พ่นทับด้าน,https://www.youtube.com/watch?v=f1UDiwpqomE,pending,1,skipped: YouTube bot-block breaker is open
yt:f1irEOcJR3Q,youtube,continuous,ความสำคัญของล่ามภาษามือ | HIGHLIGHT เพื่อนกันคนพันธุ์D EP.36 | 13 ก.พ. 65 | one31,https://www.youtube.com/watch?v=f1irEOcJR3Q,pending,1,skipped: YouTube bot-block breaker is open
yt:f6N9gvq2344,youtube,word,Thai sign language : Hippopotamus ภาษามือในสวนสัตว์ ฮิปโปโปเตมัส,https://www.youtube.com/watch?v=f6N9gvq2344,pending,1,skipped: YouTube bot-block breaker is open
yt:fD1hi6NUOAI,youtube,word,ภาษามือ ตัวเลข,https://www.youtube.com/watch?v=fD1hi6NUOAI,pending,1,skipped: YouTube bot-block breaker is open
yt:fFK2Adlt25c,youtube,word,บทเรียนออนไลน์ภาษามือ วิชาพระพุทธสาสนา เรื่อง ศีล 5 โดยนายวศิน แสงสิน,https://www.youtube.com/watch?v=fFK2Adlt25c,pending,1,skipped: YouTube bot-block breaker is open
yt:fMoarH11BTk,youtube,continuous,สอนภาษามือเพลง รักเธอทุกวินาที 1/2,https://www.youtube.com/watch?v=fMoarH11BTk,pending,1,skipped: YouTube bot-block breaker is open
yt:fO4iIhpuK54,youtube,continuous,ไม่เข้าท่า #เรือล่ม | ไม่ตายหรอกเธอ,https://www.youtube.com/watch?v=fO4iIhpuK54,pending,1,skipped: YouTube bot-block breaker is open
yt:fQkjCZHk2Ic,youtube,continuous,เส้นทางสู่อาชีพ ล่ามภาษามือ l รายการวิทยุ รวมใจเป็นหนึ่ง ออกอากาศวันที่ 22 สิงหาคม 2564,https://www.youtube.com/watch?v=fQkjCZHk2Ic,pending,1,skipped: YouTube bot-block breaker is open
yt:fXM-NwCF1po,youtube,sentence,ปรัชญา  คำศัพท์ภาษามือเกี่ยวกับโรคโควิด 19 โรงเรียนโสตศึกษาจังหวัดขอนแก่น,https://www.youtube.com/watch?v=fXM-NwCF1po,pending,1,skipped: YouTube bot-block breaker is open
yt:ficyy4euDrc,youtube,continuous,จุดเสี่ยงในที่สาธารณะ จับแล้วต้องรีบล้าง,https://www.youtube.com/watch?v=ficyy4euDrc,pending,1,skipped: YouTube bot-block breaker is open
yt:fiwEQ6uyD_c,youtube,continuous,แบบภาพเคลื่อนไหวบนอินเทอร์เน็ต,https://www.youtube.com/watch?v=fiwEQ6uyD_c,pending,1,skipped: YouTube bot-block breaker is open
yt:fp1MEh4ilk4,youtube,continuous,วันภาษามือ​โลก ชมรม​คน​หูหนวก​จังหวัด​นครราชสีมา​,https://www.youtube.com/watch?v=fp1MEh4ilk4,pending,1,skipped: YouTube bot-block breaker is open
yt:fsCz3iaBY7s,youtube,continuous,เจาะลึกอาชีพล่ามภาษามือ กับนักแปลล่ามภาษามือในรัฐสภาตัวจริง  - BBC News ไทย,https://www.youtube.com/watch?v=fsCz3iaBY7s,pending,1,"ERROR: [youtube] fsCz3iaBY7s: Sign in to confirm you’re not a bot. Use --cookies-from-browser or --cookies for the authentication. See  https://github.com/yt-dlp/yt-dlp/wiki/FAQ#how-do-i-pass-cookies-to-yt-dlp  for how to manually pass cookies. Also see  https://github.com/yt-dlp/yt-dlp/wiki/Extractors#exporting-youtube-cookies  for tips on effectively exporting YouTube cookies
"
yt:g2WCrCZoDCU,youtube,continuous,วิชาภาษามือ ตอน การใช้สีหน้าประกอบการสื่อสารในภาษามือ,https://www.youtube.com/watch?v=g2WCrCZoDCU,pending,1,skipped: YouTube bot-block breaker is open
yt:g2lgfGGq448,youtube,continuous,ล่ามภาษามือ TTRS บริการคนหูหนวกทุกคนอย่างมีคุณภาพและเต็มใจบริการ,https://www.youtube.com/watch?v=g2lgfGGq448,pending,1,skipped: YouTube bot-block breaker is open
yt:g32SFcJMWXo,youtube,continuous,นิทานภาษามือ เรื่อง ราชสีห์กับหนู ร.ร.อนุบาลโสตพัฒนา,https://www.youtube.com/watch?v=g32SFcJMWXo,pending,1,skipped: YouTube bot-block breaker is open
yt:g4ElBx02j54,youtube,word,ขั้นตอนผลิตงานแอนิเมชันภาษามือไทย Thai Sign Language,https://www.youtube.com/watch?v=g4ElBx02j54,pending,1,skipped: YouTube bot-block breaker is open
yt:gK6fxrETpUY,youtube,word,ALS 2rd sign language in USA and Thailand,https://www.youtube.com/watch?v=gK6fxrETpUY,pending,1,skipped: YouTube bot-block breaker is open
yt:gKTNxXq1Shg,youtube,continuous,เพลง เรียงความเรื่องแม่,https://www.youtube.com/watch?v=gKTNxXq1Shg,pending,1,skipped: YouTube bot-block breaker is open
yt:gKt27lDXVug,youtube,continuous,Big Sign ภาษามือใหญ่เต็มจอ l จี่หมูแก่นตะวัน : หม้อข้าวหม้อแกง,https://www.youtube.com/watch?v=gKt27lDXVug,pending,1,skipped: YouTube bot-block breaker is open
yt:gN0DZNIkRgw,youtube,word,Sign-lence: Boardgame for learning Thai-Sign Language,https://www.youtube.com/watch?v=gN0DZNIkRgw,pending,1,skipped: YouTube bot-block breaker is open
yt:gN7Cm-og9n0,youtube,continuous,Ep.263  28-05-2023 บทเทศน์ : บาทหลวงภูรวัติ ศีราอริย : สมโภชพระจิตเจ้า ปีA,https://www.youtube.com/watch?v=gN7Cm-og9n0,pending,1,skipped: YouTube bot-block breaker is open
yt:gNcZHnKxi7Q,youtube,continuous,หน่วยบริการในระบบหลักประกันสุขภาพแห่งชาติ คืออะไร? (วีดีโอแปลภาษามือ),https://www.youtube.com/watch?v=gNcZHnKxi7Q,pending,1,skipped: YouTube bot-block breaker is open
yt:gTDAtg3lYqA,youtube,word,#ภาษามือไทย กีฬา,https://www.youtube.com/watch?v=gTDAtg3lYqA,pending,1,skipped: YouTube bot-block breaker is open
yt:gTyqXVbg24o,youtube,continuous,Deaf Channel # 19 (10 ส.ค. 56),https://www.youtube.com/watch?v=gTyqXVbg24o,pending,1,skipped: YouTube bot-block breaker is open
yt:gdq85HdeXVs,youtube,continuous,วิชาวัฒนธรรมคนหูหนวก ตอน ขอบเขตของคนหูหนวกอยู่รวมกับสังคมทั่วไป,https://www.youtube.com/watch?v=gdq85HdeXVs,pending,1,skipped: YouTube bot-block breaker is open
yt:gliwRGBJX_k,youtube,continuous,แนะนำบริการสนทนาข้อความบนเว็บไซต์ (Live Chat),https://www.youtube.com/watch?v=gliwRGBJX_k,pending,1,skipped: YouTube bot-block breaker is open
yt:goOFCQdXHKA,youtube,continuous,ภาษามือ_โรงพยาบาล,https://www.youtube.com/watch?v=goOFCQdXHKA,pending,1,skipped: YouTube bot-block breaker is open
yt:gv6v9cAkBpU,youtube,continuous,ภาษามือประกอบเพลงค่านิยม 12 ประการ,https://www.youtube.com/watch?v=gv6v9cAkBpU,pending,1,skipped: YouTube bot-block breaker is open
yt:gy1ymMJvljA,youtube,continuous,มาตราการป้องกันการแพร่ระบาดโควิด-19,https://www.youtube.com/watch?v=gy1ymMJvljA,pending,1,skipped: YouTube bot-block breaker is open
yt:hB9VWhvc8xA,youtube,continuous,27.04.2025 : บทเทศน์ โดยบาทหลวง เปโตร ภูรวัติ ศีราอริย  : #พิธีบูชาขอบพระคุณภาษามือไทย,https://www.youtube.com/watch?v=hB9VWhvc8xA,pending,1,skipped: YouTube bot-block breaker is open
yt:hFLATzd3_KE,youtube,word,Flea market [NMPSchool] Thai Signlanguage,https://www.youtube.com/watch?v=hFLATzd3_KE,pending,1,skipped: YouTube bot-block breaker is open
yt:hGr7XfaXPoo,youtube,continuous,แจ๋ว สมาคมคนหูหนวกแห่งประเทศไทย 11 ก.ค. 2561,https://www.youtube.com/watch?v=hGr7XfaXPoo,pending,1,skipped: YouTube bot-block breaker is open
yt:hIPy4xlVR7c,youtube,continuous,เราติดโควิด-19 ได้อย่างไร,https://www.youtube.com/watch?v=hIPy4xlVR7c,pending,1,skipped: YouTube bot-block breaker is open
yt:hMAcrItgj20,youtube,continuous,กลิ่นเท้า ไม่ใช่เรื่องตลก,https://www.youtube.com/watch?v=hMAcrItgj20,pending,1,skipped: YouTube bot-block breaker is open
yt:hOwkMj_1_ss,youtube,continuous,ข้อกำหนดเเละเงื่อนไขในการใช้บริการ,https://www.youtube.com/watch?v=hOwkMj_1_ss,pending,1,skipped: YouTube bot-block breaker is open
yt:hPqIXTAdLl0,youtube,continuous,แถลงสถานการณ์ COVID-19 โดย ศบค. [ภาษามือ] (26 พ.ค. 63),https://www.youtube.com/watch?v=hPqIXTAdLl0,pending,1,skipped: YouTube bot-block breaker is open
yt:hUpe7gpwhgw,youtube,continuous,สธ.แถลงสถานการณ์โควิด-19 [ภาษามือ] (10 มี.ค. 63),https://www.youtube.com/watch?v=hUpe7gpwhgw,pending,1,skipped: YouTube bot-block breaker is open
yt:ha2HKfSmxPs,youtube,continuous,ล่ามภาษามือทางการแพทย์ โรคความดัน และเบาหวาน,https://www.youtube.com/watch?v=ha2HKfSmxPs,pending,1,skipped: YouTube bot-block breaker is open
yt:hn2u2tGKtsM,youtube,word,ทบทวนคำศัพท์ภาษามือ หมวด วัน  #ภาษามือ  #คำศัพท์ภาษามือ_วัน #ภาษามือ_วัน,https://www.youtube.com/watch?v=hn2u2tGKtsM,pending,1,skipped: YouTube bot-block breaker is open
yt:hnjJd7NNOG0,youtube,continuous,ข่าวประชาสัมพันธ์ (ภาษามือ)คนหูหนวกสาวประเภทสอง เกย์  คลินิกเทคนิคการแพทย์ ฟ้าสีรุ้งรามคำแหง,https://www.youtube.com/watch?v=hnjJd7NNOG0,pending,1,skipped: YouTube bot-block breaker is open
yt:hqmzHQ_bQ8Y,youtube,continuous,ผ่าตัดฝังประสาทหูเทียม คืนการได้ยินให้ผู้พิการ -รู้จักอาการหูหนวก  l TNN HEALTH l 09 07 65,https://www.youtube.com/watch?v=hqmzHQ_bQ8Y,pending,1,skipped: YouTube bot-block breaker is open
yt:hxd5rRkm_14,youtube,continuous,"คำเทศนา ด้วยภาษามือ เรื่อง ""ดาวิดกับโกลิอัส"" โดย ศจ.ดร.สุรศักดิ์  ศิษย์ธนานันท์ DrKerMinistry",https://www.youtube.com/watch?v=hxd5rRkm_14,pending,1,skipped: YouTube bot-block breaker is open
yt:i-uYlCenRaE,youtube,continuous,ภาษามือที่บรรจงรักษาพระรัตนตรัย ป.๑-ป.๒,https://www.youtube.com/watch?v=i-uYlCenRaE,pending,1,skipped: YouTube bot-block breaker is open
yt:i579FZYY_TE,youtube,continuous,เพลง เหมือนวิวาห์-Jeff Satur [Ost.วิมานหนาม] Sign Language Cover by Andre,https://www.youtube.com/watch?v=i579FZYY_TE,pending,1,skipped: YouTube bot-block breaker is open
yt:iEYbFjJW7lg,youtube,continuous,อำเภอชนแดน จังหวัดเพชรบูรณ์,https://www.youtube.com/watch?v=iEYbFjJW7lg,pending,1,skipped: YouTube bot-block breaker is open
yt:iKPt5rD-psw,youtube,continuous,เลือกตั้งคือคำตอบ 2 (มิวสิควิดีโอพร้อมล่ามภาษามือ),https://www.youtube.com/watch?v=iKPt5rD-psw,pending,1,skipped: YouTube bot-block breaker is open
yt:iKmnd1pDSb8,youtube,word,How to sign Thailand in Thai Sign Language | ประเทศไทย 🇹🇭,https://www.youtube.com/watch?v=iKmnd1pDSb8,pending,1,skipped: YouTube bot-block breaker is open
yt:iMiXxQX5dKM,youtube,word,Thai Sign Language1_11.mp4,https://www.youtube.com/watch?v=iMiXxQX5dKM,pending,1,skipped: YouTube bot-block breaker is open
yt:iNvrUh2RFwI,youtube,continuous,รายการ1479 วาไรตี้ : ตอน สิทธิการใช้ล่ามภาษามือสำหรับคนพิการ/ช่วงสิทธิเป็นจริง/EP03,https://www.youtube.com/watch?v=iNvrUh2RFwI,pending,1,skipped: YouTube bot-block breaker is open
yt:iRkzL3f9R4E,youtube,continuous,Vlog ง๊อกแง๊ก : คาเฟ่ภาษามือ จะสั่งรอดไหม Bake by win เชียงใหม่,https://www.youtube.com/watch?v=iRkzL3f9R4E,pending,1,skipped: YouTube bot-block breaker is open
yt:iWIBWZ5DSZc,youtube,continuous,นิทาน ภาษามือ วอลดอร์ฟ เรื่อง บ้าน วัด โรงเรียน | ครูเติ้ล,https://www.youtube.com/watch?v=iWIBWZ5DSZc,pending,1,skipped: YouTube bot-block breaker is open
yt:iWTgqlHF7HQ,youtube,continuous,คำศัพท์ด้านเศรษฐกิจการเงินจากการอบรมล่ามภาษามือ รุ่นที่ 1 ปี 2566,https://www.youtube.com/watch?v=iWTgqlHF7HQ,pending,1,skipped: YouTube bot-block breaker is open
yt:ic10-MZGcss,youtube,word,คู่มือหนังสือภาษามือไทยเล่มที่ 1.flv,https://www.youtube.com/watch?v=ic10-MZGcss,pending,1,skipped: YouTube bot-block breaker is open
yt:ieBFfrzqFlM,youtube,continuous,อัปเดตมาตราการคุมเข้ม ยกระดับมาตรการควบคุม COVID-19 มีผล 20 ก.ค.64,https://www.youtube.com/watch?v=ieBFfrzqFlM,pending,1,skipped: YouTube bot-block breaker is open
yt:ifrdPvNxpDQ,youtube,continuous,อาหารมีพิษกินแล้วตาย #ของกินต้องห้าม | ไม่ตายหรอกเธอ,https://www.youtube.com/watch?v=ifrdPvNxpDQ,pending,1,skipped: YouTube bot-block breaker is open
yt:ilXJRb5NL2w,youtube,word,Thai sign language : Giraffe ภาษามือในสวนสัตว์ ยีราฟ,https://www.youtube.com/watch?v=ilXJRb5NL2w,pending,1,skipped: YouTube bot-block breaker is open
yt:ioWmZ2AUit4,youtube,continuous,หลุดจากความทุกข์ เพราะสติรู้สึกตัว (พร้อมแปลภาษามือ) | หลวงพ่อคำเขียน สุวัณโณ,https://www.youtube.com/watch?v=ioWmZ2AUit4,pending,1,skipped: YouTube bot-block breaker is open
yt:iw44FOs0-Gk,youtube,continuous,สังเกตอาการ ณ ที่พักอาศัยและแนวทางปฏิบัติตัว 14 วัน,https://www.youtube.com/watch?v=iw44FOs0-Gk,pending,1,skipped: YouTube bot-block breaker is open
yt:j1TlrJDwx4c,youtube,word,ตอนที่ 4 ภาษามือไทย Outline Thai Sign Language (ThSL),https://www.youtube.com/watch?v=j1TlrJDwx4c,pending,1,skipped: YouTube bot-block breaker is open
yt:j3aF39dTjts,youtube,sentence,เพลง อวยพรวันเกิด (ภาษามือ) : โรงเรียนโสตศึกษาจังหวัดนครปฐม,https://www.youtube.com/watch?v=j3aF39dTjts,pending,1,skipped: YouTube bot-block breaker is open
yt:jH7Pt2ZDEF8,youtube,continuous,วันภาษามือโลกและวันสัปดาห์คนหูหนวกโลก ประจำปี 2566 ข่าวเช้า วันที่ 25 กันยายน 2566 #NBT2HD,https://www.youtube.com/watch?v=jH7Pt2ZDEF8,pending,1,skipped: YouTube bot-block breaker is open
yt:jJVRpRXCrq8,youtube,sentence,ภาษามือในชีวิตประจำวัน,https://www.youtube.com/watch?v=jJVRpRXCrq8,pending,1,skipped: YouTube bot-block breaker is open
yt:jNbnX5_kj4M,youtube,continuous,นิทาน ภาษามือ วอลดอร์ฟ เรื่อง กลางวัน กลางคืน | ครูเติ้ล,https://www.youtube.com/watch?v=jNbnX5_kj4M,pending,1,skipped: YouTube bot-block breaker is open
yt:jNtsov_kGIU,youtube,continuous,แถลงสถานการณ์ COVID-19 โดย ศบค. และ สธ. [ภาษามือ] (31 ธ.ค. 63),https://www.youtube.com/watch?v=jNtsov_kGIU,pending,1,skipped: YouTube bot-block breaker is open
yt:jPEeeqezJ4M,youtube,continuous,หนุ่ม! โดนสไลด์หนอน กับการบรรยายของพี่ล่ามภาษามือที่ได้อรรถรสสุดๆ,https://www.youtube.com/watch?v=jPEeeqezJ4M,pending,1,skipped: YouTube bot-block breaker is open
yt:jTHsqDSQ1CY,youtube,continuous,แถลงสถานการณ์ COVID-19 โดย ศบค. [ภาษามือ] (21 พ.ค. 63),https://www.youtube.com/watch?v=jTHsqDSQ1CY,pending,1,skipped: YouTube bot-block breaker is open
yt:jU7VuLpCRMk,youtube,continuous,ตอนที่ ๒/๔ แนวทางการปฏิบัติธรรมในพระพุทธศาสนา (ภาษามือสำหรับคนหูหนวก),https://www.youtube.com/watch?v=jU7VuLpCRMk,pending,1,skipped: YouTube bot-block breaker is open
yt:jclYCU9g4Gc,youtube,word,ฝึกเลือกคำศัพท์ภาษามือไทย29/8/64,https://www.youtube.com/watch?v=jclYCU9g4Gc,failed,1,"ERROR: [youtube] jclYCU9g4Gc: Sign in to confirm your age. Use --cookies-from-browser or --cookies for the authentication. See  https://github.com/yt-dlp/yt-dlp/wiki/FAQ#how-do-i-pass-cookies-to-yt-dlp  for how to manually pass cookies. Also see  https://github.com/yt-dlp/yt-dlp/wiki/Extractors#exporting-youtube-cookies  for tips on effectively exporting YouTube cookies
"
yt:jh7SrNVzv8M,youtube,sentence,Deaf Bangsapan,https://www.youtube.com/watch?v=jh7SrNVzv8M,pending,1,skipped: YouTube bot-block breaker is open
yt:jm_do9I31-k,youtube,sentence,ภาษามือไทยในชีวิตประจำวัน/หมวดร่างกาย/จมูก,https://www.youtube.com/watch?v=jm_do9I31-k,pending,1,skipped: YouTube bot-block breaker is open
yt:jrYh81a8XY4,youtube,continuous,"แนะนำวิธีการใช้เมนู ""บริการฝากข้อความให้หูหนวกติดต่อหูดีกลับได้ผ่านบริการ TTRS Video""",https://www.youtube.com/watch?v=jrYh81a8XY4,pending,1,skipped: YouTube bot-block breaker is open
yt:jraiQi9eotE,youtube,continuous,ล่ามภาษามือและพูดได้นะ,https://www.youtube.com/watch?v=jraiQi9eotE,pending,1,skipped: YouTube bot-block breaker is open
yt:jvGSrp4_BlQ,youtube,continuous,SDGs in Sign Language: Reduced Inequalities | SDG 10 ลดช่องว่างระหว่างเรา ถ้วนหน้า ทั่วถึง,https://www.youtube.com/watch?v=jvGSrp4_BlQ,pending,1,skipped: YouTube bot-block breaker is open
yt:jy7iU8tqw2o,youtube,sentence,VDO พี่หัวดีกับน้องหูหนวก โรงเรียนโสตศึกษาจังหวัดปราจีนบุรี,https://www.youtube.com/watch?v=jy7iU8tqw2o,pending,1,skipped: YouTube bot-block breaker is open
yt:k0Wt2kIAiH0,youtube,continuous,แถลงสถานการณ์ COVID-19 โดย ศบค. [ภาษามือ] (19 เม.ย. 63),https://www.youtube.com/watch?v=k0Wt2kIAiH0,pending,1,skipped: YouTube bot-block breaker is open
yt:k8IHBf1xDK8,youtube,continuous,เป็นกันเอง กับ บริการล่ามภาษามือและคำบรรยายแทนเสียงเพื่อคนหูหนวก,https://www.youtube.com/watch?v=k8IHBf1xDK8,pending,1,skipped: YouTube bot-block breaker is open
yt:k9Ihi4QiPmI,youtube,continuous,Sign Language News#3 (3/3),https://www.youtube.com/watch?v=k9Ihi4QiPmI,pending,1,skipped: YouTube bot-block breaker is open
yt:kAD2j2sQdHY,youtube,continuous,ล่ามภาษามือ “ความสำเร็จการขับเคลื่อนแผนสิทธิมนุษยชนแห่งชาติ ฉบับที่ 4,https://www.youtube.com/watch?v=kAD2j2sQdHY,pending,1,skipped: YouTube bot-block breaker is open
yt:kHWYPLdS6Iw,youtube,continuous,วิธีการใช้วิดีโอโฟน,https://www.youtube.com/watch?v=kHWYPLdS6Iw,pending,1,skipped: YouTube bot-block breaker is open
yt:kRYYezSIUNc,youtube,continuous,คุยกันภาษามือ EP.2 เครื่องสำอางค์ในวัตสัน,https://www.youtube.com/watch?v=kRYYezSIUNc,pending,1,skipped: YouTube bot-block breaker is open
yt:kU6pHSDepkg,youtube,continuous,Ep.246  14-05-2023 บทเทศน์ : สัปดาห์ที่ 6 เทศกาลปัสกา  ปีA,https://www.youtube.com/watch?v=kU6pHSDepkg,pending,1,skipped: YouTube bot-block breaker is open
yt:kUOhm79Pw9U,youtube,continuous,ผักกูด | เกษตร อีซี่,https://www.youtube.com/watch?v=kUOhm79Pw9U,pending,1,skipped: YouTube bot-block breaker is open
yt:kWHUf1ZQP8U,youtube,continuous,"#ภาษามือ ""พรรคการเมือง"" โดย สมาคมคนหูหนวกแห่งประเทศไทย | Thai PBS Big Sign ภาษามือใหญ่เต็มจอ",https://www.youtube.com/watch?v=kWHUf1ZQP8U,pending,1,skipped: YouTube bot-block breaker is open
yt:kXDVp3nAJNI,youtube,continuous,คนทางนั้น(ภาษามือ),https://www.youtube.com/watch?v=kXDVp3nAJNI,pending,1,skipped: YouTube bot-block breaker is open
yt:kdEqgYpW4L4,youtube,continuous,การบริการถ่ายทอดการสื่อสารแบบ SMS/MMS,https://www.youtube.com/watch?v=kdEqgYpW4L4,pending,1,skipped: YouTube bot-block breaker is open
yt:kdNjotPvQwY,youtube,continuous,Ep.32 15.02.2026 บทเทศน์ : บาทหลวงเปโตร ภูรวัติ ศีราอริย #พิธีบูชาขอบพระคุณภาษามือไทย,https://www.youtube.com/watch?v=kdNjotPvQwY,pending,1,skipped: YouTube bot-block breaker is open
yt:kgK66uNDXXA,youtube,continuous,แจ๋ว | สร้างโอกาส ให้กำลังใจ สมาคมคนหูหนวกแห่งประเทศไทย | 11-07-61 | Ch3Thailand,https://www.youtube.com/watch?v=kgK66uNDXXA,pending,1,skipped: YouTube bot-block breaker is open
yt:khZRTYBMJJA,youtube,continuous,สธ.แถลงสถานการณ์โควิด-19 [ภาษามือ] (1 พ.ค. 63),https://www.youtube.com/watch?v=khZRTYBMJJA,pending,1,skipped: YouTube bot-block breaker is open
yt:kks7iIxuwI4,youtube,continuous,กุหลาบมอญ | เกษตร อีซี่,https://www.youtube.com/watch?v=kks7iIxuwI4,pending,1,skipped: YouTube bot-block breaker is open
yt:kp67M46zJUw,youtube,word,"Comparing British Sign Language (BSL), Japanese Sign Language (JSL) and Thai Sign Language (TSL)",https://www.youtube.com/watch?v=kp67M46zJUw,pending,1,skipped: YouTube bot-block breaker is open
yt:ky4Bw4I49rs,youtube,continuous,ประมวลภาพบรรยากาศและการสัมภาษณ์ในงานสัปดาห์หูหนวกโลก ประจำปี 2559,https://www.youtube.com/watch?v=ky4Bw4I49rs,pending,1,skipped: YouTube bot-block breaker is open
yt:kzQ6yb2MxPI,youtube,continuous,สธ.แถลงสถานการณ์โควิด-19 บริการล่ามภาษามือ (6 มี.ค. 63),https://www.youtube.com/watch?v=kzQ6yb2MxPI,pending,1,skipped: YouTube bot-block breaker is open
yt:l2xTX_scUrM,youtube,sentence,LoveIsHear 2020 : This Is Love เป๊ก ผลิตโชค :  โรงเรียนโสตศึกษาจังหวัดอุดรธานี,https://www.youtube.com/watch?v=l2xTX_scUrM,pending,1,skipped: YouTube bot-block breaker is open
yt:l50n4Q6JeEI,youtube,continuous,ภาษามือ หมวดคำกริยา #ThSL,https://www.youtube.com/watch?v=l50n4Q6JeEI,pending,1,skipped: YouTube bot-block breaker is open
yt:l8nN6j3x5Ls,youtube,continuous,ทำวัตรเช้า,https://www.youtube.com/watch?v=l8nN6j3x5Ls,pending,1,skipped: YouTube bot-block breaker is open
yt:lRGgxXsBse4,youtube,word,Benificiary Communication / Disaster Preparedness (Thai voice & Thai sign language),https://www.youtube.com/watch?v=lRGgxXsBse4,pending,1,skipped: YouTube bot-block breaker is open
yt:lWIBf6Fx3B8,youtube,continuous,Thai Deaf Talk # ประกวดเล่าเรื่องภาษามือ (วรส.),https://www.youtube.com/watch?v=lWIBf6Fx3B8,pending,1,skipped: YouTube bot-block breaker is open
yt:lYN5sQyvuJ8,youtube,continuous,"กิจการของอัครทูต บทที่28.17-31 ""เปาโลเทศนาในกรุงโรม""",https://www.youtube.com/watch?v=lYN5sQyvuJ8,pending,1,skipped: YouTube bot-block breaker is open
yt:lo3zHwiraD8,youtube,continuous,แถลงสถานการณ์ COVID-19 โดย ศบค. [ภาษามือ] (3 มิ.ย. 63),https://www.youtube.com/watch?v=lo3zHwiraD8,pending,1,skipped: YouTube bot-block breaker is open
yt:m-1NlOnTT0w,youtube,word,"Self-learning Multiple Languages: Japanese, English, Thai, with sign language (Day10-Day18)",https://www.youtube.com/watch?v=m-1NlOnTT0w,pending,1,skipped: YouTube bot-block breaker is open
yt:m9giFiGzg8Y,youtube,word,EP 7 คู่มือ WBSC (ภาษามือ) เรื่อง การทำแบบทดสอบ Quiz แบบปรนัย ตัวเลือก,https://www.youtube.com/watch?v=m9giFiGzg8Y,pending,1,skipped: YouTube bot-block breaker is open
yt:m9m599O-qh4,youtube,continuous,ภาษามือ บุคคลทางการเมือง ชุดที่ 2 โดยสมาคมคนหูหนวกแห่งประเทศไทย | Thai PBS BigSign ภาษามือใหญ่เต็มจอ,https://www.youtube.com/watch?v=m9m599O-qh4,pending,1,skipped: YouTube bot-block breaker is open
yt:mCnnqytp-58,youtube,word,ภาษามือ :: กำหนดเวลา,https://www.youtube.com/watch?v=mCnnqytp-58,pending,1,skipped: YouTube bot-block breaker is open
yt:mDI-VjY4VuY,youtube,word,เพลงชาติไทย ภาษามือไทย โดย โรงเรียนนครสวรรค์ปัญญานุกูล,https://www.youtube.com/watch?v=mDI-VjY4VuY,pending,1,skipped: YouTube bot-block breaker is open
yt:mJqUn1TAbKA,youtube,continuous,SDGs in Sign Language: Gender Equality | SDG 5 อคติหมดไป หลากหลายทางเพศ,https://www.youtube.com/watch?v=mJqUn1TAbKA,pending,1,skipped: YouTube bot-block breaker is open
yt:mSUWzY2Ky38,youtube,continuous,คนเลี้ยงลิง ลิงเลี้ยงคน พร้อมจอล่ามภาษามือ,https://www.youtube.com/watch?v=mSUWzY2Ky38,pending,1,skipped: YouTube bot-block breaker is open
yt:mT4kSm6OfEk,youtube,continuous,ตอนที่ ๑/๔ แนวทางการปฏิบัติธรรมในพระพุทธศาสนา (ภาษามือสำหรับคนหูหนวก),https://www.youtube.com/watch?v=mT4kSm6OfEk,pending,1,skipped: YouTube bot-block breaker is open
yt:mUckVvON7pw,youtube,continuous,งาน Kick off 14 15 พ ค  56,https://www.youtube.com/watch?v=mUckVvON7pw,pending,1,skipped: YouTube bot-block breaker is open
yt:m_8QQw2Kvdo,youtube,word,ภาษามือเวลา,https://www.youtube.com/watch?v=m_8QQw2Kvdo,pending,1,skipped: YouTube bot-block breaker is open
yt:map_K-mI5VE,youtube,word,ภาษามืออเมริกัน American Sign Language,https://www.youtube.com/watch?v=map_K-mI5VE,pending,1,skipped: YouTube bot-block breaker is open
yt:mqofKMOGisI,youtube,continuous,ดาวลูกไก่,https://www.youtube.com/watch?v=mqofKMOGisI,pending,1,skipped: YouTube bot-block breaker is open
yt:mrtMNrxGUI0,youtube,continuous,สธ.แถลงสถานการณ์โควิด-19 [ภาษามือ] (28 พ.ค. 63),https://www.youtube.com/watch?v=mrtMNrxGUI0,pending,1,skipped: YouTube bot-block breaker is open
yt:muKk407AFe8,youtube,continuous,ภาษามือประกอบเพลง ชัยชนะ,https://www.youtube.com/watch?v=muKk407AFe8,pending,1,skipped: YouTube bot-block breaker is open
yt:nDJWvQDBOnk,youtube,continuous,มหาวิทยาลัยกรุงเทพธนบุรี (คนหูหนวก),https://www.youtube.com/watch?v=nDJWvQDBOnk,pending,1,skipped: YouTube bot-block breaker is open
yt:nEGEVJxKvF8,youtube,continuous,ล่ามภาษามือ | คุณวรลักขณา ขวัญสู่ | เป็นกันเอง,https://www.youtube.com/watch?v=nEGEVJxKvF8,pending,1,skipped: YouTube bot-block breaker is open
yt:nX-dnuVHG7g,youtube,continuous,การเดินจากจุดรับ - ส่งผู้ป่วยไปยังห้องพัก,https://www.youtube.com/watch?v=nX-dnuVHG7g,pending,1,skipped: YouTube bot-block breaker is open
yt:naT4Ow9SURY,youtube,word,"กิจกรรม ""การนับเลขเป็นภาษามือ""",https://www.youtube.com/watch?v=naT4Ow9SURY,pending,1,skipped: YouTube bot-block breaker is open
yt:nfcYC6YTZlk,youtube,word,โครงการอบรมภาษามือไทยระดับพื้นฐานเพื่อการสื่อสารกับคนหูหนวกจังหวัดชัยภูมิ,https://www.youtube.com/watch?v=nfcYC6YTZlk,pending,1,skipped: YouTube bot-block breaker is open
yt:niLf43BiwgE,youtube,continuous,RSMahidol_ภาษามือไทยวันละคำ: คนหูหนวก,https://www.youtube.com/watch?v=niLf43BiwgE,pending,1,skipped: YouTube bot-block breaker is open
yt:noCZEVNHZ2g,youtube,sentence,TCAS64 หลักสูตรครู สาขาวิชาการศึกษาของคนหูหนวก ม.มหิดล (D),https://www.youtube.com/watch?v=noCZEVNHZ2g,pending,1,skipped: YouTube bot-block breaker is open
yt:nsg4fSA6WMQ,youtube,continuous,Deaf Channel # 13 (29 มิ.ย.56),https://www.youtube.com/watch?v=nsg4fSA6WMQ,pending,1,skipped: YouTube bot-block breaker is open
yt:nv1cAPeg040,youtube,continuous,ภาษามือ คำว่า ไม่เป็นไร | 6304101335 | วิทยาการคอมพิวเตอร์ | MJU,https://www.youtube.com/watch?v=nv1cAPeg040,pending,1,skipped: YouTube bot-block breaker is open
yt:o331pBSHnbo,youtube,continuous,"""สร้อยทอง"" ล่ามภาษามือผู้ที่อุทิศกาย-ใจให้คนหูหนวก | เรื่องดีดีTNN (22/02/62)",https://www.youtube.com/watch?v=o331pBSHnbo,pending,1,"ERROR: [youtube] o331pBSHnbo: Sign in to confirm you’re not a bot. Use --cookies-from-browser or --cookies for the authentication. See  https://github.com/yt-dlp/yt-dlp/wiki/FAQ#how-do-i-pass-cookies-to-yt-dlp  for how to manually pass cookies. Also see  https://github.com/yt-dlp/yt-dlp/wiki/Extractors#exporting-youtube-cookies  for tips on effectively exporting YouTube cookies
"
yt:o6z1GcUCNlQ,youtube,continuous,สธ.แถลงสถานการณ์โควิด-19 [ภาษามือ] (7 พ.ค. 63),https://www.youtube.com/watch?v=o6z1GcUCNlQ,pending,1,"ERROR: [youtube] o6z1GcUCNlQ: Sign in to confirm you’re not a bot. Use --cookies-from-browser or --cookies for the authentication. See  https://github.com/yt-dlp/yt-dlp/wiki/FAQ#how-do-i-pass-cookies-to-yt-dlp  for how to manually pass cookies. Also see  https://github.com/yt-dlp/yt-dlp/wiki/Extractors#exporting-youtube-cookies  for tips on effectively exporting YouTube cookies
"
yt:o8Ci8S4_fxI,youtube,continuous,คำขอบคุณจากใจผู้ใช้บริการ 'Thai PBS Big Sign ภาษามือใหญ่เต็มจอ',https://www.youtube.com/watch?v=o8Ci8S4_fxI,pending,1,skipped: YouTube bot-block breaker is open
yt:o8rHKA6Svac,youtube,continuous,"Sign Language Interpreter for 9 Noon News + Incredible Cases, Strange Cases, September 10, 2025",https://www.youtube.com/watch?v=o8rHKA6Svac,pending,1,skipped: YouTube bot-block breaker is open
yt:o9B5x6s95kg,youtube,continuous,ชุดความรู้เสริมสร้างทักษะป้องกันโรคฯ(ภาษามือ) ตอน แนวทางปฏิบัติเพื่อป้องกันโควิด-19 สำหรับหอพัก,https://www.youtube.com/watch?v=o9B5x6s95kg,pending,1,skipped: YouTube bot-block breaker is open
yt:oCXjahLVCE0,youtube,continuous,แถลงสถานการณ์ COVID-19 โดย ศบค. และ สธ. [ภาษามือ] (29 ธ.ค. 63),https://www.youtube.com/watch?v=oCXjahLVCE0,pending,1,skipped: YouTube bot-block breaker is open
yt:oCeFcbnzO_w,youtube,continuous,สธ.แถลงสถานการณ์โควิด-19 [ภาษามือ] (5 พ.ค. 63),https://www.youtube.com/watch?v=oCeFcbnzO_w,pending,1,skipped: YouTube bot-block breaker is open
yt:oS_lEDm7H34,youtube,continuous,เสวนาโดยผู้แทนสมาคมคนหูหนวกแห่งประเทศไทย,https://www.youtube.com/watch?v=oS_lEDm7H34,pending,1,skipped: YouTube bot-block breaker is open
yt:ohehQ46OBQ4,youtube,continuous,ล่ามภาษามือ แปลเพลง นอกจากชื่อฉัน - เพราะวัยรุ่น EP4,https://www.youtube.com/watch?v=ohehQ46OBQ4,pending,1,skipped: YouTube bot-block breaker is open
yt:ojPU7x6Ty-0,youtube,word,Ep.1 เรื่องศาสนาอิสลามบทเรียน,https://www.youtube.com/watch?v=ojPU7x6Ty-0,pending,1,skipped: YouTube bot-block breaker is open
yt:ol7VGLsNt3o,youtube,continuous,บริการสร้างเสริมสุขภาพและป้องกันโรค กลุ่มผู้ใหญ่อายุ 25 -59 ปี (วีดีโอแปลภาษามือ),https://www.youtube.com/watch?v=ol7VGLsNt3o,pending,1,skipped: YouTube bot-block breaker is open
yt:oo6vWLUDK5o,youtube,word,"การเรียนภาษามือ EP.08 ""เต็มเปี่ยมด้วยพระวิญญาณบริสุทธิ์""",https://www.youtube.com/watch?v=oo6vWLUDK5o,pending,1,skipped: YouTube bot-block breaker is open
yt:oojK6iAVnJk,youtube,continuous,แถลงสถานการณ์ COVID-19 โดย ศบค. [ภาษามือ] (29 เม.ย. 63),https://www.youtube.com/watch?v=oojK6iAVnJk,pending,1,skipped: YouTube bot-block breaker is open
yt:orkf9DzkYjI,youtube,continuous,เพลงยิ่งรู้จักยิ่งรักเธอ (ภาษามือ),https://www.youtube.com/watch?v=orkf9DzkYjI,pending,1,skipped: YouTube bot-block breaker is open
yt:osK71i-8Q-4,youtube,continuous,"ผู้หญิงถึงผู้หญิง | 55 ปี ททท., ล่ามภาษามือดังทะลุจอ | 19-03-58",https://www.youtube.com/watch?v=osK71i-8Q-4,pending,1,skipped: YouTube bot-block breaker is open
yt:ouPaRtEdrm0,youtube,continuous,MV MASTER พลเมืองเป็นใหญ่ (พร้อมล่ามภาษามือ),https://www.youtube.com/watch?v=ouPaRtEdrm0,pending,1,skipped: YouTube bot-block breaker is open
yt:p8auzzqRAW0,youtube,word,ภาษามือไทย-หมวดสัตว์-ยุง,https://www.youtube.com/watch?v=p8auzzqRAW0,pending,1,skipped: YouTube bot-block breaker is open
yt:p8fPY6pDhBw,youtube,continuous,EP. 12ภาควิชาหูหนวกศึกษา ตอน...ซ่อนรางวัล,https://www.youtube.com/watch?v=p8fPY6pDhBw,pending,1,skipped: YouTube bot-block breaker is open
yt:pCUOfLvqoNE,youtube,word,Thai Sign Language Translation System on Android Tablet,https://www.youtube.com/watch?v=pCUOfLvqoNE,pending,1,skipped: YouTube bot-block breaker is open
yt:pGsWx2Ucsds,youtube,word,ภาษามือไทย-หมวดสัตว์-ยีราฟ,https://www.youtube.com/watch?v=pGsWx2Ucsds,pending,1,skipped: YouTube bot-block breaker is open
yt:pIfMAAK3lK8,youtube,continuous,กลุ่มสมาชิกคนหูหนวกภาคกลาง ภาษามือ,https://www.youtube.com/watch?v=pIfMAAK3lK8,pending,1,skipped: YouTube bot-block breaker is open
yt:pJbQ9w-rC8I,youtube,continuous,นิทานอีสป เรื่องเจ้าป่าว่าความ ฉบับภาษามือไทย,https://www.youtube.com/watch?v=pJbQ9w-rC8I,pending,1,skipped: YouTube bot-block breaker is open
yt:pRW4O7hkFpo,youtube,continuous,ผลสรุปการฝึกโยคะ พร้อมภาษามือ,https://www.youtube.com/watch?v=pRW4O7hkFpo,pending,1,skipped: YouTube bot-block breaker is open
yt:pZ5M4ZXDTVY,youtube,continuous,5 สิ่งควรทำและ 5 สิ่งไม่ควรทำ ในการเลี้ยงลูกน้อย,https://www.youtube.com/watch?v=pZ5M4ZXDTVY,pending,1,skipped: YouTube bot-block breaker is open
yt:pfpWniUq6_s,youtube,sentence,เสวนาภาษามือ,https://www.youtube.com/watch?v=pfpWniUq6_s,pending,1,skipped: YouTube bot-block breaker is open
yt:pjsy5cTgChE,youtube,sentence,โรงพยาบาล  คำศัพท์ภาษามือเกียวกับโรคโควิด 19  โรงเรียนโสตศึกษาจังหวัดขอนแก่น,https://www.youtube.com/watch?v=pjsy5cTgChE,pending,1,skipped: YouTube bot-block breaker is open
yt:pt1p1iUm6S4,youtube,word,คนที่ฟ้าส่งมาให้รักกัน (ภาษามือ) - นักศึกษา คณะครุสาตร์ สาขาวิชาฟิสิกส์ RMU,https://www.youtube.com/watch?v=pt1p1iUm6S4,pending,1,skipped: YouTube bot-block breaker is open
yt:pucLEaew-Fo,youtube,word,ภาษามือไทย-หมวดสัตว์-นก,https://www.youtube.com/watch?v=pucLEaew-Fo,pending,1,skipped: YouTube bot-block breaker is open
yt:q4QgIWZk8II,youtube,continuous,หมอข้างบ้าน  : ภาษามือ สื่อถึงใจ (2 ก.ย. 58),https://www.youtube.com/watch?v=q4QgIWZk8II,pending,1,skipped: YouTube bot-block breaker is open
yt:q7GdUhGJM0A,youtube,word,การแนะนำตัวเป็นภาษามือไทย (Thai Sign Language),https://www.youtube.com/watch?v=q7GdUhGJM0A,pending,1,skipped: YouTube bot-block breaker is open
yt:q9nnKkk1ZpU,youtube,continuous,[Big Sign] แถลงสถานการณ์ COVID-19 โดย ศบค. (10 มี.ค. 64),https://www.youtube.com/watch?v=q9nnKkk1ZpU,pending,1,skipped: YouTube bot-block breaker is open
yt:qDeB6OC4YKA,youtube,continuous,11 กลุ่มควรปรึกษาแพทย์ก่อนฉีดวัคซีนป้องกันโควิด,https://www.youtube.com/watch?v=qDeB6OC4YKA,pending,1,skipped: YouTube bot-block breaker is open
yt:qEXIheUansw,youtube,continuous,แถลงสถานการณ์ COVID-19 โดย ศบค. [ภาษามือ] (2 ม.ค. 64),https://www.youtube.com/watch?v=qEXIheUansw,pending,1,skipped: YouTube bot-block breaker is open
yt:qI8veC0Jm2k,youtube,continuous,พก.อบรมภาษามือไทยเพื่อการสื่อสารคนหูหนวก : เกาะสถานการณ์ 20.30 น. (17-12-2562),https://www.youtube.com/watch?v=qI8veC0Jm2k,pending,1,skipped: YouTube bot-block breaker is open
yt:qLUP-S0iofk,youtube,continuous,Ep.493 | บทเทศน์ : บาทหลวง เปโตร ภูรวัติ ศีราอริย | 22-09-2024 สัปดาห์ 25 เทศกาลธรรมดา ปีB,https://www.youtube.com/watch?v=qLUP-S0iofk,pending,1,skipped: YouTube bot-block breaker is open
yt:qM-LLrjGFBA,youtube,word,Old Chiangmai–Bangkok Sign Language family | Wikipedia audio article,https://www.youtube.com/watch?v=qM-LLrjGFBA,pending,1,skipped: YouTube bot-block breaker is open
yt:qOEnBq_LJOg,youtube,continuous,Tutorial บทเพลงภาวนาภาษามือ แผ่เมตตา,https://www.youtube.com/watch?v=qOEnBq_LJOg,pending,1,skipped: YouTube bot-block breaker is open
yt:qOR0lg6BebU,youtube,continuous,แถลงการณ์นายกรัฐมนตรี เรื่อง พ.ร.ก.ฉุกเฉิน [ภาษามือ] (25 มี.ค. 63),https://www.youtube.com/watch?v=qOR0lg6BebU,pending,1,skipped: YouTube bot-block breaker is open
yt:qPBqaybrSQI,youtube,continuous,ดอกฟ้า (ภาษามือ Version) - LABANOON「Sign Language Video」,https://www.youtube.com/watch?v=qPBqaybrSQI,pending,1,skipped: YouTube bot-block breaker is open
yt:qT2UeOf3iys,youtube,continuous,ล่ามภาษามือ คนกลางที่่ช่วยสื่อสารกับคนพิการหูหนวกเป็นใบ้ได้ รายการรวมใจไทอุบล,https://www.youtube.com/watch?v=qT2UeOf3iys,pending,1,skipped: YouTube bot-block breaker is open
yt:qb5gkuwJO0M,youtube,word,ภาษามือไทย-หมวดผักเครื่องปรุง-ขนมปัง,https://www.youtube.com/watch?v=qb5gkuwJO0M,pending,1,skipped: YouTube bot-block breaker is open
yt:r-ODLPn-14Q,youtube,continuous,รายการ D-มีดี EP5 | ศักยภาพคนหูหนวกทำสื่อ และการรับสื่ออย่างเท่าทัน คุณนับดาว องค์อภิชาติ[มีภาษามือ],https://www.youtube.com/watch?v=r-ODLPn-14Q,pending,1,skipped: YouTube bot-block breaker is open
yt:r0MmQBsecGU,youtube,sentence,LoveIsHear 2020 : โลกที่ไม่มีเธอ Portrait :  โรงเรียนโสตศึกษาจังหวัดร้อยเอ็ด,https://www.youtube.com/watch?v=r0MmQBsecGU,pending,1,skipped: YouTube bot-block breaker is open
yt:r2Kcuhh9GG8,youtube,word,เฮฮาภาษามือ EP6 ตอน “หมวดสี”,https://www.youtube.com/watch?v=r2Kcuhh9GG8,pending,1,skipped: YouTube bot-block breaker is open
yt:rAAXqVG4d_Q,youtube,sentence,ดูแลสุขภาพจิตของเด็กๆ | ช่อราตรี แสงเงิน,https://www.youtube.com/watch?v=rAAXqVG4d_Q,pending,1,skipped: YouTube bot-block breaker is open
yt:rFCOBb58n1A,youtube,sentence,สั่งอาหารออนไลน์ | จิตรเบญญา สิทธิ,https://www.youtube.com/watch?v=rFCOBb58n1A,pending,1,skipped: YouTube bot-block breaker is open
yt:rFrorut1VLs,youtube,continuous,เป็นวันภาษามือ,https://www.youtube.com/watch?v=rFrorut1VLs,pending,1,skipped: YouTube bot-block breaker is open
yt:rGWpu6VKFNQ,youtube,word,SEADeaf - Thailand Update 10/01/21 Sign Language,https://www.youtube.com/watch?v=rGWpu6VKFNQ,pending,1,skipped: YouTube bot-block breaker is open
yt:rZ336rbhB2I,youtube,word,Thai Sign Language - เพ้อเจ้อ (music video),https://www.youtube.com/watch?v=rZ336rbhB2I,pending,1,skipped: YouTube bot-block breaker is open
yt:rcjMJ6vAwaY,youtube,continuous,แถลงสถานการณ์ COVID-19 โดย ศบค. [ภาษามือ] (7 มิ.ย. 63),https://www.youtube.com/watch?v=rcjMJ6vAwaY,pending,1,skipped: YouTube bot-block breaker is open
yt:rgFDvF2PSMY,youtube,continuous,"#ภาษามือ ""พรรคการเมือง"" โดย สมาคมคนหูหนวกแห่งประเทศไทย | Thai PBS Big Sign ภาษามือใหญ่เต็มจอ",https://www.youtube.com/watch?v=rgFDvF2PSMY,pending,1,skipped: YouTube bot-block breaker is open
yt:rjOdKl0Dd-E,youtube,sentence,Deaf Channel # 2 (13 เม.ย. 56),https://www.youtube.com/watch?v=rjOdKl0Dd-E,pending,1,skipped: YouTube bot-block breaker is open
yt:roHH--xc1Y8,youtube,continuous,'วราวุธ' ประเดิมล่ามภาษามือสัมภาษณ์  | คมการเมือง,https://www.youtube.com/watch?v=roHH--xc1Y8,pending,1,skipped: YouTube bot-block breaker is open
yt:rrWnVvCYIrc,youtube,continuous,สื่อการเรียนรู้สำหรับล่ามภาษามือทางการแพทย์และสาธารณสุข เรื่อง โรคมะเร็งปอด,https://www.youtube.com/watch?v=rrWnVvCYIrc,pending,1,skipped: YouTube bot-block breaker is open
yt:s-zqVGQcEWQ,youtube,word,ASL Color SIGN บทเรียนภาษามืออเมริกัน เรื่อง สีต่างๆ : โรงเรียนโสตศึกษาจังหวัดนครปฐม,https://www.youtube.com/watch?v=s-zqVGQcEWQ,pending,1,skipped: YouTube bot-block breaker is open
yt:s18Tjmi6spA,youtube,word,"How to Sign ""Thailand"" in Sign Language?",https://www.youtube.com/watch?v=s18Tjmi6spA,pending,1,skipped: YouTube bot-block breaker is open
yt:s5g9QkZlEvg,youtube,sentence,Thai Deaf Talk # นักศึกษาหูหนวกเรียน ม.รังสิต,https://www.youtube.com/watch?v=s5g9QkZlEvg,pending,1,skipped: YouTube bot-block breaker is open
yt:sFVGbeBmpo8,youtube,word,เมื่อฉันเรียนภาษามือ || นิราศอเมริกา EP.6,https://www.youtube.com/watch?v=sFVGbeBmpo8,pending,1,skipped: YouTube bot-block breaker is open
yt:sI4LNvLykOY,youtube,sentence,( จำนวนนับ 1-10 ) ภาษามือ :โรงเรียนโสตศึกษาจังหวัดนครปฐม,https://www.youtube.com/watch?v=sI4LNvLykOY,pending,1,skipped: YouTube bot-block breaker is open
yt:sUKFG2qaAVM,youtube,continuous,สธ.แถลงสถานการณ์โควิด-19 [ภาษามือ] (10 เม.ย. 63),https://www.youtube.com/watch?v=sUKFG2qaAVM,pending,1,skipped: YouTube bot-block breaker is open
yt:sVL1C2ePubo,youtube,continuous,วิธีการแสดงโพสต์ของTTRS,https://www.youtube.com/watch?v=sVL1C2ePubo,pending,1,skipped: YouTube bot-block breaker is open
yt:sdvgZv0pQfA,youtube,continuous,แถลงสถานการณ์ COVID-19 โดย ศบค. [ภาษามือ] (6 มิ.ย. 63),https://www.youtube.com/watch?v=sdvgZv0pQfA,pending,1,skipped: YouTube bot-block breaker is open
yt:sgrhZet8C4Y,youtube,word,Thai Sign Language (ThSL) sign for Koh Samui,https://www.youtube.com/watch?v=sgrhZet8C4Y,pending,1,skipped: YouTube bot-block breaker is open
yt:sjU4CgipqFw,youtube,continuous,Ep.1 “รู้จัก สปสช.” Cartoon สปสช แนวนอน,https://www.youtube.com/watch?v=sjU4CgipqFw,pending,1,skipped: YouTube bot-block breaker is open
yt:skAT2Gpu8yo,youtube,continuous,Ep.70 บทเทศน์ : บาทหลวงเปโตร ภูรวัติ ศีราอริย #พิธีบูชาขอบพระคุณภาษามือไทย 2026.04.26,https://www.youtube.com/watch?v=skAT2Gpu8yo,pending,1,skipped: YouTube bot-block breaker is open
yt:spQyPkNN230,youtube,continuous,วิชาจรรยาบรรณล่ามภาษามือ ตอน จรรยาบรรณของวิชาชีพล่ามภาษามือและตัวอย่างของการปฏิบัติตามจรรยาบรรณ (2),https://www.youtube.com/watch?v=spQyPkNN230,pending,1,skipped: YouTube bot-block breaker is open
yt:spRGct0Zr5o,youtube,continuous,เที่ยวอย่างไร ไม่ประมาท,https://www.youtube.com/watch?v=spRGct0Zr5o,pending,1,skipped: YouTube bot-block breaker is open
yt:stKOxpHxIFk,youtube,word,"""ภาษามือ"" จุดเริ่มต้นของความเท่าเทียม | คุยกันวันใหม่",https://www.youtube.com/watch?v=stKOxpHxIFk,pending,1,skipped: YouTube bot-block breaker is open
yt:t4273r5xydE,youtube,sentence,นักศึกษารุ่นที่๑ ละคร 4/5,https://www.youtube.com/watch?v=t4273r5xydE,pending,1,skipped: YouTube bot-block breaker is open
yt:t8EBFnTXVIs,youtube,continuous,คนหูหนวกรู้ สู้โควิด Ep.9 การป้องกันตนเองเมื่อจำเป็นต้องเดินทาง,https://www.youtube.com/watch?v=t8EBFnTXVIs,pending,1,skipped: YouTube bot-block breaker is open
yt:t96q1mPmp7U,youtube,continuous,"โครงการ ""หนูอยากได้ยินเสียงแม่""​ มูลนิธิอนุเคราะห์คนหูหนวก ในพระบรมราชินูปถัมภ์",https://www.youtube.com/watch?v=t96q1mPmp7U,pending,1,skipped: YouTube bot-block breaker is open
yt:tBY8ygefaJM,youtube,continuous,ยินดี - sarah salola Ost.มาตาลดา (sign language) // cover,https://www.youtube.com/watch?v=tBY8ygefaJM,pending,1,skipped: YouTube bot-block breaker is open
yt:tFhLztH2BJI,youtube,continuous,วราวุธ เผยผู้ติดตามพิเศษ เป็นล่ามภาษามือ เพื่อให้ผู้บกพร่องทางการได้ยินได้ข่าวสารที่ถูกต้อง,https://www.youtube.com/watch?v=tFhLztH2BJI,pending,1,"ERROR: [youtube] tFhLztH2BJI: Sign in to confirm you’re not a bot. Use --cookies-from-browser or --cookies for the authentication. See  https://github.com/yt-dlp/yt-dlp/wiki/FAQ#how-do-i-pass-cookies-to-yt-dlp  for how to manually pass cookies. Also see  https://github.com/yt-dlp/yt-dlp/wiki/Extractors#exporting-youtube-cookies  for tips on effectively exporting YouTube cookies
"
yt:tHl0Y_nBlN8,youtube,word,ภาษามือบุคคล,https://www.youtube.com/watch?v=tHl0Y_nBlN8,pending,1,skipped: YouTube bot-block breaker is open
yt:tIf0rjZLRZ8,youtube,continuous,อำเภอวิเชียรบุรี จังหวัดเพชรบูรณ์,https://www.youtube.com/watch?v=tIf0rjZLRZ8,pending,1,skipped: YouTube bot-block breaker is open
yt:tInJpxaK5QY,youtube,continuous,แนะนำบริการ TTRS Captioned Phone,https://www.youtube.com/watch?v=tInJpxaK5QY,pending,1,skipped: YouTube bot-block breaker is open
yt:tM3ApG_BQRc,youtube,continuous,สธ.แถลงสถานการณ์โควิด-19 [ภาษามือ] (16 เม.ย. 63),https://www.youtube.com/watch?v=tM3ApG_BQRc,pending,1,skipped: YouTube bot-block breaker is open
yt:tRSehnjvOL0,youtube,continuous,สะพานภาษา นานาสาระ [ ตอนที่ 1 : ล่ามภาษามือคือใคร? ],https://www.youtube.com/watch?v=tRSehnjvOL0,pending,1,skipped: YouTube bot-block breaker is open
yt:tX1ru7CRumg,youtube,continuous,นโยบายการรักษาความลับ,https://www.youtube.com/watch?v=tX1ru7CRumg,pending,1,skipped: YouTube bot-block breaker is open
yt:tcOzUb_qdcQ,youtube,continuous,8 ข้อควรปฏิบัติ เมื่อรู้ว่าติดเชื้อโควิด,https://www.youtube.com/watch?v=tcOzUb_qdcQ,pending,1,skipped: YouTube bot-block breaker is open
yt:tdJs0PMv2Yw,youtube,continuous,ข่าวประเสริฐด้วยภาษามือ โดย ศจ.ดร.สุรศักดิ์ DrKerMinistry พระเจ้าสำหรับคนหูหนวก ข่าวดี เรื่องพระเยซู,https://www.youtube.com/watch?v=tdJs0PMv2Yw,pending,1,skipped: YouTube bot-block breaker is open
yt:tgj9vi0fCM8,youtube,continuous,สธ.แถลงสถานการณ์โควิด-19 บริการล่ามภาษามือ (7 มี.ค. 63),https://www.youtube.com/watch?v=tgj9vi0fCM8,pending,1,skipped: YouTube bot-block breaker is open
yt:tmmHbYIQhdE,youtube,continuous,นิทานภาษามือ,https://www.youtube.com/watch?v=tmmHbYIQhdE,pending,1,skipped: YouTube bot-block breaker is open
yt:tnS-jyeas4Q,youtube,sentence,โชคดีที่ไม่ไปหาหมอ 1/4  (มีแปลภาษามือ),https://www.youtube.com/watch?v=tnS-jyeas4Q,pending,1,skipped: YouTube bot-block breaker is open
yt:tpByvzsseD4,youtube,continuous,Vlog: สอนภาษามือ วิธีการเข้าห้างในช่วงยุค โควิด 19,https://www.youtube.com/watch?v=tpByvzsseD4,pending,1,skipped: YouTube bot-block breaker is open
yt:tpaR5sAM8PM,youtube,continuous,สธ.แถลงสถานการณ์โควิด-19 [ภาษามือ] (11 มิ.ย. 63),https://www.youtube.com/watch?v=tpaR5sAM8PM,pending,1,skipped: YouTube bot-block breaker is open
yt:tq0n9P9WTfg,youtube,continuous,วัถตุประสงค์ของสมาคม,https://www.youtube.com/watch?v=tq0n9P9WTfg,pending,1,skipped: YouTube bot-block breaker is open
yt:tsKXkLBQl0U,youtube,continuous,คำอาราธนาศีล ๕ ภาษามือ,https://www.youtube.com/watch?v=tsKXkLBQl0U,pending,1,skipped: YouTube bot-block breaker is open
yt:tu6G1pip9j8,youtube,sentence,ตอนที่5 ภาษามือมั่วจะตลก มีความสุข โรงเรียนโสตศึกษาจังหวัดนครศรีธรรมราช,https://www.youtube.com/watch?v=tu6G1pip9j8,pending,1,skipped: YouTube bot-block breaker is open
yt:tuOEJPLm0GE,youtube,continuous,น้ำท่วมอ่วมเลยพี่ #น้ำท่วมบ้าน | ไม่ตายหรอกเธอ,https://www.youtube.com/watch?v=tuOEJPLm0GE,pending,1,skipped: YouTube bot-block breaker is open
yt:tus7Uv_Jg9o,youtube,continuous,พริกไทย | เกษตร อีซี่,https://www.youtube.com/watch?v=tus7Uv_Jg9o,pending,1,skipped: YouTube bot-block breaker is open
yt:tz2rq0AbSdY,youtube,word,Thai Sign Language1_04.avi,https://www.youtube.com/watch?v=tz2rq0AbSdY,pending,1,skipped: YouTube bot-block breaker is open
yt:u21KJWmZwYc,youtube,word,EP 9 คู่มือ wbsc (ภาษามือ) การส่งงานแบบ link Youtube,https://www.youtube.com/watch?v=u21KJWmZwYc,pending,1,skipped: YouTube bot-block breaker is open
yt:u638FID85n4,youtube,sentence,EP.3 วิธีวัฒนธรรมคนหูหนวก,https://www.youtube.com/watch?v=u638FID85n4,pending,1,skipped: YouTube bot-block breaker is open
yt:uUeMAOVEJEw,youtube,continuous,Ep.176 บทเทศน์ สัปดาห์ที่ 5 เทศกาลธรรมดา ปีA : บาทหลวง เปโตร ภูรวัติ ศีราอริย,https://www.youtube.com/watch?v=uUeMAOVEJEw,pending,1,skipped: YouTube bot-block breaker is open
yt:ueHLtzZNNHo,youtube,continuous,วีดีโอภาษามือสอนคนหูหนวกทำอาหาร ขนม เพื่อสร้างรายได้ ทำให้มีอาชีพ,https://www.youtube.com/watch?v=ueHLtzZNNHo,pending,1,skipped: YouTube bot-block breaker is open
yt:um9m9o-LFHw,youtube,continuous,ชวนชม เทคโนโลยีช่วยคนหูหนวกล่ามภาษามือ ศูนย์บริการการสื่อสารแห่งประเทศไทย มูลนิธิสากลเพื่อคนพิการ,https://www.youtube.com/watch?v=um9m9o-LFHw,pending,1,skipped: YouTube bot-block breaker is open
yt:uqOj1rQAkJw,youtube,continuous,บัวอุบลชาติ | เกษตร อีซี่,https://www.youtube.com/watch?v=uqOj1rQAkJw,pending,1,skipped: YouTube bot-block breaker is open
yt:uvitPaxFUtA,youtube,continuous,การบริการล่ามภาษามือในองค์กร,https://www.youtube.com/watch?v=uvitPaxFUtA,pending,1,skipped: YouTube bot-block breaker is open
yt:uwzx5gHvVMM,youtube,continuous,สิ่งของที่จำเป็นสำหรับการเตรียมมาอยู่โรงพยาบาลสนาม,https://www.youtube.com/watch?v=uwzx5gHvVMM,pending,1,skipped: YouTube bot-block breaker is open
yt:uyu_pQB9M58,youtube,continuous,พาส่องเบื้องหลังภาษาล่ามมือ ในรายการฝนฟ้าอากาศ,https://www.youtube.com/watch?v=uyu_pQB9M58,pending,1,skipped: YouTube bot-block breaker is open
yt:v0uVhOf_aLU,youtube,continuous,สื่อการเรียน มีล่ามภาษามือและคำบรรยายแทนเสียง สังคมศึกษา ม.4-6 พระเจ้าอยู่หัวกับการจัดการน้ำ,https://www.youtube.com/watch?v=v0uVhOf_aLU,pending,1,skipped: YouTube bot-block breaker is open
yt:vBd7dxkztMk,youtube,continuous,คนหูหนวกทันข่าว ข่าวประจำวันที่ 7 กันยายน 2569,https://www.youtube.com/watch?v=vBd7dxkztMk,pending,1,skipped: YouTube bot-block breaker is open
yt:vSEZjJ50hOo,youtube,word,Making choice in election- with Mongolian Sign Language,https://www.youtube.com/watch?v=vSEZjJ50hOo,pending,1,skipped: YouTube bot-block breaker is open
yt:v_MbgyPfMeg,youtube,continuous,เล่นกีฬาก็ตายได้ ตอน 1 #อุบัติเหตุทางกีฬา | ไม่ตายหรอกเธอ,https://www.youtube.com/watch?v=v_MbgyPfMeg,pending,1,skipped: YouTube bot-block breaker is open
yt:vbuUbwNh19Q,youtube,continuous,คนหูหนวกรู้ สู้โควิด | Ep.7 | เกณฑ์การตรวจโควิด-19 ฟรี สำหรับประชาชน,https://www.youtube.com/watch?v=vbuUbwNh19Q,pending,1,skipped: YouTube bot-block breaker is open
yt:vfIxyFHbFec,youtube,continuous,ประกาศปิดศูนย์ 21-11-2014,https://www.youtube.com/watch?v=vfIxyFHbFec,pending,1,skipped: YouTube bot-block breaker is open
yt:vg0vLMlIWwM,youtube,sentence,กระทรวงคมนาคม  คำศัพท์ภาษามือเกียวกับโรคโควิด 19  โรงเรียนโสตศึกษาจังหวัดขอนแก่น,https://www.youtube.com/watch?v=vg0vLMlIWwM,pending,1,skipped: YouTube bot-block breaker is open
yt:vk8tYSZFPok,youtube,continuous,"การแสดงเพลงภาษามืออิสระ  ประกอบเพลง ""นารีรัตนา""  ของนักเรียนศูนย์ทดลองเด็กหูหนวกปฐมวัย",https://www.youtube.com/watch?v=vk8tYSZFPok,pending,1,skipped: YouTube bot-block breaker is open
yt:vsHqHUpIcGU,youtube,continuous,ภาษามือด้านกฎหมาย,https://www.youtube.com/watch?v=vsHqHUpIcGU,pending,1,skipped: YouTube bot-block breaker is open
yt:vw5meAX6FX4,youtube,continuous,คนหูหนวกถูกละเมิดทางเพศ : ตอนที่ 1 อะไรคือความรุนแรงทางเพศ (สื่อสารภาษามือ),https://www.youtube.com/watch?v=vw5meAX6FX4,pending,1,skipped: YouTube bot-block breaker is open
yt:w6QY6ipIk0s,youtube,continuous,แถลงสถานการณ์ COVID-19 โดย ศบค. [ภาษามือ] (15 มิ.ย. 63),https://www.youtube.com/watch?v=w6QY6ipIk0s,pending,1,skipped: YouTube bot-block breaker is open
yt:wDUuW7tUYiA,youtube,continuous,ข่าวล่ามภาษามือใจ,https://www.youtube.com/watch?v=wDUuW7tUYiA,pending,1,skipped: YouTube bot-block breaker is open
yt:wF93lyZV3YY,youtube,continuous,รายการ D มีดี Ep.21 - บิงโก ตอน“พิการแล้วไง...ใครๆ ก็เป็น ACTIVE CITIZEN”  (ออกอากาศ 19 มิ.ย. 64),https://www.youtube.com/watch?v=wF93lyZV3YY,pending,1,skipped: YouTube bot-block breaker is open
yt:wLv0UBNDBC0,youtube,continuous,ล่ามภาษามือ l แนะแนวสาขาน่าเรียน,https://www.youtube.com/watch?v=wLv0UBNDBC0,pending,1,skipped: YouTube bot-block breaker is open
yt:wMHUDmHD0lQ,youtube,continuous,ที่อยู่สำนักงานหลักประกันสุขภาพแห่งชาติ เขต 10–13 (วีดีโอแปลภาษามือ),https://www.youtube.com/watch?v=wMHUDmHD0lQ,pending,1,skipped: YouTube bot-block breaker is open
yt:wQa3luKy6AE,youtube,sentence,วีดีโอภาษามือสอนคนหูหนวกทำอาหาร ขนม เพื่อสร้างรายได้ ทำให้มีอาชีพ,https://www.youtube.com/watch?v=wQa3luKy6AE,pending,1,skipped: YouTube bot-block breaker is open
yt:wSMqJ1hfIhQ,youtube,continuous,ภาษามือประกอบเพลง EP.2 | คิด (แต่ไม่) ถึง (Same Page?) - Tilly Birds  : COVER | ภาษามือฮือฮา,https://www.youtube.com/watch?v=wSMqJ1hfIhQ,pending,1,skipped: YouTube bot-block breaker is open
yt:wWrQ4pwT7sY,youtube,continuous,เมาได้ไม่โดนมอม #โดนมอมยา | ไม่ตายหรอกเธอ,https://www.youtube.com/watch?v=wWrQ4pwT7sY,pending,1,skipped: YouTube bot-block breaker is open
yt:w_BUwqar18E,youtube,word,ภาษามือไทย-หมวดคำถาม-ทำอะไร,https://www.youtube.com/watch?v=w_BUwqar18E,pending,1,skipped: YouTube bot-block breaker is open
yt:w_Zs5PdsLt8,youtube,continuous,นิทานเรื่อง กระดึ๊บและผองเพื่อน ภาษามือ,https://www.youtube.com/watch?v=w_Zs5PdsLt8,pending,1,skipped: YouTube bot-block breaker is open
yt:wdujeOJt6xY,youtube,sentence,ภาษามือ_สวัสดี,https://www.youtube.com/watch?v=wdujeOJt6xY,pending,1,skipped: YouTube bot-block breaker is open
yt:wmmGc5vGdh8,youtube,continuous,มอนสเตอรา | เกษตร อีซี่,https://www.youtube.com/watch?v=wmmGc5vGdh8,pending,1,skipped: YouTube bot-block breaker is open
yt:wouuXhqJVms,youtube,sentence,Ep.3 ภาษามือ 20 ศัพท์ใคร่รู้ หมวดหมู่ “ของใช้ในชีวิตประจำวัน”,https://www.youtube.com/watch?v=wouuXhqJVms,pending,1,skipped: YouTube bot-block breaker is open
yt:wxkyucLe_Yo,youtube,continuous,การติดต่อทางไลน์ TTRS,https://www.youtube.com/watch?v=wxkyucLe_Yo,pending,1,skipped: YouTube bot-block breaker is open
yt:wz0J-HUFW6s,youtube,continuous,"파타야선교교회 28/08/26 เทศนาภาษามือ พระธรรมมาระโก 3:20-30 ""พระเยซูกับเบเอลเซบูล"" อ.ปิง",https://www.youtube.com/watch?v=wz0J-HUFW6s,pending,1,skipped: YouTube bot-block breaker is open
yt:wzwOsXmbG1A,youtube,continuous,BOY SOMPOB - แกล้งๆ (Playing It Cool!) OST. ซอโซ่ล่ามธีร์ Be My Player Two | Official Lyrics Video,https://www.youtube.com/watch?v=wzwOsXmbG1A,pending,1,skipped: YouTube bot-block breaker is open
yt:x3gZzQ3m39g,youtube,word,Ep.34 ภาษามือไทย พระบัญญัติพระเจ้าประการที่สาม #dcat #ชมรมคนหูหนวกคาทอลิกแห่งประเทศไทย,https://www.youtube.com/watch?v=x3gZzQ3m39g,pending,1,skipped: YouTube bot-block breaker is open
yt:x8CZAhYWCKM,youtube,continuous,108 วิธีตายในบ้าน ตอน 2 | ไม่ตายหรอกเธอ,https://www.youtube.com/watch?v=x8CZAhYWCKM,pending,1,skipped: YouTube bot-block breaker is open
yt:xD9HrbY7nas,youtube,continuous,พระราชาผู้ทรงธรรมภาษามือ,https://www.youtube.com/watch?v=xD9HrbY7nas,pending,1,skipped: YouTube bot-block breaker is open
yt:xDOJOc1eNeg,youtube,continuous,สมาคมคนหูหนวก แห่งประเทศไทย Live Stream,https://www.youtube.com/watch?v=xDOJOc1eNeg,pending,1,skipped: YouTube bot-block breaker is open
yt:xEw0KrlJA6Q,youtube,word,ASL Color SIGN บทเรียนภาษามืออเมริกัน เรื่อง สีต่างๆ,https://www.youtube.com/watch?v=xEw0KrlJA6Q,pending,1,skipped: YouTube bot-block breaker is open
yt:xZKMnnAa_hE,youtube,continuous,"Ep.4 | เมื่อ ""ล่ามภาษามือ"" ไม่ใช่ทางเลือก... แต่คือความจำเป็นในข่าวประจำวัน 🤟📺",https://www.youtube.com/watch?v=xZKMnnAa_hE,pending,1,skipped: YouTube bot-block breaker is open
yt:xcWhFQvhgig,youtube,continuous,1479 วาไรตี้ : ล่ามภาษามือ (EP12),https://www.youtube.com/watch?v=xcWhFQvhgig,pending,1,skipped: YouTube bot-block breaker is open
yt:xdI2Oni614M,youtube,continuous,บริการ TTRS LIVE CHAT ใหม่,https://www.youtube.com/watch?v=xdI2Oni614M,pending,1,skipped: YouTube bot-block breaker is open
yt:xdrf816UsaE,youtube,continuous,แถลงสถานการณ์ COVID-19 โดย ศบค. และ สธ. [ภาษามือ] (11 มิ.ย. 63),https://www.youtube.com/watch?v=xdrf816UsaE,pending,1,skipped: YouTube bot-block breaker is open
yt:xe03syzN5Yk,youtube,sentence,ภาษามือไทยประโยคฉันซื้อสัปปะรด,https://www.youtube.com/watch?v=xe03syzN5Yk,pending,1,"ERROR: [youtube] xe03syzN5Yk: Please sign in. Use --cookies-from-browser or --cookies for the authentication. See  https://github.com/yt-dlp/yt-dlp/wiki/FAQ#how-do-i-pass-cookies-to-yt-dlp  for how to manually pass cookies. Also see  https://github.com/yt-dlp/yt-dlp/wiki/Extractors#exporting-youtube-cookies  for tips on effectively exporting YouTube cookies
"
yt:xiPEKeffnEo,youtube,word,ภาษามือเอกสาร,https://www.youtube.com/watch?v=xiPEKeffnEo,pending,1,skipped: YouTube bot-block breaker is open
yt:xj2HycwJ3i4,youtube,sentence,ภาษามือไทยในชีวิตประจำวัน/หมวดกิริยาอาการ/เปิดประตู,https://www.youtube.com/watch?v=xj2HycwJ3i4,pending,1,skipped: YouTube bot-block breaker is open
yt:xkV9B7XVtLI,youtube,continuous,นิทานกระต่ายกับเต่า ภาษามือ,https://www.youtube.com/watch?v=xkV9B7XVtLI,pending,1,skipped: YouTube bot-block breaker is open
yt:xqwZsrl8USg,youtube,continuous,เบื้องหลังล่ามภาษามือในรายการโทรทัศน์ | HIGHLIGHT เพื่อนกันคนพันธุ์D EP.36 | 13 ก.พ. 65 | one31,https://www.youtube.com/watch?v=xqwZsrl8USg,pending,1,skipped: YouTube bot-block breaker is open
yt:xsrPwqiTOsI,youtube,continuous,Ep.40 บทเทศน์ : บาทหลวงเปโตร ภูรวัติ ศีราอริย (คุณพ่อไข่ดาว) 8.03.2026 #พิธีบูชาขอบพระคุณภาษามือไทย,https://www.youtube.com/watch?v=xsrPwqiTOsI,pending,1,skipped: YouTube bot-block breaker is open
yt:xw848YhFJBo,youtube,continuous,สมาคมคนหูหนวก แห่งประเทศไทย Live Stream,https://www.youtube.com/watch?v=xw848YhFJBo,pending,1,skipped: YouTube bot-block breaker is open
yt:y-iyn3OQ6Ws,youtube,word,Hmong - English Sign Language - Place,https://www.youtube.com/watch?v=y-iyn3OQ6Ws,pending,1,skipped: YouTube bot-block breaker is open
yt:yA0qjM1YCHA,youtube,continuous,ปรับเวลาปิดศูนย์ TTRS 28พ.ค.57,https://www.youtube.com/watch?v=yA0qjM1YCHA,pending,1,skipped: YouTube bot-block breaker is open
yt:yBOgA6MeahQ,youtube,continuous,เทศนาภาษามือ_ คริสตจักรหูหนวกพันธกิจพัทยา_อาจารย์ ภากร_ 수화설교_231217,https://www.youtube.com/watch?v=yBOgA6MeahQ,pending,1,skipped: YouTube bot-block breaker is open
yt:yD1Opci9iUk,youtube,word,ภาษามือในหมวดของเวลา วันเดือนปี,https://www.youtube.com/watch?v=yD1Opci9iUk,pending,1,skipped: YouTube bot-block breaker is open
yt:yKzlN8T-OWw,youtube,word,ภาษามือ เรื่อง สี #สำหรับการสอนนักเรียนที่มีความบกพร่องการได้ยิน,https://www.youtube.com/watch?v=yKzlN8T-OWw,pending,1,skipped: YouTube bot-block breaker is open
yt:yL00jNgtPWs,youtube,continuous,ศูนย์บริการถ่ายทอดการสื่อสาร,https://www.youtube.com/watch?v=yL00jNgtPWs,pending,1,skipped: YouTube bot-block breaker is open
yt:yMPOGlCvEAw,youtube,word,British Sign Language to Thai Sign Language - Colours,https://www.youtube.com/watch?v=yMPOGlCvEAw,pending,1,skipped: YouTube bot-block breaker is open
yt:yMZQXUN9CvE,youtube,continuous,นิทานภาษามือ นกกระเรียนยอดกตัญญู,https://www.youtube.com/watch?v=yMZQXUN9CvE,pending,1,skipped: YouTube bot-block breaker is open
yt:yN_Gx_2AEAI,youtube,continuous,มาระโก บทที่1:35-39 การเทศนาสั่งสอนตามที่ต่างๆ,https://www.youtube.com/watch?v=yN_Gx_2AEAI,pending,1,skipped: YouTube bot-block breaker is open
yt:yOPRIeVpGNs,youtube,continuous,บนโทรศัพท์เคลื่อนที่,https://www.youtube.com/watch?v=yOPRIeVpGNs,pending,1,skipped: YouTube bot-block breaker is open
yt:yVm_Px7APJk,youtube,continuous,"บทบาท ""ล่ามภาษามือ"" ลดช่องว่างการสื่อสาร | ข่าวค่ำ มิติใหม่ | 23 ก.ย. 65",https://www.youtube.com/watch?v=yVm_Px7APJk,pending,1,"ERROR: [youtube] yVm_Px7APJk: Sign in to confirm you’re not a bot. Use --cookies-from-browser or --cookies for the authentication. See  https://github.com/yt-dlp/yt-dlp/wiki/FAQ#how-do-i-pass-cookies-to-yt-dlp  for how to manually pass cookies. Also see  https://github.com/yt-dlp/yt-dlp/wiki/Extractors#exporting-youtube-cookies  for tips on effectively exporting YouTube cookies
"
yt:yXTBD-dGLeI,youtube,word,ภาษามือไทย-หมวดสัตว์-ปู,https://www.youtube.com/watch?v=yXTBD-dGLeI,pending,1,skipped: YouTube bot-block breaker is open
yt:yapVRmRtQWY,youtube,continuous,| EP.41 | เข้าใจคนพิการทางการได้ยิน  OH I See อ๋อ… มันเป็นอย่างนี้นี่เอง Season 2,https://www.youtube.com/watch?v=yapVRmRtQWY,pending,1,skipped: YouTube bot-block breaker is open
yt:yk9HGL0Dqaw,youtube,continuous,สอบถามการเข้ารับการรักษาโรงพยาบาลของคนหูหนวก,https://www.youtube.com/watch?v=yk9HGL0Dqaw,pending,1,skipped: YouTube bot-block breaker is open
yt:ypdTxv3mWIc,youtube,word,ภาษามือ EP.07 เวลา | Geng's Diary,https://www.youtube.com/watch?v=ypdTxv3mWIc,pending,1,skipped: YouTube bot-block breaker is open
yt:yt5Y-cYpV3U,youtube,continuous,"นิทานภาษามือ ""สิงโตชรา"" ชั้นประถมศึกษาปีที่ 4 :โรงเรียนโสตศึกษาจังหวัดนครปฐม",https://www.youtube.com/watch?v=yt5Y-cYpV3U,pending,1,skipped: YouTube bot-block breaker is open
yt:z2zamrp7FMY,youtube,continuous,คนหูหนวกทันข่าว ข่าวประจำวันที่ 5 พฤศจิกายน 2568,https://www.youtube.com/watch?v=z2zamrp7FMY,pending,1,skipped: YouTube bot-block breaker is open
yt:z6xX_vXXO1g,youtube,sentence,ภาษามือ หมวดของใช้ในบ้าน,https://www.youtube.com/watch?v=z6xX_vXXO1g,failed,1,"ERROR: [youtube] z6xX_vXXO1g: Private video
"
yt:z7dAFbgr2OM,youtube,word,SOMEONE LIKE YOU BY ADELE ASL ภาษามืออเมริกัน,https://www.youtube.com/watch?v=z7dAFbgr2OM,pending,1,skipped: YouTube bot-block breaker is open
yt:zAZJ85lekaY,youtube,continuous,"มิติใหม่ ""วราวุธ ศิลปอาชา"" พกล่ามภาษามือร่วมวงสัมภาษณ์ | เรื่องเมาท์ชาวเน็ต",https://www.youtube.com/watch?v=zAZJ85lekaY,pending,1,skipped: YouTube bot-block breaker is open
yt:zGveZrfu4go,youtube,word,พูดคุยภาษามือ Talking in Thai Sign Language,https://www.youtube.com/watch?v=zGveZrfu4go,pending,1,skipped: YouTube bot-block breaker is open
yt:zI050aMfV-w,youtube,continuous,Sign Language News#3 (1/3),https://www.youtube.com/watch?v=zI050aMfV-w,pending,1,skipped: YouTube bot-block breaker is open
yt:zJ4nuoQl-wc,youtube,continuous,ผักเคลไดโนเสาร์ | เกษตร อีซี่,https://www.youtube.com/watch?v=zJ4nuoQl-wc,pending,1,skipped: YouTube bot-block breaker is open
yt:zSoYNsaKZtA,youtube,continuous,เพลงเทิดพระนามมหิดล ฉบับภาษามือไทย [อังเดร],https://www.youtube.com/watch?v=zSoYNsaKZtA,pending,1,skipped: YouTube bot-block breaker is open
yt:zTxs1XbOk64,youtube,continuous,แถลงสถานการณ์ COVID-19 โดย ศบค. [ภาษามือ] (20 พ.ค. 63),https://www.youtube.com/watch?v=zTxs1XbOk64,pending,1,skipped: YouTube bot-block breaker is open
yt:zc-8VLUPiq0,youtube,word,EP 21 Update 2022 ฟังก์ชัน Reflect ใน MS Teams (ภาษามือ),https://www.youtube.com/watch?v=zc-8VLUPiq0,pending,1,skipped: YouTube bot-block breaker is open
yt:ziARmYBR3VQ,youtube,sentence,สื่อวิดีโอสอนใช้ภาษามือในชีวิตประจำวัน,https://www.youtube.com/watch?v=ziARmYBR3VQ,pending,1,skipped: YouTube bot-block breaker is open
yt:ziOs_Ic5OF8,youtube,continuous,การดูแลผู้สูงอายุให้ปลอดภัยจากโควิด-19,https://www.youtube.com/watch?v=ziOs_Ic5OF8,pending,1,skipped: YouTube bot-block breaker is open
yt:zpT9UxaUhnk,youtube,continuous,โทรศัพท์มือถือรุ่นไหนใช้บริการ TTRS Video และบริการ TTRS Message ได้บ้าง,https://www.youtube.com/watch?v=zpT9UxaUhnk,pending,1,skipped: YouTube bot-block breaker is open
yt:zy9EeqIHnOw,youtube,continuous,"""ไร้เสียง ไม่ไร้สิทธิ"" คนพิการทำงานได้ | เสียงเปลี่ยนเมือง | 29 ธ.ค. 68",https://www.youtube.com/watch?v=zy9EeqIHnOw,pending,1,skipped: YouTube bot-block breaker is open
yt:zyWjw3VlF4A,youtube,sentence,deaf can code,https://www.youtube.com/watch?v=zyWjw3VlF4A,pending,1,skipped: YouTube bot-block breaker is open
