concept,instances,signers,datasets,role,conversation_vocab
แม่,63,34,agent + th_sl + tsl51 + tslone + ttrs,SUBJ,True
ตา,33,33,agent + th_sl + tslone + ttrs,SUBJ,True
ไข่,61,31,agent + th_sl + tsl51 + tslone + ttrs,OBJ,True
พ่อ,33,31,agent + th_sl + tslone + ttrs,SUBJ,True
ลูก,31,31,agent + th_sl + tslone + ttrs,SUBJ,True
ยาย,50,30,th_sl + tsl51 + tslone + ttrs,SUBJ,True
ญาติ,30,30,agent + th_sl + tslone + ttrs,SUBJ,True
สอง,30,30,th_sl + tslone + ttrs,LETTER,True
ย่า,30,29,agent + th_sl + tslone + ttrs,SUBJ,True
ครอบครัว,29,29,agent + th_sl + tslone + ttrs,SUBJ,True
น้องสาว,29,29,agent + th_sl + tslone + ttrs,SUBJ,True
ปู่,29,29,agent + th_sl + tslone + ttrs,SUBJ,True
ศูนย์,29,29,th_sl + tslone + ttrs,LETTER,True
สาม,29,29,th_sl + tslone + ttrs,LETTER,True
สิบ,29,29,th_sl + tslone + ttrs,LETTER,True
สี่,29,29,th_sl + tslone + ttrs,LETTER,True
หนึ่ง,29,29,th_sl + tslone + ttrs,LETTER,True
หลาน,29,29,agent + th_sl + tslone + ttrs,SUBJ,True
เก้า,29,29,th_sl + tslone + ttrs,LETTER,True
เจ็ด,29,29,th_sl + tslone + ttrs,LETTER,True
เพื่อน,29,29,agent + th_sl + tslone + ttrs,SUBJ,True
แปด,29,29,th_sl + tslone + ttrs,LETTER,True
เพื่อนสนิท,30,28,th_sl + tslone + ttrs,SUBJ,False
น้องชาย,28,28,agent + th_sl + tslone + ttrs,SUBJ,True
น้า,28,28,th_sl + tslone + ttrs,SUBJ,True
ป้า,28,28,th_sl + tslone + ttrs,SUBJ,True
พี่สาว,28,28,th_sl + tslone + ttrs,SUBJ,True
ภรรยา,28,28,th_sl + tslone + ttrs,SUBJ,True
ลุง,28,28,th_sl + tslone + ttrs,SUBJ,True
สามี,28,28,th_sl + tslone + ttrs,SUBJ,True
หก,28,28,th_sl + tslone + ttrs,LETTER,True
หมู,28,28,agent + th_sl + tslone + ttrs,OBJ,True
ห้า,28,28,th_sl + tslone + ttrs,LETTER,True
อา,28,28,th_sl + tslone + ttrs,SUBJ,True
ประเทศไทย,29,27,agent + th_sl + tslone + ttrs,NUM,True
ปู่ทวด,27,27,th_sl + tslone + ttrs,SUBJ,False
พี่ชาย,27,27,th_sl + tslone + ttrs,SUBJ,True
ลูกพี่ลูกน้อง,27,27,tslone + ttrs,SUBJ,False
พ่อแม่,26,26,tslone + ttrs,SUBJ,False
ย่าทวด-ยายทวด,26,26,tslone + ttrs,SUBJ,False
ร,26,26,agent + tslone,LETTER,False
เหลน,26,26,tslone,SUBJ,False
แฟนสาว,26,26,tslone,SUBJ,False
ก,25,25,tslone,LETTER,False
กัมพูชา,25,25,th_sl + tslone + ttrs,NUM,False
ข,25,25,tslone,LETTER,False
ค,25,25,tslone,LETTER,False
ฆ,25,25,tslone,LETTER,False
ง,25,25,tslone,LETTER,False
จ,25,25,tslone,LETTER,False
ฉ,25,25,tslone,LETTER,False
ช,25,25,tslone,LETTER,False
ซ,25,25,tslone,LETTER,False
ฌ,25,25,tslone,LETTER,False
ญ,25,25,tslone,LETTER,False
ฎ,25,25,tslone,LETTER,False
ฏ,25,25,tslone,LETTER,False
ฐ,25,25,tslone,LETTER,False
ฑ,25,25,tslone,LETTER,False
ฒ,25,25,tslone,LETTER,False
ณ,25,25,tslone,LETTER,False
ด,25,25,tslone,LETTER,False
ต,25,25,tslone,LETTER,False
ถ,25,25,tslone,LETTER,False
ท,25,25,tslone,LETTER,False
ธ,25,25,tslone,LETTER,False
น,25,25,tslone,LETTER,False
บ,25,25,tslone,LETTER,False
ป,25,25,tslone,LETTER,False
ผ,25,25,tslone,LETTER,False
ฝ,25,25,tslone,LETTER,False
พ,25,25,tslone,LETTER,False
ฟ,25,25,tslone,LETTER,False
ภ,25,25,tslone,LETTER,False
ม,25,25,tslone,LETTER,False
ย,25,25,tslone,LETTER,False
ล,25,25,tslone,LETTER,False
ว,25,25,tslone,LETTER,False
ศ,25,25,tslone,LETTER,False
ษ,25,25,tslone,LETTER,False
ส,25,25,tslone,LETTER,False
สระอิ,25,25,tslone,LETTER,False
สระอี,25,25,tslone,LETTER,False
สระอุ,25,25,tslone,LETTER,False
สระอู,25,25,tslone,LETTER,False
สระโอ,25,25,tslone,LETTER,False
สระใอ,25,25,tslone,LETTER,False
สระไอ,25,25,tslone,LETTER,False
ห,25,25,tslone,LETTER,False
ฬ,25,25,tslone,LETTER,False
อ,25,25,tslone,LETTER,False
ฮ,25,25,tslone,LETTER,False
เนื้อปลา,25,25,agent + tslone,OBJ,False
เนื้อวัว,25,25,th_sl + tslone,OBJ,False
ไข่เยี่ยวม้า,25,25,th_sl + tslone,OBJ,False
ไต้หวัน,25,25,th_sl + tslone + ttrs,NUM,False
ว่ายน้ำ,26,24,th_sl + tslone + ttrs,OBJ,False
มวยปล้ำ,25,24,th_sl + tslone + ttrs,OBJ,False
เวียดนาม,25,24,th_sl + tslone + ttrs,NUM,False
จีน,24,24,th_sl + tslone + ttrs,NUM,False
ประเทศ,24,24,tslone + ttrs,NUM,False
ปิงปอง,24,24,th_sl + tslone + ttrs,OBJ,False
พม่า,24,24,th_sl + tslone + ttrs,NUM,False
ฟุตบอล,24,24,agent + th_sl + tslone + ttrs,OBJ,False
ร้านขายของชำ,24,24,tslone,OBJ,False
ลาว,24,24,th_sl + tslone + ttrs,NUM,False
ฮ่องกง,24,24,th_sl + tslone + ttrs,NUM,False
เนื้อกวาง,24,24,tslone,OBJ,False
เนื้อหมูป่า,24,24,tslone,OBJ,False
เนื้อแกะ,24,24,tslone,OBJ,False
ไข่เค็ม,24,24,tslone,OBJ,False
ไข่เป็ด,24,24,tslone,OBJ,False
ไข่ไก่,24,24,tslone,OBJ,False
วิ่ง,27,23,agent + th_sl + tslone + ttrs,OBJ,True
กระโดดสูง,24,23,th_sl + tslone + ttrs,OBJ,False
บาสเกตบอล,24,23,th_sl + tslone + ttrs,OBJ,False
ยิมนาสติก,24,23,th_sl + tslone + ttrs,OBJ,False
ยูโด,24,23,th_sl + tslone + ttrs,OBJ,False
แบดมินตัน,24,23,th_sl + tslone + ttrs,OBJ,False
ตระกร้อ,23,23,th_sl + tslone + ttrs,OBJ,False
ทุ่มน้ำหนัก,23,23,th_sl + tslone + ttrs,OBJ,False
มวย,23,23,th_sl + tslone + ttrs,OBJ,False
มาเก๊า,23,23,th_sl + tslone,NUM,False
วอลเลย์บอล,23,23,th_sl + tslone + ttrs,OBJ,False
เทนนิส,23,23,th_sl + tslone + ttrs,OBJ,False
เปตอง,23,23,th_sl + tslone + ttrs,OBJ,False
เรือใบ,23,23,agent + th_sl + tslone + ttrs,OBJ,False
อิสราเอล,23,22,th_sl + tslone + ttrs,NUM,False
กอล์ฟ,22,22,th_sl + tslone + ttrs,OBJ,False
กีฬา,22,22,th_sl + tslone + ttrs,OBJ,False
ขว้างจักร,22,22,th_sl + tslone + ttrs,OBJ,False
ปากีสถาน,22,22,th_sl + tslone,NUM,False
พุ่งแหลน,22,22,th_sl + tslone + ttrs,OBJ,False
โบว์ลิ่ง,22,22,th_sl + tslone + ttrs,OBJ,False
ยิงธนู,22,21,tslone + ttrs,OBJ,False
ยิงปืน,22,21,tslone + ttrs,OBJ,False
สถานีรถไฟหัวลำโพง,22,21,th_sl + tslone + ttrs,PLACE,False
พระบรมมหาราชวัง,21,21,th_sl + tslone + ttrs,PLACE,False
หมากรุก,21,21,th_sl + tslone,OBJ,False
เกย์,22,20,th_sl + tslone,SUBJ,False
เสาชิงช้า,21,20,th_sl + tslone + ttrs,PLACE,False
แม็คโคร,21,20,th_sl + tslone,PLACE,False
ชาย,20,20,th_sl + tslone,SUBJ,False
ตลาดน้ำดำเนินสะดวก,20,20,th_sl + tslone,PLACE,False
บิ๊กซี,20,20,agent + th_sl + tslone,PLACE,False
ปั่นจักรยาน,20,20,tslone,OBJ,False
ฟาร์มจระเข้,20,20,th_sl + tslone + ttrs,PLACE,False
วัดเบญจมบพิตร,20,20,th_sl + tslone + ttrs,PLACE,False
อนุสาวรีย์ประชาธิปไตย,20,20,th_sl + tslone + ttrs,PLACE,False
เซ็นทรัล,20,20,agent + th_sl + tslone,PLACE,False
เพศ,20,20,tslone + ttrs,SUBJ,False
เพศหญิง,20,20,tslone + ttrs,SUBJ,False
เลสเบี้ยน,20,20,th_sl + tslone,SUBJ,False
โรบินสัน,20,20,th_sl + tslone,PLACE,False
จตุจักร,20,19,th_sl + tslone,PLACE,False
ทำเนียบรัฐบาล,20,19,th_sl + tslone + ttrs,PLACE,False
สวนสัตว์ซาฟารีเวิลด์,20,19,th_sl + tslone,PLACE,False
LGBTQ+,19,19,tslone,SUBJ,False
คนข้ามเพศ,19,19,tslone,SUBJ,False
ดรีมเวิลด์,19,19,th_sl + tslone,PLACE,False
วัดพระปฐมเจดีย์,19,19,th_sl + tslone,PLACE,False
สนามหลวง,19,19,th_sl + tslone,PLACE,False
สยามสแควร์,19,19,th_sl + tslone,PLACE,False
สวนจตุจักร,19,19,th_sl + tslone,PLACE,False
สวนสยาม,19,19,th_sl + tslone,PLACE,False
อนุสาวรีย์ชัยสมรภูมิ,19,19,th_sl + tslone,PLACE,False
อนุสาวรีย์ท้าวสุรนารี,19,19,th_sl + tslone,PLACE,False
เดอะมอลล์,19,19,th_sl + tslone,PLACE,False
เทสโกโลตัส,19,19,th_sl + tslone,PLACE,False
เยาวราช,19,19,th_sl + tslone,PLACE,False
กะเทย,19,18,th_sl + tslone,SUBJ,False
บางลำพู,19,18,th_sl + tslone,PLACE,False
ตลาดนัดรถไฟ,18,18,tslone,PLACE,False
ทอม,18,18,th_sl + tslone,SUBJ,False
ฟิวเจอร์พาร์ค รังสิต,18,18,tslone,PLACE,False
มาบุญครอง,18,18,tslone,PLACE,False
วัดพระธาตุดอยสุเทพ,18,18,tslone,PLACE,False
วัดพระธาตุพนม,18,18,th_sl + tslone,PLACE,False
วัดสระเกศ,18,18,th_sl + tslone,PLACE,False
วัดอรุณราชวราราม,18,18,th_sl + tslone,PLACE,False
สวนลุมพินี,18,18,tslone + ttrs,PLACE,False
สวนอัมพร,18,18,th_sl + tslone,PLACE,False
วงเวียนใหญ่,17,17,tslone,PLACE,False
วัดโพธิ์,16,16,tslone,PLACE,False
วันนี้,38,9,agent + th_sl + tsl51 + ttrs,TIME,True
กิน,36,9,agent + th_sl + tsl51 + ttrs,VERB,True
ชอบ,36,9,agent + th_sl + tsl51 + ttrs,VERB,True
บ้าน,36,9,agent + th_sl + tsl51 + ttrs,PLACE,True
กรุงเทพ,36,8,agent + th_sl + tsl51 + ttrs,PLACE,True
ขอโทษ,36,8,agent + th_sl + tsl51,GREET,True
โรงเรียน,36,8,agent + th_sl + tsl51 + ttrs,PLACE,True
ร้อน,37,7,agent + th_sl + tsl51 + ttrs,STATE,True
ข้าว,36,7,agent + th_sl + tsl51 + ttrs,OBJ,True
สวัสดี,36,7,agent + th_sl + tsl51,GREET,True
แต่งงาน,36,7,th_sl + tsl51 + ttrs,STATE,True
ขนมปัง,35,7,agent + th_sl + tsl51 + ttrs,OBJ,True
ขอบคุณ,35,7,agent + th_sl + tsl51,GREET,True
ถาม,35,7,agent + th_sl + tsl51 + ttrs,VERB,True
เช้า,35,7,th_sl + tsl51 + ttrs,TIME,True
แมว,35,7,agent + th_sl + tsl51 + ttrs,SUBJ,True
พี่,34,7,agent + th_sl + tsl51 + ttrs,SUBJ,True
หูหนวก,34,7,agent + th_sl + tsl51 + ttrs,ADJ,True
โกรธ,34,7,agent + th_sl + tsl51 + ttrs,STATE,True
ไป,33,7,agent + th_sl + tsl51,VERB,True
ฉัน,63,6,th_sl + tsl51 + ttrs,SUBJ,True
เรียน,37,6,agent + th_sl + tsl51 + ttrs,VERB,True
ตลาด,36,6,agent + th_sl + tsl51 + ttrs,PLACE,True
เหงา,35,6,th_sl + tsl51 + ttrs,STATE,True
ชื่อ,34,6,agent + tsl51 + ttrs,VERB,True
โสด,34,6,th_sl + tsl51 + ttrs,STATE,True
น้อง,33,6,tsl51 + ttrs,SUBJ,True
สบายดี,33,6,agent + th_sl + tsl51,STATE,True
แฟน,33,6,th_sl + tsl51,SUBJ,True
จาน,6,6,agent + th_sl + ttrs,OBJ,False
น้ำเงิน,6,6,agent + th_sl + ttrs,OBJ,False
วัด,6,6,agent + th_sl + ttrs,OBJ,True
ส้ม,6,6,agent + th_sl + ttrs,OBJ,False
องุ่น,6,6,agent + th_sl + ttrs,OBJ,False
วันหยุด,35,5,th_sl + tsl51 + ttrs,TIME,True
กลัว,34,5,th_sl + tsl51 + ttrs,STATE,True
เที่ยว,33,5,agent + th_sl + tsl51,VERB,True
คุณ,32,5,th_sl + tsl51 + ttrs,SUBJ,True
ทำงาน,32,5,agent + tsl51 + ttrs,STATE,True
ทำไม,32,5,th_sl + tsl51 + ttrs,QUEST,True
เกิด,32,5,th_sl + tsl51 + ttrs,STATE,True
เหนื่อย,32,5,th_sl + tsl51 + ttrs,STATE,True
ง่วง,24,5,th_sl + tsl51 + ttrs,STATE,True
ถ้วย,6,5,agent + th_sl + ttrs,OBJ,False
ประกาศ,6,5,th_sl + ttrs,VERB,False
ภูเขา,6,5,agent + th_sl + ttrs,OBJ,False
เท่ากัน,6,5,th_sl + ttrs,,False
โชคดี,6,5,agent + th_sl,STATE,True
ไฟฉาย,6,5,agent + th_sl + ttrs,,False
คิดถึง,5,5,agent + th_sl + ttrs,STATE,True
ดื่ม,5,5,agent + th_sl + ttrs,VERB,True
นกแก้ว,5,5,agent + th_sl + ttrs,OBJ,False
หู,5,5,agent + th_sl + ttrs,OBJ,False
แขน,5,5,agent + th_sl + ttrs,OBJ,False
แตงโม,5,5,agent + th_sl + ttrs,OBJ,False
โทรทัศน์,5,5,agent + th_sl + ttrs,OBJ,False
ภาษามือ,36,4,th_sl + tsl51,OBJ,True
ด้วยกัน,34,4,tsl51 + ttrs,ADJ,True
อย่า,32,4,th_sl + tsl51,NEG,True
ดี,31,4,th_sl + tsl51,ADJ,True
ที่ไหน,31,4,th_sl + tsl51,QUEST,True
เรียก,31,4,th_sl + tsl51,VERB,True
พรุ่งนี้,22,4,th_sl + tsl51 + ttrs,TIME,True
อะไร,22,4,th_sl + tsl51,QUEST,True
นโยบาย,6,4,th_sl + ttrs,OBJ,False
เก็บ,6,4,th_sl + ttrs,VERB,False
แข่ง,6,4,th_sl + ttrs,,False
กล้วย,5,4,agent + th_sl + ttrs,OBJ,False
ขี้เหนียว,5,4,th_sl + ttrs,ADJ,False
คอ,5,4,agent + th_sl + ttrs,OBJ,False
ช้าง,5,4,agent + th_sl + ttrs,OBJ,False
ถั่ว,5,4,agent + th_sl + ttrs,,False
วัยรุ่น,5,4,agent + th_sl + ttrs,SUBJ,False
สวิสเซอร์แลนด์,5,4,th_sl + ttrs,PLACE,False
โรงพยาบาล,5,4,agent + th_sl + ttrs,PLACE,True
โรงภาพยนตร์,5,4,agent + th_sl + ttrs,,False
ไก่,5,4,agent + th_sl + ttrs,OBJ,True
กระเพาะอาหาร,4,4,agent + th_sl + ttrs,,False
กราบ,4,4,agent + th_sl + ttrs,VERB,False
กุ้งเผา,4,4,th_sl + ttrs,,False
ก่อสร้าง,4,4,th_sl + ttrs,OBJ,False
ก้น,4,4,agent + th_sl + ttrs,OBJ,False
ขนุน,4,4,agent + th_sl + ttrs,OBJ,False
ครู,4,4,agent + th_sl + ttrs,SUBJ,True
คอมพิวเตอร์,4,4,agent + th_sl + ttrs,OBJ,True
งู,4,4,agent + th_sl + ttrs,OBJ,False
งูเห่า,4,4,th_sl + ttrs,OBJ,False
จมูก,4,4,agent + th_sl + ttrs,OBJ,False
จับ,4,4,agent + th_sl,,False
ชนะ,4,4,agent + th_sl,VERB,False
ชมพู่,4,4,agent + th_sl + ttrs,OBJ,False
ช่วย,4,4,agent + th_sl + ttrs,VERB,True
ดม,4,4,agent + th_sl + ttrs,VERB,False
ดอกไม้,4,4,agent + th_sl + ttrs,TIME,False
ดื้อ,4,4,th_sl + ttrs,,False
ดู,4,4,agent + th_sl + ttrs,,True
ทดสอบ,4,4,agent + th_sl + ttrs,VERB,False
นม,4,4,agent + th_sl + ttrs,OBJ,True
นั่ง,4,4,agent + th_sl + ttrs,,True
น้ำปลา,4,4,agent + th_sl + ttrs,OBJ,False
บันทึก,4,4,agent + th_sl + ttrs,VERB,False
ประตู,4,4,agent + th_sl + ttrs,OBJ,True
ปลา,4,4,agent + th_sl + ttrs,OBJ,True
ปลาฉลาม,4,4,th_sl + ttrs,OBJ,False
ปลาช่อน,4,4,agent + th_sl + ttrs,OBJ,False
ปลาทู,4,4,agent + th_sl + ttrs,OBJ,False
ผักชี,4,4,agent + th_sl + ttrs,,False
ผึ้ง,4,4,agent + th_sl + ttrs,OBJ,False
ฝนตก,4,4,agent + th_sl + ttrs,TIME,False
พระจันทร์,4,4,th_sl + ttrs,,False
ฟัน,4,4,agent + th_sl + ttrs,OBJ,False
มะนาว,4,4,agent + th_sl + ttrs,,False
มะม่วง,4,4,agent + th_sl + ttrs,OBJ,False
มีด,4,4,agent + th_sl + ttrs,OBJ,False
ม้า,4,4,agent + th_sl + ttrs,OBJ,False
ยิ้ม,4,4,agent + th_sl + ttrs,STATE,True
ยืน,4,4,agent + th_sl + ttrs,,True
รองเท้า,4,4,agent + th_sl + ttrs,OBJ,False
รัก,4,4,agent + th_sl + ttrs,STATE,True
ร่างกาย,4,4,agent + th_sl + ttrs,OBJ,False
ลำไย,4,4,agent + th_sl + ttrs,OBJ,False
ลิง,4,4,agent + th_sl + ttrs,OBJ,False
ว่าง,4,4,agent + th_sl + ttrs,ADJ,True
สนุก,4,4,agent + th_sl + ttrs,ADJ,True
สีแดง,4,4,agent + th_sl + ttrs,,False
หนังสือ,4,4,agent + th_sl + ttrs,OBJ,True
หนู,4,4,agent + th_sl + ttrs,OBJ,False
หน้า,4,4,agent + th_sl + ttrs,OBJ,False
หยุด,4,4,th_sl + ttrs,,True
หัวเราะ,4,4,agent + th_sl + ttrs,VERB,True
หัวใจ,4,4,agent + th_sl + ttrs,,False
ห้องน้ำ,4,4,agent + th_sl + ttrs,,True
เกลือ,4,4,th_sl + ttrs,OBJ,False
เขียน,4,4,agent + th_sl + ttrs,VERB,True
เครื่องเล่นวิดีโอ,4,4,th_sl + ttrs,OBJ,False
เด็ก,4,4,agent + th_sl + ttrs,SUBJ,True
เติม,4,4,th_sl + ttrs,VERB,False
เต็ม,4,4,th_sl + ttrs,VERB,False
เมฆ,4,4,agent + th_sl + ttrs,TIME,False
เล่น,4,4,agent + th_sl + ttrs,VERB,True
เสียใจ,4,4,agent + th_sl + ttrs,STATE,True
แรด,4,4,agent + th_sl + ttrs,OBJ,False
แหวน,4,4,agent + th_sl + ttrs,,False
โฉนดที่ดิน,4,4,th_sl + ttrs,,False
ไม่สบาย,4,4,agent + th_sl + ttrs,VERB,False
แยก,10,3,th_sl + ttrs,VERB,False
ข้าวมันไก่,8,3,th_sl + ttrs,OBJ,False
เปิด,8,3,th_sl + ttrs,VERB,True
เปล่า,7,3,th_sl,,False
บิน,6,3,th_sl + ttrs,VERB,False
สลับกัน,6,3,th_sl + ttrs,VERB,False
ยิง,5,3,th_sl,VERB,False
สเปน,5,3,th_sl + ttrs,PLACE,False
เบื่อ,5,3,th_sl + ttrs,STATE,True
เมื่อไร,5,3,th_sl,QUEST,True
เสี่ยง,5,3,th_sl,VERB,False
แตะ,5,3,th_sl + ttrs,VERB,False
แพร่,5,3,th_sl + ttrs,OBJ,False
กรวย,4,3,th_sl + ttrs,OBJ,False
กระทรวงเกษตรและสหกรณ์,4,3,th_sl + ttrs,PLACE,False
กางเกงขาสั้น,4,3,th_sl + ttrs,OBJ,False
กุ้ง,4,3,agent + th_sl + ttrs,OBJ,False
ขา,4,3,agent + th_sl + ttrs,OBJ,False
ข้างหน้า,4,3,th_sl + ttrs,OBJ,False
คนสูงอายุ,4,3,th_sl + ttrs,OBJ,False
ฆ่า,4,3,th_sl + ttrs,VERB,False
ชิงช้า,4,3,th_sl + ttrs,OBJ,False
ชุดว่ายน้ำ,4,3,th_sl + ttrs,,False
ซ้ำ,4,3,th_sl,,False
ญี่ปุ่น,4,3,th_sl + ttrs,PLACE,False
ดูด,4,3,agent + th_sl + ttrs,,False
ตู้เสื้อผ้า,4,3,th_sl + ttrs,OBJ,False
ถนน,4,3,agent + th_sl + ttrs,OBJ,False
ถาด,4,3,th_sl + ttrs,,False
ทัศนศึกษา,4,3,th_sl + ttrs,,False
ทาสี,4,3,th_sl + ttrs,VERB,False
นกยูง,4,3,th_sl + ttrs,OBJ,False
นาฬิกา,4,3,th_sl + ttrs,OBJ,False
น้ำ,4,3,agent + th_sl + ttrs,TIME,True
น้ำส้มสายชู,4,3,th_sl + ttrs,OBJ,False
บางแค,4,3,th_sl + ttrs,OBJ,False
ปิด,4,3,th_sl + ttrs,VERB,True
ป้าย,4,3,th_sl + ttrs,,False
ฝรั่งเศส,4,3,th_sl + ttrs,OBJ,False
ฝาแฝด,4,3,th_sl + ttrs,OBJ,False
พิพิธภัณฑ์,4,3,agent + th_sl + ttrs,OBJ,False
พูดมาก,4,3,th_sl + ttrs,OBJ,False
ฟุ่มเฟือย,4,3,th_sl + ttrs,,False
มองดู,4,3,th_sl + ttrs,VERB,False
มือ,4,3,agent + th_sl + ttrs,OBJ,False
ลา,4,3,th_sl + ttrs,OBJ,False
ล้างมือ,4,3,agent + th_sl + ttrs,,False
วงเวียน,4,3,agent + th_sl + ttrs,OBJ,False
สงสาร,4,3,th_sl + ttrs,VERB,True
สังเกต,4,3,th_sl + ttrs,,False
สี่แยก,4,3,agent + th_sl + ttrs,,False
สุนัข,4,3,agent + th_sl + ttrs,OBJ,False
ส้มโอ,4,3,agent + th_sl + ttrs,OBJ,False
หมวก,4,3,agent + th_sl + ttrs,OBJ,False
หม้อหุงข้าว,4,3,agent + ttrs,,False
หัวล้าน,4,3,th_sl + ttrs,,False
ออสเตรเลีย,4,3,th_sl + ttrs,OBJ,False
เข็มขัด,4,3,th_sl + ttrs,OBJ,False
เครื่องซักผ้า,4,3,th_sl + ttrs,OBJ,False
เครื่องทำน้ำอุ่น,4,3,th_sl + ttrs,,False
เตียง,4,3,agent + th_sl + ttrs,OBJ,False
เป็ด,4,3,agent + th_sl + ttrs,OBJ,False
เย็น,4,3,agent + ttrs,OBJ,True
เลย,4,3,th_sl + ttrs,OBJ,False
เหม็น,4,3,th_sl + ttrs,VERB,False
เห็นแก่ตัว,4,3,th_sl + ttrs,,False
แกะ,4,3,agent + th_sl + ttrs,OBJ,False
แพะ,4,3,th_sl + ttrs,OBJ,False
โทรศัพท์,4,3,th_sl + ttrs,OBJ,True
ไข่ดาว,4,3,th_sl + ttrs,OBJ,False
ไลน์,4,3,th_sl + ttrs,OBJ,False
ไอ,4,3,th_sl + ttrs,,False
กบ,3,3,agent + th_sl + ttrs,OBJ,False
กรมประชาสงเคราะห์,3,3,th_sl + ttrs,OBJ,False
กรรไกร,3,3,agent + th_sl + ttrs,OBJ,False
กรอบรูป,3,3,th_sl + ttrs,,False
กระดาษชำระ,3,3,th_sl + ttrs,OBJ,False
กระดูก,3,3,agent + th_sl + ttrs,,False
กระติกน้ำไฟฟ้า,3,3,th_sl + ttrs,OBJ,False
กระต่าย,3,3,agent + th_sl + ttrs,OBJ,False
กระทรวงการคลัง,3,3,th_sl + ttrs,PLACE,False
กระท่อม,3,3,th_sl + ttrs,,False
กระโดด,3,3,agent + th_sl + ttrs,VERB,False
กราบเบญจางคประดิษฐ์,3,3,th_sl + ttrs,OBJ,False
กลับบ้าน,3,3,agent + th_sl + ttrs,,False
กวาง,3,3,agent + th_sl + ttrs,OBJ,False
กอด,3,3,agent + th_sl + ttrs,VERB,True
กะทิ,3,3,agent + th_sl + ttrs,OBJ,False
กะปิ,3,3,th_sl + ttrs,OBJ,False
กะพริบตา,3,3,th_sl + ttrs,,False
กะหล่ำปลี,3,3,agent + th_sl + ttrs,,False
กัด,3,3,agent + th_sl + ttrs,VERB,False
กางเกงในผู้ชาย,3,3,th_sl + ttrs,OBJ,False
กางเกงในผู้หญิง,3,3,th_sl + ttrs,OBJ,False
กิ่งก่า,3,3,agent + th_sl + ttrs,OBJ,False
กุญแจ,3,3,th_sl + ttrs,OBJ,False
ก๋วยเตี๋ยว,3,3,agent + th_sl + ttrs,OBJ,True
ขนตา,3,3,agent + th_sl + ttrs,OBJ,False
ขนม,3,3,agent + th_sl,OBJ,True
ขม,3,3,agent + th_sl + ttrs,,False
ขอ,3,3,agent + th_sl + ttrs,VERB,True
ของขวัญ,3,3,th_sl + ttrs,,False
ของฉัน,3,3,th_sl + ttrs,ADJ,False
ขันน้ำ,3,3,th_sl + ttrs,OBJ,False
ขาย,3,3,agent + th_sl,,True
ขิง,3,3,agent + th_sl + ttrs,OBJ,False
ข่า,3,3,th_sl + ttrs,OBJ,False
ข้อศอก,3,3,agent + th_sl + ttrs,OBJ,False
ข้าวต้ม,3,3,th_sl + ttrs,OBJ,False
ข้าวต้มมัด,3,3,agent + th_sl,OBJ,False
คนพิการ,3,3,th_sl + ttrs,OBJ,False
คนรับใช้,3,3,th_sl + ttrs,,False
คอนโดมิเนียม,3,3,th_sl + ttrs,PLACE,False
คอมมิวนิสต์,3,3,th_sl + ttrs,,False
คาง,3,3,agent + th_sl + ttrs,OBJ,False
คำสั่ง,3,3,th_sl + ttrs,OBJ,False
คิ้ว,3,3,agent + th_sl + ttrs,OBJ,False
ค้นหา,3,3,th_sl + ttrs,VERB,False
จักรยาน,3,3,agent + th_sl + ttrs,OBJ,False
จับฉลาก,3,3,th_sl + ttrs,,False
จาม,3,3,agent + ttrs,,False
จูบ,3,3,agent + th_sl + ttrs,,True
ชน,3,3,agent + th_sl,VERB,False
ชัด,3,3,th_sl + ttrs,VERB,False
ชั้นบน,3,3,th_sl + ttrs,,False
ชายแดน,3,3,th_sl + ttrs,,False
ชำเลือง,3,3,th_sl + ttrs,,False
ช่วงอก,3,3,agent + th_sl + ttrs,OBJ,False
ช่างตัดเสื้อ,3,3,th_sl + ttrs,SUBJ,False
ช้อน,3,3,agent + th_sl + ttrs,OBJ,False
ซอสพริก,3,3,th_sl + ttrs,OBJ,False
ซอสมะเขือเทศ,3,3,th_sl + ttrs,OBJ,False
ซุกซน,3,3,th_sl + ttrs,,False
ซ่อน,3,3,agent + th_sl + ttrs,VERB,False
ญาติพี่น้อง,3,3,th_sl + ttrs,OBJ,False
ดวงดาว,3,3,th_sl + ttrs,TIME,False
ดินสอ,3,3,th_sl + ttrs,,False
ดีใจ,3,3,agent + th_sl + ttrs,STATE,True
ดูถูก,3,3,th_sl + ttrs,VERB,False
ตอบ,3,3,agent + th_sl + ttrs,VERB,True
ตะกละ,3,3,th_sl + ttrs,,False
ตัด,3,3,th_sl + ttrs,VERB,False
ตับ,3,3,th_sl + ttrs,,False
ตำรวจ,3,3,agent + th_sl + ttrs,OBJ,True
ตี,3,3,agent + th_sl + ttrs,OBJ,False
ตุ่มใส่น้ำ,3,3,th_sl + ttrs,OBJ,False
ตุ๊กตา,3,3,th_sl + ttrs,OBJ,False
ต่อ,3,3,th_sl + ttrs,OBJ,False
ต้นหอม,3,3,th_sl + ttrs,,False
ถังขยะ,3,3,agent + th_sl + ttrs,,False
ถั่วลันเตา,3,3,th_sl + ttrs,,False
ถุงมือ,3,3,agent + th_sl + ttrs,,False
ถุงเท้า,3,3,agent + th_sl + ttrs,,False
ถูกต้อง,3,3,agent + th_sl,,True
ทนายความ,3,3,th_sl + ttrs,OBJ,False
ทหาร,3,3,agent + th_sl + ttrs,SUBJ,False
ทัพพี,3,3,agent + th_sl + ttrs,OBJ,False
ทุกวัน,3,3,th_sl + ttrs,,True
ทุเรียน,3,3,th_sl + ttrs,OBJ,False
ท้อง,3,3,agent + th_sl + ttrs,OBJ,False
นกกระจอกเทศ,3,3,th_sl + ttrs,OBJ,False
นกฮูก,3,3,th_sl + ttrs,OBJ,False
นักดับเพลิง,3,3,agent + th_sl + ttrs,,False
นามสกุล,3,3,agent + th_sl + ttrs,OBJ,False
นิ้วมือ,3,3,agent + th_sl + ttrs,OBJ,False
น่ารัก,3,3,agent + th_sl + ttrs,,True
น้อยหน่า,3,3,agent + th_sl + ttrs,OBJ,False
น้ำอัดลม,3,3,agent + th_sl + ttrs,,False
บวก,3,3,agent + th_sl + ttrs,,False
บอก,3,3,agent + th_sl + ttrs,VERB,True
บางซื่อ,3,3,th_sl + ttrs,OBJ,False
บางเขน,3,3,th_sl + ttrs,OBJ,False
ปกติ,3,3,th_sl + ttrs,ADJ,False
ปฏิทิน,3,3,th_sl + ttrs,TIME,False
ประชุม,3,3,th_sl + ttrs,VERB,False
ประมาณ,3,3,th_sl + ttrs,VERB,False
ประหยัด,3,3,th_sl + ttrs,,False
ปาก,3,3,agent + th_sl + ttrs,OBJ,False
ปากกา,3,3,agent + th_sl + ttrs,OBJ,False
ปี,3,3,agent + th_sl + ttrs,,True
ปู,3,3,agent + th_sl + ttrs,OBJ,False
ผม,3,3,agent + th_sl + ttrs,OBJ,True
ผลไม้,3,3,agent + th_sl + ttrs,OBJ,True
ผอม,3,3,th_sl + ttrs,VERB,True
ผีเสื้อ,3,3,agent + th_sl + ttrs,OBJ,False
ผู้จัดการ,3,3,th_sl + ttrs,SUBJ,False
ผู้ชาย,3,3,agent + th_sl + ttrs,OBJ,True
ผู้หญิง,3,3,agent + th_sl + ttrs,SUBJ,True
ผู้ใหญ่,3,3,agent + th_sl + ttrs,SUBJ,False
ผ้าขาวม้า,3,3,th_sl + ttrs,OBJ,False
ผ้าห่ม,3,3,agent + th_sl + ttrs,OBJ,False
ฝรั่ง,3,3,th_sl + ttrs,OBJ,False
พยานหลักฐาน,3,3,th_sl + ttrs,OBJ,False
พระพุทธรูป,3,3,th_sl + ttrs,OBJ,False
พระราชบัญญัติ,3,3,th_sl + ttrs,,False
พริก,3,3,agent + th_sl,,False
พริกป่น,3,3,th_sl + ttrs,OBJ,False
พอ,3,3,th_sl + ttrs,,False
พัดลม,3,3,agent + th_sl + ttrs,OBJ,False
พุทรา,3,3,agent + th_sl + ttrs,OBJ,False
พูด,3,3,agent + th_sl + ttrs,VERB,True
พ่อค้า,3,3,th_sl + ttrs,OBJ,False
ฟักทอง,3,3,agent + th_sl + ttrs,,False
ฟัง,3,3,agent + th_sl + ttrs,VERB,True
ฟุ้งซ่าน,3,3,th_sl,VERB,False
ฟ้าแลบ,3,3,th_sl + ttrs,TIME,False
มรดก,3,3,agent + th_sl + ttrs,OBJ,False
มะกรูด,3,3,th_sl + ttrs,,False
มะขาม,3,3,th_sl + ttrs,OBJ,False
มะรืนนี้,3,3,agent + th_sl + ttrs,TIME,False
มะละกอ,3,3,th_sl + ttrs,OBJ,False
มะเขือยาว,3,3,agent + th_sl + ttrs,,False
มะเขือเทศ,3,3,agent + th_sl + ttrs,,False
มะเฟือง,3,3,th_sl + ttrs,OBJ,False
มังคุด,3,3,th_sl + ttrs,OBJ,False
มันแกว,3,3,th_sl + ttrs,OBJ,False
มั่นใจ,3,3,th_sl + ttrs,STATE,False
ยกเลิก,3,3,th_sl + ttrs,VERB,False
ยอมรับ,3,3,agent + th_sl + ttrs,,False
ยางลบ,3,3,agent + th_sl + ttrs,OBJ,False
รวม,3,3,th_sl + ttrs,VERB,False
รอ,3,3,agent + th_sl,VERB,True
รองเท้าส้นสูง,3,3,th_sl + ttrs,,False
ระเบิด,3,3,th_sl + ttrs,VERB,False
ระแวง,3,3,th_sl + ttrs,VERB,False
รังไข่,3,3,th_sl + ttrs,,False
รับสารภาพ,3,3,th_sl + ttrs,VERB,False
รั้ว,3,3,agent + th_sl + ttrs,OBJ,False
ร้องคาราโอเกะ,3,3,th_sl + ttrs,,False
ร้องไห้,3,3,th_sl + ttrs,STATE,True
ฤดู,3,3,th_sl + ttrs,OBJ,False
ลด,3,3,th_sl + ttrs,VERB,False
ลอง,3,3,th_sl,PLACE,False
ลำตัว,3,3,th_sl + ttrs,OBJ,False
ลำไส้เล็ก,3,3,agent + th_sl + ttrs,,False
ลำไส้ใหญ่,3,3,agent + th_sl + ttrs,,False
ลูกอัณฑะ,3,3,agent + th_sl + ttrs,OBJ,False
ล้มเหลว,3,3,th_sl + ttrs,,False
วงกลม,3,3,th_sl + ttrs,OBJ,False
วัน,3,3,agent + th_sl + ttrs,TIME,True
วันครู,3,3,th_sl + ttrs,OBJ,False
วันตรุษจีน,3,3,th_sl + ttrs,OBJ,False
วันปิยมหาราช,3,3,th_sl + ttrs,OBJ,False
วันปีใหม่,3,3,th_sl + ttrs,TIME,False
วันพ่อ,3,3,th_sl + ttrs,,False
วันแม่แห่งชาติ,3,3,th_sl + ttrs,OBJ,False
วันแรงงาน,3,3,th_sl + ttrs,,False
วิทยุ,3,3,agent + th_sl + ttrs,OBJ,False
ศิริราช,3,3,th_sl + ttrs,OBJ,False
ศูนย์กลาง,3,3,th_sl + ttrs,OBJ,False
สนามเด็กเล่น,3,3,th_sl + ttrs,,False
สบู่,3,3,agent + th_sl + ttrs,OBJ,False
สร้อยคอ,3,3,th_sl + ttrs,,False
สร้างสรรค์,3,3,agent + th_sl + ttrs,,False
สวย,3,3,agent + th_sl + ttrs,VERB,True
สวีเดน,3,3,th_sl + ttrs,PLACE,False
สะโพก,3,3,agent + th_sl + ttrs,OBJ,False
สับปะรด,3,3,th_sl + ttrs,OBJ,False
สัปดาห์,3,3,agent + th_sl + ttrs,TIME,True
สายตายาว,3,3,th_sl + ttrs,,False
สายตาสั้น,3,3,th_sl + ttrs,,False
สำคัญ,3,3,agent + th_sl + ttrs,,True
สิงโต,3,3,agent + th_sl + ttrs,OBJ,False
สิทธิ,3,3,th_sl + ttrs,,False
สิทธิมนุษยชน,3,3,th_sl + ttrs,OBJ,False
สี,3,3,agent + th_sl + ttrs,,False
สีขาว,3,3,agent + ttrs,,False
สีดำ,3,3,agent + ttrs,,False
สีน้ำตาล,3,3,agent + ttrs,,False
สีม่วง,3,3,agent + ttrs,,False
สีส้ม,3,3,agent + ttrs,,False
สีเขียว,3,3,agent + ttrs,,False
สีเหลือง,3,3,agent + ttrs,OBJ,False
สูง,3,3,th_sl + ttrs,VERB,True
สู้,3,3,agent + th_sl,VERB,False
ส้มตำ,3,3,th_sl + ttrs,OBJ,True
ส้อม,3,3,th_sl + ttrs,OBJ,False
หนาว,3,3,agent + th_sl + ttrs,OBJ,True
หน้ากาก,3,3,agent + th_sl + ttrs,,False
หน้าตาอัปลักษณ์,3,3,th_sl + ttrs,OBJ,False
หน้าต่าง,3,3,th_sl + ttrs,OBJ,False
หมอน,3,3,agent + th_sl + ttrs,OBJ,False
หมา,3,3,agent + th_sl + ttrs,OBJ,True
หมี,3,3,agent + th_sl + ttrs,OBJ,False
หม้อ,3,3,th_sl + ttrs,OBJ,False
หย่าร้าง,3,3,th_sl + ttrs,VERB,False
หลอดลม,3,3,agent + th_sl + ttrs,,False
หลอดไฟ,3,3,th_sl + ttrs,,False
หลัง,3,3,agent + th_sl + ttrs,OBJ,True
หอมหัวใหญ่,3,3,agent + th_sl + ttrs,,False
หอยทาก,3,3,agent + th_sl + ttrs,OBJ,False
หอยแครง,3,3,th_sl + ttrs,OBJ,False
หอยแมลงภู่,3,3,th_sl + ttrs,OBJ,False
หา,3,3,agent + th_sl,VERB,True
หิว,3,3,agent + th_sl + ttrs,STATE,True
ห้องสมุด,3,3,agent + th_sl + ttrs,,False
ห้องเรียน,3,3,agent + th_sl + ttrs,,False
อร่อย,3,3,agent + th_sl + ttrs,,True
อาร์เจนตินา,3,3,th_sl,,False
อิตาลี,3,3,th_sl + ttrs,PLACE,False
อิ่ม,3,3,agent + th_sl,STATE,True
อ่าน,3,3,th_sl + ttrs,VERB,True
อ้วน,3,3,th_sl + ttrs,VERB,True
เกี่ยวข้าว,3,3,agent + th_sl + ttrs,,False
เก่ง,3,3,agent + th_sl,VERB,True
เก้าอี้,3,3,agent + th_sl + ttrs,OBJ,False
เขียง,3,3,agent + th_sl + ttrs,OBJ,False
เข้าใจ,3,3,agent + th_sl + ttrs,,True
เข้าใจผิด,3,3,th_sl + ttrs,VERB,False
เครื่องถ่ายเอกสาร,3,3,th_sl + ttrs,OBJ,False
เครื่องปั่น,3,3,th_sl + ttrs,OBJ,False
เคี้ยว,3,3,agent + th_sl + ttrs,,False
เค็ม,3,3,th_sl + ttrs,VERB,True
เงาะ,3,3,agent + th_sl + ttrs,OBJ,False
เชือก,3,3,agent + th_sl + ttrs,,False
เดิน,3,3,agent + th_sl + ttrs,VERB,True
เดือน,3,3,agent + th_sl + ttrs,,True
เต่า,3,3,agent + th_sl + ttrs,OBJ,False
เต้าเจี้ยว,3,3,th_sl + ttrs,OBJ,False
เที่ยงคืน,3,3,th_sl + ttrs,OBJ,False
เท้า,3,3,agent + th_sl + ttrs,OBJ,False
เปรี้ยว,3,3,agent + th_sl + ttrs,,True
เปลี่ยนใจ,3,3,th_sl + ttrs,VERB,False
เป็นห่วง,3,3,agent + ttrs,,False
เผ็ด,3,3,agent + th_sl + ttrs,,True
เพิ่มขึ้น,3,3,th_sl + ttrs,VERB,False
เมื่อวานซืน,3,3,agent + th_sl + ttrs,TIME,False
เมื่อวานนี้,3,3,th_sl + ttrs,TIME,True
เม่น,3,3,agent + th_sl + ttrs,OBJ,False
เริ่ม,3,3,agent + th_sl + ttrs,VERB,True
เลือด,3,3,agent + th_sl + ttrs,,False
เล็บมือ,3,3,agent + th_sl + ttrs,OBJ,False
เศร้า,3,3,agent + th_sl + ttrs,STATE,True
เสื้อชั้นใน,3,3,th_sl + ttrs,,False
เหมาะ,3,3,agent + th_sl,VERB,False
เหา,3,3,th_sl + ttrs,OBJ,False
เห็ด,3,3,agent + th_sl,,False
เอว,3,3,agent + th_sl + ttrs,OBJ,False
แกล้ง,3,3,agent + th_sl + ttrs,VERB,False
แจกัน,3,3,agent + th_sl + ttrs,,False
แผนที่,3,3,agent + th_sl + ttrs,PLACE,False
แมงกะพรุน,3,3,th_sl + ttrs,OBJ,False
แมลงสาบ,3,3,th_sl + ttrs,OBJ,False
แมวน้ำ,3,3,agent + th_sl + ttrs,OBJ,False
แม่มด,3,3,th_sl + ttrs,,False
แว่นตา,3,3,agent + th_sl + ttrs,OBJ,False
แอปเปิ้ล,3,3,th_sl + ttrs,OBJ,False
โกหก,3,3,agent + th_sl + ttrs,VERB,False
โคมไฟ,3,3,agent + th_sl + ttrs,OBJ,False
โง่,3,3,th_sl + ttrs,VERB,False
โซ่,3,3,agent + th_sl + ttrs,,False
โหระพา,3,3,th_sl + ttrs,,False
ใกล้,3,3,th_sl + ttrs,VERB,True
ไดร์เป่าผม,3,3,th_sl + ttrs,OBJ,False
ไดโนเสาร์,3,3,th_sl + ttrs,OBJ,False
ไต,3,3,th_sl + ttrs,,False
ไฟหน้า,3,3,th_sl + ttrs,,False
ไม่ถูกใจ,3,3,th_sl + ttrs,,False
ไม่สบายใจ,3,3,agent + th_sl + ttrs,VERB,False
ไม่อร่อย,3,3,th_sl + ttrs,,False
ไม้กวาด,3,3,agent + th_sl + ttrs,,False
ไม้ขีด,3,3,th_sl + ttrs,OBJ,False
ไม้ถูพื้น,3,3,agent + th_sl + ttrs,,False
ไม้บรรทัด,3,3,th_sl + ttrs,,False
ไส้ติ่ง,3,3,th_sl + ttrs,,False
ไส้เดือน,3,3,th_sl + ttrs,OBJ,False
ไหล่,3,3,agent + th_sl + ttrs,OBJ,False
อยู่บ้าน,20,2,tsl51,STATE,True
โจมตี,7,2,th_sl,,False
ตกหล่น,5,2,th_sl,,False
พนัน,5,2,th_sl,OBJ,False
แซง,5,2,th_sl + ttrs,,False
ไม่มี,5,2,agent + th_sl,NEG,True
กรมประชาสัมพันธ์,4,2,th_sl + ttrs,OBJ,False
กระหายน้ำ,4,2,th_sl + ttrs,,True
ซื่อสัตย์,4,2,th_sl + ttrs,,False
ตกลง,4,2,agent + th_sl,VERB,False
ตะลึง,4,2,th_sl + ttrs,VERB,False
ตัดความสัมพันธ์,4,2,th_sl + ttrs,VERB,False
ประมาท,4,2,th_sl,,False
ประหาร,4,2,th_sl,,False
ผิด,4,2,th_sl + ttrs,ADJ,True
ผ้าเช็ดหน้า,4,2,th_sl + ttrs,OBJ,False
พลาด,4,2,th_sl,VERB,False
วาดภาพ,4,2,th_sl + ttrs,,False
วิจารณ์,4,2,th_sl + ttrs,,False
อัปเดต,4,2,th_sl + ttrs,VERB,False
เกาะ,4,2,th_sl + ttrs,TIME,False
เชียงใหม่,4,2,th_sl + ttrs,PLACE,False
เซ็นทรัลลาดพร้าว,4,2,th_sl,PLACE,False
เท,4,2,th_sl,,False
เนียน,4,2,th_sl,VERB,False
เลีย,4,2,th_sl + ttrs,VERB,False
เสื้อกันหนาว,4,2,th_sl + ttrs,OBJ,False
กด,3,2,th_sl + ttrs,VERB,False
กระจาย,3,2,th_sl + ttrs,VERB,False
กระดาษทิชชู่,3,2,agent + th_sl,,False
กล้วยน้ำว้า,3,2,th_sl + ttrs,OBJ,False
กล้วยไข่,3,2,th_sl + ttrs,OBJ,False
กางเกงขายาว,3,2,th_sl + ttrs,OBJ,False
กางเกงยีนส์,3,2,th_sl + ttrs,OBJ,False
การแก้ปัญหา,3,2,th_sl + ttrs,VERB,False
กำหนด,3,2,th_sl + ttrs,,False
ก๊อกน้ำ,3,2,th_sl + ttrs,,False
ขยัน,3,2,agent + th_sl + ttrs,STATE,True
ขรุขระ,3,2,th_sl + ttrs,,False
ขำขัน,3,2,th_sl + ttrs,,False
ข่วน,3,2,th_sl + ttrs,VERB,False
ข้างหลัง,3,2,th_sl + ttrs,,False
คน,3,2,ttrs,OBJ,True
คนขับรถ,3,2,th_sl + ttrs,,False
คนละครึ่งพลัส,3,2,th_sl,,False
คนแคระ,3,2,th_sl + ttrs,,False
คริสตมาส,3,2,th_sl + ttrs,OBJ,False
ควบคุม,3,2,th_sl,,False
คาราเต้,3,2,th_sl + ttrs,,False
งวงช้าง,3,2,th_sl + ttrs,OBJ,False
จำเป็น,3,2,th_sl,VERB,False
ฉาบ,3,2,th_sl + ttrs,,False
ช่างเชื่อมโลหะ,3,2,th_sl + ttrs,OBJ,False
ช่างไฟฟ้า,3,2,th_sl + ttrs,OBJ,False
ดิน,3,2,agent + th_sl + ttrs,OBJ,False
ดึง,3,2,agent + th_sl,,False
ต่ำ,3,2,th_sl + ttrs,,False
ถวาย,3,2,th_sl + ttrs,,False
ถั่วดำ,3,2,agent + th_sl,,False
ถูกไล่,3,2,th_sl + ttrs,ADJ,False
ถ่มน้ำลาย,3,2,th_sl + ttrs,,False
ทราย,3,2,th_sl + ttrs,TIME,False
ทอดทิ้ง,3,2,th_sl,,False
ทะเบียนบ้าน,3,2,th_sl + ttrs,OBJ,False
ทะเล,3,2,agent + th_sl + ttrs,TIME,False
ทะเลาะ,3,2,th_sl + ttrs,STATE,True
ทัน,3,2,th_sl,VERB,False
ทับทิม,3,2,th_sl + ttrs,OBJ,False
ทิป,3,2,th_sl,VERB,False
ทุกคน,3,2,th_sl + ttrs,SUBJ,False
ท่องจำ,3,2,agent + ttrs,VERB,False
ธนาคารกรุงไทย,3,2,th_sl + ttrs,OBJ,False
นาฬิกาข้อมือ,3,2,th_sl + ttrs,,False
นิ้ว,3,2,agent + ttrs,,False
น้ำหอม,3,2,th_sl + ttrs,OBJ,False
บัตรสวัสดิการแห่งรัฐ,3,2,th_sl + ttrs,,False
ประชาชน,3,2,th_sl + ttrs,,False
ประตูน้ำ,3,2,th_sl + ttrs,OBJ,False
ปลวก,3,2,th_sl + ttrs,OBJ,False
ปลอมตัว,3,2,th_sl + ttrs,VERB,False
ปลาร้า,3,2,th_sl + ttrs,OBJ,False
ปัตตานี,3,2,th_sl,PLACE,False
ปัสสาวะ,3,2,agent + ttrs,VERB,False
ปาท่องโก๋,3,2,th_sl,OBJ,False
ปืนฉีดน้ำ,3,2,th_sl + ttrs,OBJ,False
ผมเปีย,3,2,th_sl + ttrs,,False
ผายลม,3,2,th_sl + ttrs,,False
ผ่า,3,2,agent + th_sl,,False
ผ้าอนามัย,3,2,th_sl + ttrs,OBJ,False
พจนานุกรม,3,2,th_sl + ttrs,,False
พระโขนง,3,2,th_sl,,False
พัง,3,2,th_sl + ttrs,VERB,False
พาต้า สาขาปิ่นเกล้า,3,2,th_sl + ttrs,PLACE,False
พูดไม่ได้เลย,3,2,th_sl,,False
พ่อครัว,3,2,th_sl + ttrs,SUBJ,False
ฟิลิปปินส์,3,2,th_sl + ttrs,OBJ,False
ฟุต,3,2,th_sl + ttrs,,False
ฟ้าร้อง,3,2,th_sl + ttrs,TIME,False
ภาษี,3,2,th_sl + ttrs,OBJ,False
มด,3,2,th_sl + ttrs,OBJ,False
มันฝรั่ง,3,2,th_sl + ttrs,OBJ,False
มาเลเซีย,3,2,th_sl + ttrs,OBJ,False
ม้าไม้โยก,3,2,th_sl + ttrs,OBJ,False
ยื่นฟ้อง,3,2,th_sl + ttrs,,False
รถทัวร์,3,2,th_sl + ttrs,,False
รถยนต์,3,2,agent + th_sl + ttrs,OBJ,False
รถสามล้อเครื่อง,3,2,th_sl + ttrs,OBJ,False
รถเทสลา,3,2,th_sl,,False
รถเมล์,3,2,agent + th_sl + ttrs,OBJ,True
รถแท็กซี่,3,2,th_sl + ttrs,OBJ,False
รองเท้าแตะ,3,2,th_sl + ttrs,,False
รังแก,3,2,th_sl + ttrs,,False
รับผิดชอบ,3,2,th_sl,,False
รางวัลรองชนะเลิศอันดับ 1,3,2,th_sl + ttrs,OBJ,False
รามคำแหง,3,2,th_sl + ttrs,,False
ร้อยเอ็ด,3,2,th_sl + ttrs,OBJ,False
ลบ,3,2,th_sl + ttrs,,False
ลม,3,2,th_sl + ttrs,OBJ,True
ลมพายุ,3,2,th_sl + ttrs,OBJ,False
ลักษณะ,3,2,agent + th_sl,,False
ลางสาด,3,2,th_sl + ttrs,OBJ,False
ลาดกระบัง(เขต),3,2,th_sl,,False
ลำโพง,3,2,th_sl + ttrs,,False
ลูกบุญธรรม,3,2,th_sl + ttrs,OBJ,False
วันทูคอล,3,2,th_sl,,False
วิธี,3,2,th_sl + ttrs,OBJ,False
วีดีโอ,3,2,th_sl,,False
ศรีลังกา,3,2,th_sl + ttrs,PLACE,False
ศูนย์ฝึกอาชีพพระประแดง,3,2,th_sl + ttrs,,False
สกปรก,3,2,th_sl + ttrs,VERB,True
สถานีรถไฟ,3,2,agent + th_sl + ttrs,PLACE,False
สรุป,3,2,th_sl + ttrs,VERB,False
สองภาษา,3,2,th_sl + ttrs,,False
สะพาน,3,2,th_sl + ttrs,OBJ,False
สะอาด,3,2,th_sl + ttrs,ADJ,True
สั้น,3,2,th_sl + ttrs,VERB,False
สิว,3,2,th_sl + ttrs,OBJ,False
สีลม,3,2,th_sl,,False
หมอก,3,2,th_sl + ttrs,TIME,False
หลังคา,3,2,th_sl + ttrs,OBJ,False
หลุด,3,2,th_sl,VERB,False
หารือ,3,2,th_sl,VERB,False
หุบปาก,3,2,th_sl,,False
ห้วยขวาง,3,2,th_sl,,False
อยู่,3,2,th_sl,VERB,True
ออก,3,2,th_sl,VERB,False
อินเตอร์เน็ต,3,2,th_sl + ttrs,,False
อินโดนีเซีย,3,2,th_sl + ttrs,PLACE,False
อิหร่าน,3,2,th_sl + ttrs,PLACE,False
อ่างล้างหน้า,3,2,th_sl + ttrs,OBJ,False
เขย่า,3,2,th_sl + ttrs,,False
เครื่องตัดหญ้า,3,2,th_sl + ttrs,OBJ,False
เครื่องปิ้งขนมปัง,3,2,th_sl + ttrs,,False
เครื่องแบบนักเรียน,3,2,th_sl + ttrs,,False
เฆี่ยน,3,2,th_sl + ttrs,VERB,False
เจ้าชู้,3,2,th_sl + ttrs,,False
เฉย,3,2,th_sl,,False
เชิญ,3,2,th_sl + ttrs,VERB,False
เชียงราย,3,2,th_sl + ttrs,PLACE,False
เดินตรง,3,2,th_sl + ttrs,,False
เดินเร็ว,3,2,th_sl + ttrs,,False
เดือดร้อน,3,2,th_sl + ttrs,,False
เตะ,3,2,th_sl + ttrs,VERB,False
เตียงพับ,3,2,th_sl + ttrs,OBJ,False
เนคไท,3,2,th_sl + ttrs,OBJ,False
เนปาล,3,2,th_sl + ttrs,PLACE,False
เบลอ,3,2,th_sl,,False
เป็นหวัด,3,2,th_sl + ttrs,,False
เพชร,3,2,th_sl + ttrs,,False
เฟซบุ๊ก,3,2,th_sl + ttrs,VERB,False
เฟรนช์ฟรายส์,3,2,th_sl,,False
เมนู,3,2,th_sl,OBJ,False
เมา,3,2,th_sl,VERB,False
เวร,3,2,th_sl,,False
เสร็จแล้ว,3,2,th_sl,,True
เสียดาย,3,2,th_sl,STATE,False
เสื้อฝน,3,2,th_sl + ttrs,,False
เสื้อเชิ้ต,3,2,th_sl + ttrs,OBJ,False
เส้น,3,2,th_sl,OBJ,False
เหมือนกัน,3,2,th_sl,OBJ,False
เหรียญทอง,3,2,th_sl + ttrs,OBJ,False
แข็งแรง,3,2,th_sl + ttrs,,False
แนวตั้ง,3,2,th_sl + ttrs,,False
แนวนอน,3,2,th_sl + ttrs,,False
แบตเตอรี่รถยนต์,3,2,th_sl,,False
แบน,3,2,th_sl + ttrs,ADJ,False
แม่ฮ่องสอน,3,2,th_sl + ttrs,PLACE,False
แห้ว,3,2,th_sl + ttrs,,False
โค้ช,3,2,th_sl,OBJ,False
โดราเอมอน,3,2,th_sl,,False
โบสถ์,3,2,agent + th_sl + ttrs,PLACE,False
โปแลนด์,3,2,th_sl + ttrs,PLACE,False
โรงแรม,3,2,agent + th_sl + ttrs,PLACE,False
ไข่เจียว,3,2,th_sl + ttrs,OBJ,False
ไม่ดี,3,2,th_sl + ttrs,ADJ,True
ไม่ทำ,3,2,th_sl,,False
ไม่มีเงิน,3,2,th_sl + ttrs,ADJ,False
ไล่,3,2,th_sl,VERB,False
ไอคอนสยาม,3,2,th_sl,,False
ไอจี,3,2,th_sl,,False
กฎหมาย,2,2,th_sl + ttrs,OBJ,False
กรกฎาคม,2,2,th_sl + ttrs,TIME,False
กรมควบคุมโรค,2,2,th_sl + ttrs,,False
กรมตำรวจ,2,2,th_sl + ttrs,,False
กรมที่ดิน,2,2,th_sl + ttrs,,False
กรมปกครอง,2,2,th_sl + ttrs,,False
กรมสามัญศึกษา,2,2,th_sl + ttrs,,False
กรรไกรตัดเล็บ,2,2,th_sl + ttrs,OBJ,False
กระ,2,2,th_sl + ttrs,,False
กระจก,2,2,th_sl + ttrs,,False
กระชาก,2,2,th_sl + ttrs,,False
กระชาย,2,2,th_sl + ttrs,OBJ,False
กระซิบ,2,2,th_sl + ttrs,,False
กระดานดำ,2,2,th_sl + ttrs,OBJ,False
กระดาษแข็ง,2,2,th_sl + ttrs,,False
กระดูกนิ้วมือ,2,2,th_sl + ttrs,,False
กระดูกสันหลัง,2,2,th_sl + ttrs,,False
กระทรวงการพัฒนาสังคมและความมั่นคงของมนุษย์,2,2,th_sl,PLACE,False
กระทรวงศึกษาธิการ,2,2,th_sl + ttrs,PLACE,False
กระทรวงสาธารณสุข,2,2,th_sl + ttrs,PLACE,False
กระทรวงแรงงาน,2,2,th_sl + ttrs,PLACE,False
กระทะ,2,2,th_sl + ttrs,OBJ,False
กระทิง,2,2,th_sl + ttrs,OBJ,False
กระท่อมน้ำแข็ง,2,2,th_sl + ttrs,,False
กระท้อน,2,2,th_sl + ttrs,OBJ,False
กระปุกออมสิน,2,2,th_sl + ttrs,OBJ,False
กระเทย,2,2,th_sl + ttrs,OBJ,False
กระเทียม,2,2,th_sl + ttrs,,False
กระเบื้อง,2,2,th_sl + ttrs,OBJ,False
กระแสไฟฟ้า,2,2,th_sl + ttrs,,False
กระโดดขาเดียว,2,2,th_sl + ttrs,,False
กระโดดน้ำ,2,2,th_sl + ttrs,OBJ,False
กระโปรง,2,2,th_sl + ttrs,OBJ,False
กราฟวงกลม,2,2,th_sl + ttrs,OBJ,False
กราฟเส้น,2,2,th_sl + ttrs,OBJ,False
กราฟแท่ง,2,2,th_sl + ttrs,OBJ,False
กรีดยาง,2,2,th_sl + ttrs,,False
กลอนประตู,2,2,th_sl + ttrs,OBJ,False
กลางคืน,2,2,th_sl,TIME,True
กลืน,2,2,th_sl + ttrs,,False
กลุ่ม,2,2,th_sl + ttrs,OBJ,False
กล่อง,2,2,th_sl + ttrs,OBJ,False
กล่องตุ๊กตาตัวตลก,2,2,th_sl + ttrs,OBJ,False
กล้วยบวชชี,2,2,th_sl + ttrs,OBJ,False
กล้วยหอม,2,2,th_sl + ttrs,OBJ,False
กล้องจุลทรรศน์,2,2,th_sl + ttrs,,False
กล้องยาสูบ,2,2,th_sl + ttrs,,False
กล้องวงจรปิด,2,2,th_sl,,False
กล้องวิดีโอ,2,2,th_sl + ttrs,OBJ,False
กล้า,2,2,th_sl,VERB,False
กล้ามเนื้อ,2,2,th_sl + ttrs,,False
กวักมือ,2,2,th_sl + ttrs,VERB,False
กวาด,2,2,agent + ttrs,,False
กะพริบ,2,2,th_sl + ttrs,,False
กะละมัง,2,2,th_sl + ttrs,OBJ,False
กะหล่ำดอก,2,2,th_sl + ttrs,,False
กะเพรา,2,2,th_sl,,False
กังวล,2,2,th_sl + ttrs,STATE,True
กังหันลมของเล่น,2,2,th_sl + ttrs,OBJ,False
กันยายน,2,2,th_sl + ttrs,TIME,False
กันสาด,2,2,th_sl + ttrs,OBJ,False
กับดักหนู,2,2,th_sl + ttrs,,False
กา,2,2,th_sl + ttrs,OBJ,False
กางเกง,2,2,agent + ttrs,,False
กางเกงใน,2,2,ttrs,,False
กาต้มน้ำไฟฟ้า,2,2,th_sl + ttrs,OBJ,False
กายวิภาคศาสตร์,2,2,th_sl + ttrs,OBJ,False
กาแฟ,2,2,th_sl + ttrs,,True
กำไร,2,2,th_sl + ttrs,OBJ,False
กิจกรรม,2,2,th_sl + ttrs,,False
กินเลี้ยง,2,2,th_sl + ttrs,,False
กิ้งกือ,2,2,th_sl + ttrs,OBJ,False
กีตาร์,2,2,th_sl + ttrs,,False
กีฬาโอลิมปิก,2,2,th_sl + ttrs,OBJ,False
กุมภาพันธ์,2,2,th_sl + ttrs,TIME,False
กูเกิ้ล Google,2,2,th_sl,,False
ก่อนหน้า,2,2,th_sl + ttrs,,False
ก๊าซธรรมชาติ,2,2,ttrs,OBJ,False
ขนมครก,2,2,th_sl + ttrs,OBJ,False
ขนลุก,2,2,th_sl + ttrs,,False
ขนสัตว์,2,2,th_sl + ttrs,OBJ,False
ขนาด,2,2,th_sl + ttrs,,False
ขมิ้น,2,2,th_sl + ttrs,,False
ขวด,2,2,th_sl + ttrs,OBJ,False
ขวดน้ำ,2,2,agent + ttrs,OBJ,False
ขวา,2,2,th_sl + ttrs,,False
ของเขา,2,2,th_sl + ttrs,,False
ของเล่น,2,2,agent + th_sl,,False
ขอทาน,2,2,th_sl + ttrs,,False
ขอบหน้าต่าง,2,2,th_sl + ttrs,OBJ,False
ขัดแย้ง,2,2,agent + th_sl,,False
ขับ,2,2,th_sl + ttrs,,False
ขากรรไกร,2,2,th_sl + ttrs,,False
ขาดแคลน,2,2,th_sl + ttrs,,False
ขาล,2,2,th_sl,,False
ขิม,2,2,th_sl + ttrs,,False
ขีดเส้นใต้,2,2,th_sl + ttrs,VERB,False
ขี้ตา,2,2,th_sl + ttrs,OBJ,False
ขี้หู,2,2,th_sl + ttrs,OBJ,False
ขี้เกียจ,2,2,th_sl + ttrs,STATE,True
ขี้เถ้า,2,2,ttrs,,False
ขี้เล็บ,2,2,th_sl + ttrs,OBJ,False
ขี้แมลงวัน,2,2,th_sl + ttrs,OBJ,False
ขึ้นฉ่าย,2,2,th_sl + ttrs,,False
ขูด,2,2,th_sl + ttrs,,False
ข่าว,2,2,th_sl + ttrs,OBJ,False
ข้อความ,2,2,th_sl,,False
ข้อต่อ,2,2,th_sl + ttrs,,False
ข้อนิ้ว,2,2,th_sl + ttrs,OBJ,False
ข้อพิพาท,2,2,th_sl + ttrs,OBJ,False
ข้อมือ,2,2,th_sl + ttrs,OBJ,False
ข้อมูล,2,2,th_sl + ttrs,OBJ,False
ข้อเท้า,2,2,th_sl + ttrs,OBJ,False
ข้าพเจ้า,2,2,th_sl + ttrs,SUBJ,False
ข้าม,2,2,th_sl + ttrs,VERB,False
ข้าวผัด,2,2,th_sl + ttrs,OBJ,False
ข้าวสาร,2,2,agent + th_sl,OBJ,False
ข้าวหมูแดง,2,2,th_sl,OBJ,False
ข้าวเหนียว,2,2,th_sl + ttrs,OBJ,False
ข้าวโพด,2,2,th_sl + ttrs,,False
ข้าวโพดคั่ว,2,2,th_sl + ttrs,,False
ข้าวโพดอ่อน,2,2,th_sl + ttrs,,False
คนชรา,2,2,agent + th_sl,SUBJ,False
คนหูหนวก,2,2,th_sl + ttrs,OBJ,False
คนเดียว,2,2,th_sl + ttrs,,True
คนไทย,2,2,agent + ttrs,,False
ครก,2,2,th_sl + ttrs,OBJ,False
ครั้งเดียวเท่านั้น,2,2,th_sl + ttrs,,False
คฤหาสน์,2,2,th_sl + ttrs,OBJ,False
คลองเตย,2,2,th_sl + ttrs,OBJ,False
คลั่ง,2,2,th_sl,VERB,False
คลาน,2,2,th_sl + ttrs,,False
คลานด้วยเข่า,2,2,th_sl + ttrs,,False
ความสุข,2,2,agent,,False
ความเย่อหยิ่ง,2,2,th_sl + ttrs,,False
ควาย,2,2,th_sl + ttrs,OBJ,False
คอหมูย่าง,2,2,th_sl + ttrs,OBJ,False
คางคก,2,2,th_sl + ttrs,OBJ,False
คำ,2,2,th_sl + ttrs,OBJ,False
คำให้การ,2,2,th_sl + ttrs,,False
คิดแคบ,2,2,th_sl + ttrs,ADJ,False
คุย,2,2,agent + th_sl,VERB,False
คูณ,2,2,th_sl + ttrs,,False
คูหา,2,2,th_sl + ttrs,OBJ,False
คู่,2,2,th_sl + ttrs,OBJ,False
ค่าธรรมเนียมศาล,2,2,th_sl + ttrs,,False
ค้อน,2,2,agent + th_sl,OBJ,False
ค้างคาว,2,2,th_sl + ttrs,OBJ,False
ฆ้องวงใหญ่,2,2,th_sl + ttrs,,False
งานช่างไม้,2,2,th_sl + ttrs,,False
งูจงอาง,2,2,th_sl + ttrs,OBJ,False
งูสามเหลี่ยม,2,2,th_sl + ttrs,OBJ,False
งูเหลือม,2,2,th_sl + ttrs,OBJ,False
ง่วงนอน,2,2,th_sl + ttrs,VERB,False
จดจำ,2,2,th_sl + ttrs,,False
จน,2,2,th_sl + ttrs,,False
จมน้ำ,2,2,th_sl + ttrs,,False
จรวด,2,2,th_sl + ttrs,OBJ,False
จระเข้,2,2,th_sl + ttrs,OBJ,False
จอง,2,2,agent + th_sl,VERB,True
จอห์นสันแอนด์จอห์นสัน,2,2,th_sl,,False
จานดาวเทียม,2,2,th_sl + ttrs,OBJ,False
จานวางสบู่,2,2,th_sl + ttrs,,False
จำนำ,2,2,th_sl + ttrs,,False
จำเลย,2,2,th_sl + ttrs,OBJ,False
จิงโจ้,2,2,th_sl + ttrs,OBJ,False
จิตวิทยา,2,2,th_sl + ttrs,,False
จิ้งจก,2,2,th_sl + ttrs,OBJ,False
จืด,2,2,th_sl + ttrs,,False
จุด,2,2,agent + ttrs,,False
จุฬาลงกรณ์มหาวิทยาลัย,2,2,th_sl + ttrs,PLACE,False
จ่าย,2,2,th_sl,,True
ฉลาด,2,2,agent + th_sl,OBJ,False
ฉิ่ง,2,2,th_sl + ttrs,,False
ชะนี,2,2,th_sl + ttrs,OBJ,False
ชะลอ,2,2,th_sl + ttrs,,False
ชักโครก,2,2,th_sl + ttrs,OBJ,False
ชัยวุฒิ ธนาคมานุสรณ์,2,2,th_sl,SUBJ,False
ชั่วโมง,2,2,th_sl + ttrs,OBJ,True
ชั้นล่าง,2,2,th_sl + ttrs,,False
ชั้นวางหนังสือ,2,2,th_sl + ttrs,,False
ชั้้นล่าง,2,2,th_sl + ttrs,,False
ชา,2,2,th_sl + ttrs,,True
ชาม,2,2,th_sl + ttrs,,False
ชามะนาว,2,2,th_sl + ttrs,,False
ชาวนา,2,2,th_sl + ttrs,SUBJ,False
ชาเขียว,2,2,th_sl + ttrs,,False
ชำนาญ,2,2,th_sl + ttrs,,False
ชีวิต,2,2,th_sl + ttrs,OBJ,True
ชื่อจริง,2,2,th_sl + ttrs,OBJ,False
ชื่อภาษามือ,2,2,th_sl + ttrs,OBJ,False
ชื่อเล่น,2,2,agent + th_sl,OBJ,False
ชุดตรวจโควิด,2,2,th_sl + ttrs,,False
ชุดรถไฟ,2,2,th_sl + ttrs,OBJ,False
ชุดราตรี,2,2,th_sl + ttrs,,False
ชุดวิวาห์,2,2,th_sl + ttrs,OBJ,False
ชุดหมอ,2,2,th_sl + ttrs,OBJ,False
ชุดเครื่องครัว,2,2,th_sl + ttrs,OBJ,False
ช็อกโกแลต,2,2,th_sl + ttrs,,False
ช่างซ่อมรองเท้า,2,2,th_sl + ttrs,SUBJ,False
ช่างทำผม,2,2,th_sl + ttrs,SUBJ,False
ช่างไม้,2,2,th_sl + ttrs,SUBJ,False
ซอด้วง,2,2,th_sl + ttrs,OBJ,False
ซอสถั่วเหลือง,2,2,th_sl + ttrs,OBJ,False
ซอสหอยนางรม,2,2,th_sl + ttrs,,False
ซาลาเปา,2,2,th_sl + ttrs,OBJ,False
ซาอุดิอาระเบีย,2,2,th_sl,PLACE,False
ซีอิ๊วขาว,2,2,th_sl + ttrs,OBJ,False
ซีอิ๊วดำ,2,2,th_sl + ttrs,OBJ,False
ซึง,2,2,th_sl + ttrs,OBJ,False
ซื้อ,2,2,th_sl,VERB,True
ซุบซิบ,2,2,th_sl + ttrs,VERB,False
ซ่อม,2,2,th_sl,VERB,False
ซ้าย,2,2,th_sl + ttrs,,False
ดอกแค,2,2,th_sl,,False
ดอกไม้ไฟ,2,2,th_sl + ttrs,,False
ดอยอินทนนท์,2,2,th_sl,PLACE,False
ดอลลาร์,2,2,th_sl + ttrs,OBJ,False
ดังนั้น,2,2,th_sl + ttrs,,False
ดาบ,2,2,th_sl + ttrs,,False
ดำนา,2,2,th_sl + ttrs,,False
ดำน้ำ,2,2,th_sl + ttrs,,False
ดินน้ำมัน,2,2,th_sl + ttrs,OBJ,False
ดินสอพอง,2,2,th_sl + ttrs,,False
ดินแดง,2,2,th_sl + ttrs,,False
ดูลายมือ,2,2,th_sl + ttrs,,False
ดูแล,2,2,th_sl + ttrs,VERB,False
ด่วน,2,2,th_sl,,False
ด่าน,2,2,th_sl + ttrs,,False
ตกใจ,2,2,th_sl + ttrs,VERB,True
ตรงข้าม,2,2,th_sl + ttrs,,False
ตรวจสอบ,2,2,th_sl + ttrs,VERB,False
ตรวจสอบบัญชี,2,2,th_sl + ttrs,,False
ตลอดคืน,2,2,th_sl + ttrs,,False
ตะกร้าใส่ผ้า,2,2,th_sl,,False
ตะขาบ,2,2,th_sl + ttrs,OBJ,False
ตะปู,2,2,agent + ttrs,,False
ตะพาบน้ำ,2,2,th_sl + ttrs,OBJ,False
ตะหลิว,2,2,th_sl + ttrs,,False
ตะเกียบ,2,2,th_sl + ttrs,OBJ,False
ตะไคร้,2,2,th_sl + ttrs,,False
ตะไบเล็บ,2,2,th_sl + ttrs,OBJ,False
ตัดมือ,2,2,th_sl + ttrs,,False
ตัดสินใจ,2,2,th_sl + ttrs,VERB,False
ตับอ่อน,2,2,th_sl + ttrs,,False
ตัวต่อภาพ,2,2,th_sl + ttrs,OBJ,False
ตั้งครรภ์,2,2,th_sl + ttrs,OBJ,False
ตั้งใจ,2,2,th_sl + ttrs,,False
ตั๊กแตน,2,2,th_sl + ttrs,OBJ,False
ตาตุ่ม,2,2,th_sl + ttrs,OBJ,False
ตาบอด,2,2,ttrs,,False
ตามใจ,2,2,th_sl + ttrs,,False
ตาแดง,2,2,th_sl + ttrs,,False
ตำหนิ,2,2,ttrs,,False
ติ่งหู,2,2,th_sl + ttrs,OBJ,False
ตื่น,2,2,th_sl,VERB,True
ตื่นเต้น,2,2,th_sl + ttrs,,False
ตุรกี,2,2,th_sl + ttrs,PLACE,False
ตุลาคม,2,2,th_sl + ttrs,TIME,False
ตุ๊กแก,2,2,th_sl + ttrs,OBJ,False
ตู้จดหมาย,2,2,th_sl + ttrs,OBJ,False
ตู้เก็บถ้วยชาม,2,2,th_sl + ttrs,,False
ตู้เย็น,2,2,th_sl + ttrs,OBJ,False
ต่างประเทศ,2,2,th_sl + ttrs,OBJ,False
ต่ำสุด,2,2,th_sl + ttrs,,False
ต้นขา,2,2,th_sl + ttrs,OBJ,False
ต้นแขน,2,2,th_sl + ttrs,OBJ,False
ต้นไม้,2,2,th_sl + ttrs,OBJ,False
ต้ม,2,2,agent + th_sl,VERB,False
ถอน,2,2,th_sl,VERB,False
ถัดไป,2,2,th_sl + ttrs,,False
ถั่วงอก,2,2,th_sl + ttrs,,False
ถั่วฝักยาว,2,2,th_sl + ttrs,,False
ถั่วพู,2,2,th_sl + ttrs,,False
ถั่วลิสง,2,2,agent + ttrs,,False
ถาดหลุม,2,2,th_sl + ttrs,,False
ถือ,2,2,th_sl + ttrs,,False
ถุงขยะ,2,2,th_sl + ttrs,,False
ถุงน้ำดี,2,2,th_sl + ttrs,,False
ถุงพลาสติก,2,2,th_sl + ttrs,OBJ,False
ถุงมือยาง,2,2,ttrs,,False
ถุงยางอนามัย,2,2,th_sl + ttrs,OBJ,False
ถุงเท้ายาว,2,2,ttrs,,False
ถูตัว,2,2,th_sl + ttrs,,False
ถ่าน,2,2,agent + th_sl,,False
ถ่ายสำเนา,2,2,th_sl + ttrs,,False
ทดลอง,2,2,th_sl + ttrs,VERB,False
ทวด,2,2,th_sl + ttrs,OBJ,False
ทองคำ,2,2,th_sl + ttrs,OBJ,False
ทอด,2,2,th_sl + ttrs,VERB,False
ทักทาย,2,2,agent + th_sl,VERB,False
ทันเวลา,2,2,th_sl + ttrs,,False
ทา,2,2,th_sl + ttrs,,False
ทารก,2,2,th_sl + ttrs,OBJ,False
ทาวน์เฮาส์,2,2,th_sl + ttrs,OBJ,False
ทำตามฉัน,2,2,th_sl + ttrs,VERB,False
ทำสวน,2,2,th_sl + ttrs,,False
ทำอาหาร,2,2,agent + ttrs,VERB,True
ทิศตะวันตก,2,2,th_sl + ttrs,OBJ,False
ทิศตะวันออก,2,2,th_sl + ttrs,OBJ,False
ทิศเหนือ,2,2,th_sl + ttrs,OBJ,False
ทิศใต้,2,2,th_sl + ttrs,OBJ,False
ที่คาดผม,2,2,th_sl + ttrs,,False
ที่ดิน,2,2,th_sl + ttrs,OBJ,False
ที่นั่ง,2,2,agent + th_sl,,False
ที่เขี่ยบุหรี่,2,2,th_sl + ttrs,,False
ทุ่งทานตะวัน,2,2,th_sl,PLACE,False
ท่อน้ำ,2,2,th_sl + ttrs,OBJ,False
ท่อระบายน้ำ,2,2,th_sl + ttrs,OBJ,False
ท่าเรือ,2,2,agent + th_sl,PLACE,False
ท้องฟ้า,2,2,th_sl + ttrs,TIME,False
ธนาคารกรุงศรีอยุธยา,2,2,th_sl + ttrs,OBJ,False
ธนาคารกรุงเทพ,2,2,th_sl + ttrs,OBJ,False
ธนาคารกสิกรไทย,2,2,th_sl + ttrs,OBJ,False
ธนาคารทหารไทย,2,2,th_sl + ttrs,OBJ,False
ธนาคารออมสิน,2,2,th_sl + ttrs,OBJ,False
ธรรมชาติ,2,2,th_sl + ttrs,OBJ,False
ธัญพืช,2,2,th_sl + ttrs,,False
ธันวาคม,2,2,th_sl + ttrs,TIME,False
นก,2,2,th_sl + ttrs,OBJ,True
นกหวีด,2,2,th_sl + ttrs,OBJ,False
นครปฐม,2,2,th_sl + ttrs,OBJ,False
นมเปรี้ยว,2,2,th_sl + ttrs,,False
นมเย็น,2,2,th_sl + ttrs,OBJ,False
นวด,2,2,th_sl + ttrs,VERB,False
นวม,2,2,th_sl + ttrs,OBJ,False
นวมชกมวย,2,2,th_sl + ttrs,,False
นอนคู่กัน,2,2,th_sl + ttrs,,False
นอนหลับ,2,2,th_sl + ttrs,,False
นอร์เวย์,2,2,th_sl + ttrs,OBJ,False
นักการเมือง,2,2,th_sl + ttrs,OBJ,False
นักข่าว,2,2,th_sl + ttrs,,False
นักบัญชี,2,2,th_sl + ttrs,,False
นักบิน,2,2,th_sl + ttrs,,False
นักมายากล,2,2,th_sl + ttrs,,False
นักร้อง,2,2,th_sl + ttrs,,False
นักเรียน,2,2,agent + ttrs,,True
นักโทษ,2,2,th_sl + ttrs,OBJ,False
นับถอยหลัง,2,2,th_sl + ttrs,,False
นางแบบ,2,2,th_sl + ttrs,,False
นาที,2,2,th_sl + ttrs,OBJ,True
นาน,2,2,th_sl,OBJ,False
นาย,2,2,th_sl + ttrs,,False
นายกรัฐมนตรี,2,2,th_sl + ttrs,OBJ,False
นาฬิกาปลุก,2,2,th_sl + ttrs,,False
นินทา,2,2,th_sl + ttrs,,False
นิวซีแลนด์,2,2,th_sl + ttrs,PLACE,False
นิ้วกลาง,2,2,th_sl + ttrs,OBJ,False
นิ้วก้อย,2,2,th_sl + ttrs,OBJ,False
นิ้วชี้,2,2,th_sl + ttrs,OBJ,False
นิ้วนาง,2,2,th_sl + ttrs,OBJ,False
น่อง,2,2,th_sl + ttrs,OBJ,False
น่าอาย,2,2,th_sl + ttrs,,False
น่าเกลียด,2,2,th_sl + ttrs,VERB,False
น้อยกว่า,2,2,th_sl + ttrs,,False
น้ำค้าง,2,2,th_sl + ttrs,TIME,False
น้ำดื่ม,2,2,agent + ttrs,,False
น้ำตาล,2,2,th_sl + ttrs,,False
น้ำตาลทราย,2,2,th_sl + ttrs,OBJ,False
น้ำท่วม,2,2,th_sl + ttrs,,False
น้ำพุ,2,2,agent + th_sl,TIME,False
น้ำมะนาว,2,2,ttrs,,False
น้ำมันพืช,2,2,th_sl + ttrs,OBJ,False
น้ำมันเครื่อง,2,2,th_sl + ttrs,,False
น้ำลาย,2,2,th_sl + ttrs,OBJ,False
น้ำลายหก,2,2,th_sl + ttrs,,False
น้ำหนัก,2,2,th_sl + ttrs,,False
น้ำเงินคราม,2,2,th_sl + ttrs,,False
น้ำเงินอมเขียว,2,2,th_sl + ttrs,,False
น้ำแข็ง,2,2,th_sl + ttrs,OBJ,True
น้ำโซดา,2,2,th_sl + ttrs,,False
น้ำใจ,2,2,th_sl,OBJ,False
บกพร่องทางการเห็น,2,2,th_sl + ttrs,,False
บกพร่องทางการได้ยิน,2,2,th_sl + ttrs,,False
บกพร่องทางสติปัญญา,2,2,th_sl + ttrs,,False
บทเรียน,2,2,th_sl + ttrs,,False
บน,2,2,th_sl + ttrs,VERB,False
บรรยาย,2,2,th_sl + ttrs,VERB,False
บรอกโคลี,2,2,th_sl + ttrs,,False
บริการ,2,2,th_sl + ttrs,OBJ,False
บริจาค,2,2,th_sl + ttrs,VERB,False
บรูไน,2,2,th_sl + ttrs,OBJ,False
บลูเบอร์รี,2,2,th_sl + ttrs,,False
บวม,2,2,th_sl + ttrs,VERB,False
บัญชี,2,2,agent + th_sl,,False
บัตรประชาชน,2,2,th_sl + ttrs,OBJ,False
บัตรสมาชิก,2,2,th_sl + ttrs,,False
บัตรเอทีเอ็ม,2,2,th_sl + ttrs,,False
บันได,2,2,th_sl + ttrs,OBJ,False
บัวรดน้ำ,2,2,th_sl + ttrs,OBJ,False
บัวลอย,2,2,agent + th_sl,OBJ,False
บางกะปิ,2,2,th_sl,,False
บางนา,2,2,th_sl,,False
บางบอน,2,2,th_sl,,False
บางพลัด,2,2,th_sl,,False
บางพลี,2,2,th_sl,PLACE,False
บางหว้า,2,2,th_sl,,False
บางแสน,2,2,th_sl,,False
บานพับ,2,2,th_sl + ttrs,OBJ,False
บาป,2,2,th_sl + ttrs,,False
บีเอ็มดับเบิลยู,2,2,th_sl,,False
บุรุษไปรษณีย์,2,2,th_sl + ttrs,OBJ,False
บุหรี่,2,2,th_sl + ttrs,,False
บุ้ง,2,2,th_sl + ttrs,OBJ,False
บูธ,2,2,th_sl,,False
บ่น,2,2,th_sl,VERB,False
บ่อย,2,2,th_sl + ttrs,,False
บ่าย,2,2,th_sl + ttrs,OBJ,False
บ้า,2,2,th_sl + ttrs,ADJ,False
บ้านตุ๊กตา,2,2,th_sl + ttrs,OBJ,False
บ้านนอก,2,2,th_sl,OBJ,False
บ้านบนชั้นดาดฟ้า,2,2,th_sl + ttrs,OBJ,False
บ้านพักคนชรา,2,2,th_sl + ttrs,OBJ,False
บ้านพักตากอากาศ,2,2,th_sl + ttrs,,False
บ้านสุนัข,2,2,th_sl + ttrs,OBJ,False
บ้านหลังเล็ก,2,2,th_sl + ttrs,OBJ,False
บ้านอิฐ,2,2,th_sl + ttrs,,False
บ้านเคลื่อนที่ได้,2,2,th_sl + ttrs,OBJ,False
บ้านเช่า,2,2,th_sl + ttrs,PLACE,False
บ้านไม้,2,2,th_sl + ttrs,OBJ,False
ปกครอง,2,2,th_sl + ttrs,OBJ,False
ปฏิเสธ,2,2,th_sl + ttrs,,False
ประกัน,2,2,th_sl + ttrs,OBJ,False
ประกันสังคม,2,2,th_sl + ttrs,,False
ประจำเดือน,2,2,agent + th_sl,,False
ประชามติ,2,2,th_sl,VERB,False
ประถมศึกษา,2,2,th_sl + ttrs,,False
ประทัด,2,2,ttrs,,False
ประมวลกฎหมาย,2,2,th_sl + ttrs,OBJ,False
ประวัติศาสตร์,2,2,th_sl + ttrs,,False
ประสบการณ์,2,2,th_sl + ttrs,VERB,False
ประหม่า,2,2,th_sl + ttrs,VERB,False
ปริศนาอักษรไขว้,2,2,th_sl + ttrs,OBJ,False
ปลอดภัย,2,2,th_sl,,False
ปลอบใจ,2,2,th_sl + ttrs,,True
ปลอมลายเซ็น,2,2,th_sl + ttrs,,False
ปลั๊กไฟ,2,2,th_sl + ttrs,OBJ,False
ปลากระป๋อง,2,2,th_sl + ttrs,,False
ปลากระเบน,2,2,th_sl + ttrs,OBJ,False
ปลาดาว,2,2,th_sl + ttrs,OBJ,False
ปลาดุก,2,2,th_sl + ttrs,OBJ,False
ปลานิล,2,2,th_sl + ttrs,OBJ,False
ปลายแขน,2,2,th_sl + ttrs,OBJ,False
ปลาย่าง,2,2,th_sl + ttrs,,False
ปลาวาฬ,2,2,th_sl + ttrs,OBJ,False
ปลาหมึก,2,2,th_sl + ttrs,OBJ,False
ปลาโลมา,2,2,th_sl + ttrs,OBJ,False
ปลิง,2,2,th_sl + ttrs,OBJ,False
ปลิว,2,2,th_sl + ttrs,VERB,False
ปล้น,2,2,th_sl + ttrs,VERB,False
ปวดร้าวใจ,2,2,th_sl + ttrs,,False
ปวดหัว,2,2,th_sl + ttrs,,True
ปอด,2,2,th_sl + ttrs,,False
ปอนด์,2,2,th_sl + ttrs,,False
ปะการัง,2,2,th_sl + ttrs,OBJ,False
ปัจจุบันกาล,2,2,th_sl + ttrs,,False
ปัญญาอ่อน,2,2,th_sl + ttrs,,False
ปากกาลบคำผิด,2,2,th_sl + ttrs,OBJ,False
ปากน้ำ,2,2,th_sl + ttrs,,False
ปาด,2,2,th_sl + ttrs,OBJ,False
ปีนผา,2,2,th_sl + ttrs,OBJ,False
ปีศาจ,2,2,th_sl + ttrs,OBJ,False
ปูพรม,2,2,th_sl + ttrs,VERB,False
ป่าไม้,2,2,ttrs,OBJ,False
ป้องกัน,2,2,th_sl + ttrs,VERB,False
ผงชูรส,2,2,th_sl + ttrs,OBJ,False
ผมตรง,2,2,th_sl + ttrs,,False
ผมยาว,2,2,th_sl + ttrs,,False
ผมร่วง,2,2,th_sl + ttrs,,False
ผมสั้น,2,2,th_sl + ttrs,,False
ผมหงอก,2,2,th_sl + ttrs,,False
ผมหน้าม้า,2,2,th_sl + ttrs,,False
ผมหยิก,2,2,th_sl + ttrs,,False
ผสม,2,2,th_sl + ttrs,,False
ผัก,2,2,agent,,True
ผักกาดหอม,2,2,th_sl + ttrs,,False
ผักกาดหัว,2,2,th_sl + ttrs,,False
ผักคะน้า,2,2,th_sl + ttrs,,False
ผักบุ้ง,2,2,th_sl + ttrs,,False
ผัดกะเพราหมูสับ,2,2,th_sl + ttrs,OBJ,False
ผัดผัก,2,2,agent + ttrs,OBJ,False
ผิดพลาด,2,2,th_sl + ttrs,ADJ,False
ผิวหนัง,2,2,th_sl + ttrs,OBJ,False
ผี,2,2,th_sl + ttrs,OBJ,False
ผู้จำนำ,2,2,th_sl + ttrs,OBJ,False
ผู้ช่วย,2,2,th_sl + ttrs,,False
ผู้ป่วยติดเชื้อ,2,2,th_sl + ttrs,,False
ผู้พิพากษา,2,2,th_sl + ttrs,OBJ,False
ผู้รับจ้าง,2,2,th_sl + ttrs,OBJ,False
ผู้รับสินบน,2,2,th_sl + ttrs,,False
ผ้ากันเปื้อน,2,2,th_sl + ttrs,,False
ผ้าผูกคอ,2,2,th_sl + ttrs,,False
ผ้าม่าน,2,2,ttrs,,False
ผ้าเช็ดตัว,2,2,th_sl + ttrs,,False
ผ้าเช็ดปาก,2,2,th_sl + ttrs,,False
ฝน,2,2,agent + ttrs,,True
ฝัน,2,2,th_sl + ttrs,VERB,False
ฝาชี,2,2,th_sl + ttrs,,False
ฝาปิดโถส้วม,2,2,th_sl + ttrs,,False
ฝึก,2,2,th_sl + ttrs,VERB,True
พญานาค,2,2,th_sl + ttrs,OBJ,False
พนักงานราชการ,2,2,th_sl,OBJ,False
พบ,2,2,agent + th_sl,,False
พยาบาล,2,2,th_sl + ttrs,OBJ,True
พรรคพลังประชารัฐ,2,2,th_sl,,False
พรรคไทยธรรม,2,2,th_sl,,False
พระราชวัง,2,2,th_sl + ttrs,OBJ,False
พระราชินี,2,2,th_sl + ttrs,,False
พระสงฆ์,2,2,th_sl + ttrs,OBJ,False
พระเยซู,2,2,th_sl + ttrs,OBJ,False
พริกชี้ฟ้าเขียว,2,2,th_sl + ttrs,,False
พริกชี้ฟ้าแดง,2,2,th_sl + ttrs,,False
พริกหวาน,2,2,th_sl + ttrs,,False
พริกไทย,2,2,th_sl + ttrs,OBJ,False
พฤศจิกายน,2,2,th_sl + ttrs,TIME,False
พฤษภาคม,2,2,th_sl + ttrs,TIME,False
พลุแสงสว่าง,2,2,th_sl + ttrs,,False
พังงา,2,2,th_sl,PLACE,False
พัฒนา,2,2,th_sl + ttrs,VERB,False
พับผ้า,2,2,agent + th_sl,,False
พายเรือคายัค,2,2,th_sl + ttrs,OBJ,False
พายเรือแคนู,2,2,th_sl + ttrs,OBJ,False
พาราลิมปิก,2,2,th_sl,,False
พาหุรัด,2,2,th_sl + ttrs,OBJ,False
พาไป,2,2,th_sl + ttrs,,False
พิกัด,2,2,th_sl,OBJ,False
พิการซ้ำซ้อน,2,2,th_sl + ttrs,,False
พิซซ่า,2,2,th_sl + ttrs,OBJ,False
พิธีกร,2,2,th_sl + ttrs,OBJ,False
พิมพ์,2,2,th_sl,,False
พิเศษ,2,2,th_sl + ttrs,ADJ,False
พี่สะใภ้,2,2,th_sl + ttrs,OBJ,False
พี่เขย,2,2,th_sl + ttrs,OBJ,False
พื้นเรียบ,2,2,th_sl + ttrs,ADJ,False
พูดกลับกลอก,2,2,th_sl + ttrs,,False
พูดน้อย,2,2,th_sl + ttrs,,False
พูดอย่างลำบากใจ,2,2,th_sl,,False
พู่กัน,2,2,ttrs,,False
พ่อมด,2,2,th_sl + ttrs,,False
พ่อเลี้ยง,2,2,th_sl + ttrs,OBJ,False
ฟิตเนส,2,2,th_sl + ttrs,,False
ฟินแลนด์,2,2,th_sl,PLACE,False
ฟ้าผ่า,2,2,th_sl + ttrs,TIME,False
ภารโรง,2,2,ttrs,,False
ภาษามือสากล,2,2,th_sl,,False
ภาษามือไทย,2,2,th_sl,,False
ภาษาไทย,2,2,agent + th_sl,,False
ภาษีเจริญ,2,2,th_sl,,False
ภูมิใจ,2,2,th_sl + ttrs,VERB,True
ภูเขาไฟ,2,2,agent + ttrs,,False
มกราคม,2,2,th_sl + ttrs,TIME,False
มงกุฎ,2,2,th_sl + ttrs,,False
มดลูก,2,2,th_sl + ttrs,,False
มหาวิทยาลัยธรรมศาสตร์,2,2,th_sl + ttrs,PLACE,False
มองกว้าง,2,2,th_sl + ttrs,VERB,False
มองโกเลีย,2,2,th_sl,PLACE,False
มะปราง,2,2,th_sl + ttrs,OBJ,False
มะพร้าว,2,2,th_sl + ttrs,OBJ,False
มะยม,2,2,agent + th_sl,OBJ,False
มะระ,2,2,agent + ttrs,,False
มะเขือพวง,2,2,th_sl + ttrs,,False
มังกร,2,2,th_sl + ttrs,,False
มั่วนิ่ม,2,2,th_sl,VERB,False
มา,2,2,th_sl,VERB,True
มาก,2,2,th_sl,VERB,True
มาตรวัดน้ำ,2,2,th_sl + ttrs,OBJ,False
มิถุนายน,2,2,th_sl + ttrs,TIME,False
มีดโกน,2,2,ttrs,OBJ,False
มีนาคม,2,2,th_sl + ttrs,TIME,False
มุ้ง,2,2,agent + th_sl,,False
มุ้งลวด,2,2,th_sl + ttrs,OBJ,False
มูลคดี,2,2,th_sl + ttrs,,False
มูลนิธิ,2,2,th_sl + ttrs,OBJ,False
ม่วง,2,2,th_sl,,False
ม้วน,2,2,th_sl + ttrs,,False
ม้านั่งเดี่ยว,2,2,th_sl + ttrs,,False
ม้าน้ำ,2,2,th_sl + ttrs,OBJ,False
ม้าม,2,2,th_sl + ttrs,,False
ม้าลาย,2,2,agent + ttrs,OBJ,False
ยะลา,2,2,th_sl + ttrs,OBJ,False
ยักษ์,2,2,th_sl + ttrs,,False
ยัง,2,2,th_sl + ttrs,VERB,True
ยาต้านไวรัสฟาวิพิราเวียร,2,2,th_sl + ttrs,,False
ยานพาหนะ,2,2,th_sl + ttrs,OBJ,False
ยานอวกาศ,2,2,ttrs,OBJ,False
ยาน้ำ,2,2,th_sl + ttrs,OBJ,False
ยามรักษาความปลอดภัย,2,2,th_sl + ttrs,SUBJ,False
ยาว,2,2,th_sl + ttrs,VERB,False
ยาสระผม,2,2,th_sl + ttrs,OBJ,False
ยาสีฟัน,2,2,th_sl + ttrs,OBJ,False
ยีราฟ,2,2,th_sl + ttrs,OBJ,False
ยี่สิบ,2,2,th_sl + ttrs,NUM,False
ยืด,2,2,th_sl + ttrs,,False
ยืม,2,2,th_sl + ttrs,VERB,True
ยุง,2,2,th_sl + ttrs,OBJ,False
ยุโรป,2,2,th_sl + ttrs,,False
ย่อหน้า,2,2,ttrs,OBJ,False
ย่าง,2,2,th_sl + ttrs,VERB,False
ย้ายจากกรุงเทพฯ ไปภาคตะวันตก,2,2,th_sl + ttrs,,False
ย้ายจากกรุงเทพฯ ไปภาคเหนือ,2,2,th_sl + ttrs,,False
ย้ายจากกรุงเทพฯ ไปภาคใต้,2,2,th_sl + ttrs,,False
รถของเล่น,2,2,th_sl + ttrs,OBJ,False
รถจักรยาน,2,2,agent + th_sl,OBJ,False
รถจักรยานยนต์,2,2,agent + th_sl,OBJ,False
รถตุ๊กตุ๊ก,2,2,agent + th_sl,OBJ,False
รถถัง,2,2,th_sl + ttrs,,False
รถบังคับวิทยุ,2,2,th_sl + ttrs,OBJ,False
รถบัส,2,2,agent + th_sl,,False
รถบ้าน,2,2,th_sl + ttrs,,False
รถสิบล้อ,2,2,th_sl,OBJ,False
รถเลื่อน,2,2,th_sl + ttrs,OBJ,False
รถไถ,2,2,agent + th_sl,OBJ,False
รถไฟ,2,2,agent + th_sl,OBJ,True
รถไฟฟ้าใต้ดิน,2,2,agent + th_sl,OBJ,False
รถไฮบริด,2,2,th_sl,OBJ,False
รองเท้าผ้าใบ,2,2,th_sl + ttrs,,False
รองเท้าสเกตน้ำแข็ง,2,2,th_sl + ttrs,OBJ,False
รองเท้าเด็ก,2,2,th_sl + ttrs,,False
รอด,2,2,th_sl,VERB,False
ระดับความดังของเสียง,2,2,ttrs,OBJ,False
ระนอง,2,2,th_sl + ttrs,OBJ,False
ระนาดเอก,2,2,th_sl + ttrs,,False
ระยอง,2,2,th_sl,PLACE,False
ระยะเวลา,2,2,ttrs,,False
ระวัง,2,2,th_sl + ttrs,OBJ,False
ระหว่าง,2,2,ttrs,,False
ระเบียบ,2,2,th_sl + ttrs,OBJ,False
รักแร้,2,2,th_sl + ttrs,OBJ,False
รัฐธรรมนูญ,2,2,th_sl + ttrs,OBJ,False
รัฐบาล,2,2,th_sl + ttrs,OBJ,False
รัฐสภา,2,2,th_sl,,False
รับ,2,2,th_sl + ttrs,VERB,False
รับสินบน,2,2,th_sl + ttrs,VERB,False
ราก,2,2,th_sl + ttrs,,False
รางวัล,2,2,th_sl + ttrs,OBJ,False
รางวัลชนะเลิศ,2,2,th_sl + ttrs,OBJ,False
ราชบุรี,2,2,th_sl + ttrs,OBJ,False
รายงาน,2,2,th_sl + ttrs,OBJ,False
รายงานการประชุม,2,2,th_sl + ttrs,OBJ,False
ราวบันได,2,2,th_sl + ttrs,OBJ,False
รำวง,2,2,th_sl + ttrs,,False
ริมฝีปาก,2,2,th_sl + ttrs,OBJ,False
รีโมต,2,2,th_sl + ttrs,OBJ,False
รีโมตคอนโทรล,2,2,th_sl + ttrs,,False
รุ้งกินน้ำ,2,2,ttrs,,False
รูขุมขน,2,2,th_sl + ttrs,OBJ,False
รูจมูก,2,2,th_sl + ttrs,OBJ,False
รูปภาพ,2,2,th_sl + ttrs,OBJ,False
รู้สึก,2,2,th_sl,STATE,False
ร่างกายภายนอก,2,2,th_sl + ttrs,OBJ,False
ร่าเริง,2,2,th_sl + ttrs,,False
ร้องกวาง,2,2,th_sl,PLACE,False
ร้องเรียน,2,2,th_sl + ttrs,,False
ร้านขายของ,2,2,agent + th_sl,PLACE,False
ร้านขายยา,2,2,th_sl + ttrs,,False
ร้านซักผ้าหยอดเหรียญ,2,2,th_sl,,False
ฤดูร้อน,2,2,agent + ttrs,,False
ฤดูหนาว,2,2,agent + ttrs,,False
ฤาษี,2,2,th_sl + ttrs,,False
ลงทุน,2,2,th_sl + ttrs,OBJ,False
ลดลง,2,2,th_sl + ttrs,VERB,False
ลพบุรี,2,2,th_sl + ttrs,OBJ,False
ลมมรสุม,2,2,ttrs,OBJ,False
ลวดหนีบกระดาษ,2,2,th_sl + ttrs,,False
ละมุด,2,2,th_sl + ttrs,OBJ,False
ละลาย,2,2,th_sl + ttrs,OBJ,False
ละอองฝอย,2,2,th_sl + ttrs,,False
ลาบหมู,2,2,th_sl,OBJ,False
ลำคลอง,2,2,th_sl + ttrs,OBJ,False
ลำบาก,2,2,th_sl + ttrs,,False
ลิฟท์,2,2,th_sl + ttrs,OBJ,False
ลิ้น,2,2,th_sl + ttrs,OBJ,False
ลิ้นจี่,2,2,th_sl + ttrs,OBJ,False
ลืม,2,2,th_sl + ttrs,STATE,True
ลุกขึ้นยืน,2,2,th_sl + ttrs,,False
ลูกกระเดือก,2,2,agent + th_sl,,False
ลูกกวาด,2,2,th_sl + ttrs,,False
ลูกข่าง,2,2,th_sl + ttrs,,False
ลูกจ้าง,2,2,th_sl + ttrs,SUBJ,False
ลูกชิ้น,2,2,th_sl + ttrs,,False
ลูกตาล,2,2,th_sl + ttrs,OBJ,False
ลูกบอล,2,2,th_sl + ttrs,,False
ลูกสาว,2,2,agent + ttrs,OBJ,False
ลูกเห็บ,2,2,th_sl + ttrs,TIME,False
ลูกโป่ง,2,2,th_sl + ttrs,,False
ล้มละลาย,2,2,th_sl + ttrs,OBJ,False
วรรณกรรม,2,2,ttrs,OBJ,False
วัฒนธรรม,2,2,agent + th_sl,OBJ,False
วัดจุฬามณี,2,2,th_sl,PLACE,False
วัดตัว,2,2,th_sl + ttrs,,False
วัดพระเชตุพนวิมลมังคลาราม,2,2,th_sl + ttrs,OBJ,False
วันคริสต์มาส,2,2,th_sl + ttrs,PLACE,False
วันจักรี,2,2,th_sl + ttrs,OBJ,False
วันจันทร์,2,2,th_sl + ttrs,TIME,False
วันฉัตรมงคล,2,2,th_sl + ttrs,PLACE,False
วันที่,2,2,th_sl + ttrs,,False
วันพระ,2,2,th_sl + ttrs,OBJ,False
วันพฤหัสบดี,2,2,th_sl + ttrs,,False
วันพืชมงคล,2,2,th_sl + ttrs,PLACE,False
วันพุธ,2,2,th_sl + ttrs,TIME,False
วันมูหะมัดนอร์ มะทา,2,2,th_sl,SUBJ,False
วันรัฐธรรมนูญ,2,2,th_sl + ttrs,PLACE,False
วันลอยกระทง,2,2,th_sl + ttrs,PLACE,False
วันลูกเสือแห่งชาติ,2,2,th_sl + ttrs,OBJ,False
วันวาเลนไทน์,2,2,th_sl + ttrs,OBJ,False
วันวิสาขบูชา,2,2,ttrs,OBJ,False
วันศุกร์,2,2,th_sl + ttrs,,False
วันสงกรานต์,2,2,th_sl + ttrs,PLACE,False
วันสิ้นปี,2,2,th_sl + ttrs,,False
วันออกพรรษา,2,2,ttrs,OBJ,False
วันอังคาร,2,2,th_sl + ttrs,,False
วันอาทิตย์,2,2,th_sl + ttrs,,False
วันอาสาฬหบูชา,2,2,ttrs,OBJ,False
วันฮาโลวีน,2,2,th_sl + ttrs,,False
วันเกิด,2,2,th_sl + ttrs,OBJ,False
วันเฉลิมพระชนมพรรษาสมเด็จพระเจ้าอยู่หัว,2,2,agent + ttrs,,False
วันเด็ก,2,2,th_sl + ttrs,OBJ,False
วันเสาร์,2,2,th_sl + ttrs,,False
วัยกลางคน,2,2,th_sl + ttrs,,False
วัยเยาว์,2,2,th_sl + ttrs,,False
วัว,2,2,th_sl + ttrs,OBJ,False
วิจัย,2,2,th_sl + ttrs,OBJ,False
วิดีโอเกม,2,2,th_sl + ttrs,,False
วิดีโอเทป,2,2,th_sl,OBJ,False
วิทยาศาสตร์,2,2,th_sl + ttrs,,False
วินาที,2,2,th_sl + ttrs,OBJ,False
วิว,2,2,th_sl,,False
วิศวกร,2,2,th_sl + ttrs,SUBJ,False
วิเคราะห์,2,2,th_sl + ttrs,VERB,False
ว่ายน้ำท่าผีเสื้อ,2,2,th_sl + ttrs,,False
ศาลยุติธรรม,2,2,th_sl + ttrs,,False
ศาลสมเด็จพระนเรศวรมหาราช,2,2,th_sl,PLACE,False
ศาลสมเด็จพระเจ้าตากสินมหาราช,2,2,th_sl,PLACE,False
ศาสนา,2,2,th_sl + ttrs,,False
ศีรษะ,2,2,th_sl + ttrs,OBJ,False
สงบ,2,2,th_sl + ttrs,,False
สงสัย,2,2,th_sl + ttrs,STATE,False
สตรอเบอรี่,2,2,th_sl + ttrs,OBJ,False
สถานที่ท่องเที่ยว,2,2,agent + th_sl,PLACE,False
สนับสนุน,2,2,th_sl + ttrs,,False
สนับแข้ง,2,2,th_sl + ttrs,OBJ,False
สนามบิน,2,2,agent + th_sl,PLACE,True
สนใจ,2,2,th_sl + ttrs,VERB,False
สภาสังคมสงเคราะห์แห่งประเทศไทย,2,2,th_sl + ttrs,,False
สมอง,2,2,th_sl + ttrs,,False
สมัคร,2,2,th_sl + ttrs,VERB,False
สมาชิกสภาผู้แทนราษฎร,2,2,th_sl,,False
สมุดบันทึก,2,2,th_sl + ttrs,OBJ,False
สร้อยข้อมือ,2,2,th_sl + ttrs,,False
สลากกินแบ่ง,2,2,th_sl + ttrs,,False
สวมใส่,2,2,th_sl + ttrs,,False
สว่าง,2,2,agent + th_sl,,False
สหรัฐอเมริกา,2,2,th_sl + ttrs,PLACE,False
สะดือ,2,2,th_sl + ttrs,OBJ,False
สะพานควาย,2,2,th_sl + ttrs,OBJ,False
สะพานพระราม 9,2,2,th_sl + ttrs,OBJ,False
สะพานพุทธ,2,2,th_sl + ttrs,OBJ,False
สะสมของเก่า,2,2,th_sl + ttrs,,False
สังคมศึกษา,2,2,th_sl + ttrs,,False
สัตว์ประหลาด,2,2,th_sl + ttrs,,False
สับสน,2,2,th_sl + ttrs,VERB,False
สัปดาห์นี้,2,2,th_sl + ttrs,,False
สัปดาห์หนึ่ง,2,2,th_sl + ttrs,,False
สัปดาห์หน้า,2,2,ttrs,OBJ,False
สาก,2,2,th_sl + ttrs,OBJ,False
สามสิบ,2,2,th_sl + ttrs,NUM,False
สามเหลี่ยม,2,2,th_sl + ttrs,OBJ,False
สาย,2,2,agent + ttrs,,True
สายตาดี,2,2,th_sl + ttrs,,False
สายตาไม่ดี,2,2,th_sl + ttrs,,False
สาลี่,2,2,th_sl + ttrs,OBJ,False
สำนวนคดี,2,2,th_sl + ttrs,,False
สำนักงาน,2,2,th_sl + ttrs,,False
สำเนา,2,2,th_sl,OBJ,False
สำเนาวิดีโอ,2,2,th_sl + ttrs,,False
สำเภา,2,2,agent + th_sl,,False
สิงคโปร์,2,2,th_sl + ttrs,OBJ,False
สิงหาคม,2,2,th_sl + ttrs,TIME,False
สิทธิพิเศษ,2,2,th_sl + ttrs,,False
สิบสอง,2,2,th_sl + ttrs,,False
สิบสาม,2,2,th_sl + ttrs,NUM,False
สิบสี่,2,2,th_sl + ttrs,,False
สิบหก,2,2,th_sl + ttrs,,False
สิบห้า,2,2,th_sl + ttrs,,False
สิบเก้า,2,2,th_sl + ttrs,,False
สิบเจ็ด,2,2,th_sl + ttrs,,False
สิบเอ็ด,2,2,th_sl + ttrs,,False
สิบแปด,2,2,th_sl + ttrs,,False
สิ่งแวดล้อม,2,2,th_sl + ttrs,OBJ,False
สีชมพู,2,2,agent + ttrs,,False
สีต่างๆ,2,2,agent + th_sl,,False
สีทอง,2,2,agent + ttrs,,False
สีน้ำมัน,2,2,th_sl + ttrs,,False
สีฟ้า,2,2,agent + ttrs,OBJ,False
สีเงิน,2,2,agent + ttrs,,False
สีเทา,2,2,agent + ttrs,,False
สี่สิบ,2,2,th_sl + ttrs,,False
สี่เหลี่ยม,2,2,th_sl,OBJ,False
สี่เหลี่ยมขนมเปียกปู,2,2,th_sl + ttrs,,False
สี่เหลี่ยมผืนผ้า,2,2,th_sl + ttrs,,False
สุกี้ยากี้,2,2,th_sl + ttrs,OBJ,False
สุดท้าย,2,2,agent + th_sl,,False
สุพรรณบุรี,2,2,th_sl,PLACE,False
สุภาพ,2,2,th_sl + ttrs,,False
สุริยุปราคา,2,2,agent + ttrs,,False
สูงสุด,2,2,th_sl + ttrs,,False
สูติบัตร,2,2,th_sl + ttrs,,False
สเก็ตบอร์ด,2,2,th_sl + ttrs,OBJ,False
สเต็ก,2,2,th_sl + ttrs,OBJ,False
สแกนเนอร์,2,2,th_sl + ttrs,OBJ,False
สโนว์บอร์ด,2,2,th_sl + ttrs,OBJ,False
ส่ง,2,2,th_sl + ttrs,VERB,True
ส้นเท้า,2,2,th_sl + ttrs,OBJ,False
หกสิบ,2,2,th_sl + ttrs,NUM,False
หงุดหงิด,2,2,th_sl + ttrs,STATE,False
หนองม่วงไข่,2,2,th_sl,PLACE,False
หนอน,2,2,th_sl + ttrs,OBJ,False
หนังตา,2,2,th_sl + ttrs,OBJ,False
หนังสติ๊ก,2,2,th_sl + ttrs,,False
หนังสือพิมพ์,2,2,th_sl + ttrs,OBJ,False
หนา,2,2,th_sl + ttrs,,False
หนึ่งพัน,2,2,th_sl + ttrs,,False
หนึ่งล้าน,2,2,th_sl + ttrs,NUM,False
หนึ่งหมื่น,2,2,th_sl + ttrs,,False
หนึ่งแสน,2,2,th_sl + ttrs,NUM,False
หน่อไม้,2,2,th_sl + ttrs,,False
หน่อไม้ฝรั่ง,2,2,th_sl + ttrs,,False
หน้ากากอนามัย,2,2,th_sl + ttrs,OBJ,False
หน้าซีด,2,2,th_sl + ttrs,OBJ,False
หน้าผาก,2,2,th_sl + ttrs,OBJ,False
หน้าอก,2,2,th_sl + ttrs,OBJ,False
หน้าแข้ง,2,2,th_sl + ttrs,OBJ,False
หมดแรง,2,2,th_sl,,False
หมวกคลุมอาบน้ำ,2,2,th_sl + ttrs,,False
หมอ,2,2,agent + th_sl,SUBJ,True
หมอนข้าง,2,2,th_sl + ttrs,OBJ,False
หมอนอิง,2,2,th_sl + ttrs,,False
หมัด,2,2,th_sl + ttrs,OBJ,False
หมากฝรั่ง,2,2,th_sl + ttrs,,False
หมีแพนด้า,2,2,agent + th_sl,OBJ,False
หมีโคอาลา,2,2,th_sl,,False
หมึกย่าง,2,2,th_sl + ttrs,,False
หมูป่า,2,2,th_sl + ttrs,OBJ,False
หมู่บ้าน,2,2,th_sl,PLACE,False
หยิ่ง,2,2,th_sl + ttrs,,False
หยุดชั่วคราว,2,2,th_sl + ttrs,,False
หลบสายตา,2,2,th_sl + ttrs,,False
หลบหนี,2,2,th_sl + ttrs,VERB,False
หลอดอาหาร,2,2,th_sl + ttrs,,False
หลักฐาน,2,2,th_sl + ttrs,OBJ,False
หลับตา,2,2,agent + ttrs,,False
หลานชาย,2,2,th_sl + ttrs,OBJ,False
หลานสาว,2,2,th_sl + ttrs,OBJ,False
หล่อ,2,2,th_sl + ttrs,VERB,True
หวาน,2,2,th_sl + ttrs,,True
หวี,2,2,agent + th_sl,OBJ,False
หอประชุม,2,2,th_sl + ttrs,,False
หัวกะโหลก,2,2,th_sl + ttrs,,False
หัวข้อ,2,2,agent + th_sl,,False
หัวร้อน,2,2,th_sl,OBJ,False
หั่น,2,2,th_sl + ttrs,,False
หาง,2,2,agent + th_sl,,False
หาร,2,2,th_sl + ttrs,,False
หาว,2,2,th_sl + ttrs,,False
หาเสียง,2,2,th_sl,VERB,False
หิมะ,2,2,th_sl + ttrs,,False
หิ่งห้อย,2,2,th_sl + ttrs,OBJ,False
หุ่นมือ,2,2,th_sl + ttrs,,False
หุ่นยนต์,2,2,th_sl + ttrs,OBJ,False
หูตึง,2,2,agent + ttrs,,False
ห่วง,2,2,th_sl + ttrs,VERB,True
ห่าน,2,2,th_sl + ttrs,OBJ,False
ห้องขัง,2,2,th_sl + ttrs,,False
ห้องนอน,2,2,th_sl + ttrs,,False
ห้องอาหาร,2,2,agent + th_sl,,False
ห้าม,2,2,th_sl + ttrs,VERB,False
ห้าสิบ,2,2,th_sl + ttrs,,False
อดทน,2,2,th_sl + ttrs,STATE,False
อนาคตกาล,2,2,th_sl + ttrs,,False
อนุบาล,2,2,th_sl + ttrs,,False
อบ,2,2,th_sl + ttrs,,False
อพาร์ตเมนต์,2,2,th_sl + ttrs,,False
อวัยวะ,2,2,agent + th_sl,,False
ออกกำลังกาย,2,2,th_sl + ttrs,VERB,False
ออกแบบ,2,2,th_sl + ttrs,,False
ออทิสติก,2,2,th_sl + ttrs,,False
อังกฤษ,2,2,th_sl + ttrs,PLACE,False
อันตราย,2,2,th_sl + ttrs,OBJ,False
อัศวิน,2,2,th_sl + ttrs,,False
อากาศ,2,2,th_sl + ttrs,TIME,False
อาคารเรียน,2,2,th_sl + ttrs,,False
อาทิตย์ก่อน,2,2,th_sl + ttrs,,False
อาบน้ำ,2,2,agent + th_sl,,True
อาย,2,2,th_sl + ttrs,VERB,True
อาสา,2,2,th_sl + ttrs,,False
อาหาร,2,2,th_sl + ttrs,OBJ,True
อาหารจานด่วน,2,2,th_sl + ttrs,,False
อาเจียน,2,2,th_sl + ttrs,,False
อำเภอ,2,2,th_sl + ttrs,OBJ,False
อิจฉา,2,2,th_sl + ttrs,VERB,False
อึดอัด,2,2,th_sl + ttrs,VERB,False
อึ่งอ่าง,2,2,th_sl + ttrs,OBJ,False
อุจจาระ,2,2,th_sl + ttrs,,False
อุณหภูมิ,2,2,th_sl + ttrs,,False
อุปสรรค,2,2,th_sl + ttrs,OBJ,False
อูฐ,2,2,th_sl + ttrs,OBJ,False
อ่อนเพลีย,2,2,th_sl + ttrs,VERB,False
อ้วนขึ้นทั้งคู่,2,2,th_sl + ttrs,,False
ฮะจิบัง ราเมน,2,2,th_sl,PLACE,False
ฮิปโปโปเตมัส,2,2,th_sl + ttrs,OBJ,False
เกมกด,2,2,th_sl + ttrs,OBJ,False
เกมคอมพิวเตอร์,2,2,th_sl + ttrs,OBJ,False
เกมหมากฮอส,2,2,th_sl + ttrs,OBJ,False
เกรงใจ,2,2,th_sl + ttrs,VERB,False
เกลียด,2,2,th_sl + ttrs,,True
เกล็ดหิมะ,2,2,th_sl + ttrs,,False
เกียจคร้าน,2,2,agent + ttrs,,False
เกือบ,2,2,th_sl,,False
เก้าสิบ,2,2,th_sl + ttrs,NUM,False
เก้าอี้นวม,2,2,th_sl + ttrs,,False
เขา,2,2,th_sl + ttrs,SUBJ,True
เขิน,2,2,th_sl + ttrs,VERB,False
เขียด,2,2,th_sl + ttrs,OBJ,False
เขียว,2,2,th_sl,,False
เข็ม,2,2,agent + th_sl,,False
เข้า,2,2,th_sl,VERB,False
เครา,2,2,th_sl + ttrs,,False
เคราะห์กรรม,2,2,th_sl + ttrs,,False
เครียด,2,2,th_sl + ttrs,VERB,False
เครื่องชงกาแฟ,2,2,th_sl + ttrs,OBJ,False
เครื่องชั่ง,2,2,ttrs,OBJ,False
เครื่องบิน,2,2,agent + th_sl,,True
เครื่องปรับอากาศ,2,2,th_sl + ttrs,OBJ,False
เครื่องพิมพ์,2,2,th_sl + ttrs,OBJ,False
เครื่องพิมพ์ดีดไฟฟ้า,2,2,th_sl + ttrs,OBJ,False
เครื่องเล่นดีวีดี,2,2,th_sl + ttrs,,False
เครื่องใช้ไฟฟ้า,2,2,th_sl + ttrs,OBJ,False
เคลื่อนย้าย,2,2,th_sl + ttrs,,False
เงินประกัน,2,2,th_sl + ttrs,OBJ,False
เจ็ดสิบ,2,2,th_sl + ttrs,,False
เจ็บ,2,2,agent + th_sl,,True
เจ็บคอ,2,2,th_sl + ttrs,,False
เจ้าชาย,2,2,th_sl + ttrs,,False
เจ้าบ้าน,2,2,th_sl + ttrs,OBJ,False
เจ้าหญิง,2,2,th_sl + ttrs,,False
เฉลย,2,2,th_sl + ttrs,VERB,False
เชลซี,2,2,th_sl,,False
เชสเตอร์กริลล์,2,2,th_sl,,False
เชอรี่,2,2,th_sl + ttrs,OBJ,False
เชิดสิงโต,2,2,th_sl + ttrs,,False
เชือกจูงสุนัข,2,2,th_sl + ttrs,OBJ,False
เซ็นทรัลชิดลม,2,2,th_sl,PLACE,False
เดนมาร์ก,2,2,th_sl,PLACE,False
เดี๋ยวนี้,2,2,th_sl,,False
เตารีด,2,2,th_sl + ttrs,OBJ,False
เตาแก๊ส,2,2,th_sl + ttrs,,False
เตาไมโครเวฟ,2,2,th_sl + ttrs,OBJ,False
เตียงนอน 2 ชั้น,2,2,th_sl + ttrs,OBJ,False
เตี้ย,2,2,th_sl + ttrs,,True
เตือน,2,2,th_sl,,False
เต็นท์,2,2,th_sl + ttrs,,False
เต้น,2,2,th_sl + ttrs,,False
เต้นบัลเลต์,2,2,th_sl + ttrs,,False
เต้าหู้,2,2,th_sl + ttrs,OBJ,False
เทควันโด,2,2,th_sl + ttrs,,False
เทคโนโลยี,2,2,th_sl + ttrs,OBJ,False
เทวดา,2,2,th_sl + ttrs,OBJ,False
เทา,2,2,th_sl,,False
เท่าไร,2,2,th_sl + ttrs,QUEST,True
เนย,2,2,th_sl + ttrs,,False
เนื้อย่าง,2,2,th_sl + ttrs,,False
เนเธอร์แลนด์,2,2,th_sl,PLACE,False
เบลเยียม,2,2,th_sl,PLACE,False
เบา,2,2,th_sl + ttrs,VERB,False
เบียร์,2,2,th_sl + ttrs,,True
เบี้ยปรับ,2,2,th_sl + ttrs,OBJ,False
เปรียบเทียบ,2,2,th_sl + ttrs,VERB,False
เปิดไฟ,2,2,th_sl + ttrs,,False
เปียโน,2,2,th_sl + ttrs,,False
เป็นต้นไป,2,2,th_sl,,False
เป็นไข้,2,2,th_sl + ttrs,,False
เป้าหมาย,2,2,th_sl + ttrs,,False
เผือก,2,2,th_sl,,False
เพชรบุรี,2,2,th_sl + ttrs,PLACE,False
เพชรบูรณ์,2,2,th_sl,PLACE,False
เพดาน,2,2,th_sl + ttrs,OBJ,False
เพดานปาก,2,2,th_sl + ttrs,OBJ,False
เพนกวิน,2,2,th_sl,OBJ,False
เพลงชาติ,2,2,th_sl + ttrs,,False
เพียงพอ,2,2,th_sl + ttrs,,False
เมษายน,2,2,th_sl + ttrs,TIME,False
เมาส์,2,2,th_sl + ttrs,OBJ,False
เมื่อก่อน,2,2,th_sl + ttrs,,False
เมื่อย,2,2,th_sl + ttrs,VERB,False
เม็กซิโก,2,2,th_sl,PLACE,False
เยอรมนี,2,2,th_sl + ttrs,PLACE,False
เยียวยา,2,2,th_sl + ttrs,,False
เย็บผ้า,2,2,th_sl + ttrs,,False
เรา,2,2,th_sl + ttrs,SUBJ,True
เรียบร้อย,2,2,th_sl + ttrs,,False
เรือ,2,2,agent + th_sl,OBJ,False
เรือของเล่น,2,2,th_sl + ttrs,OBJ,False
เรือนกระจกสำหรับปลูกต้นไม้,2,2,th_sl + ttrs,,False
เรือหางยาว,2,2,agent + th_sl,OBJ,False
เร็ว,2,2,th_sl + ttrs,,True
เลขาธิการ,2,2,th_sl + ttrs,,False
เลขานุการ,2,2,ttrs,,False
เลวมาก,2,2,th_sl + ttrs,,False
เลี้ยง,2,2,th_sl + ttrs,VERB,False
เลี้ยวขวา,2,2,agent + ttrs,,False
เลือก,2,2,th_sl + ttrs,VERB,True
เลือกตั้ง,2,2,th_sl + ttrs,OBJ,False
เล็บเท้า,2,2,th_sl + ttrs,OBJ,False
เล่นไพ่,2,2,ttrs,,False
เล่า,2,2,agent + th_sl,VERB,False
เวที,2,2,th_sl + ttrs,OBJ,False
เวลา,2,2,agent + th_sl,TIME,True
เวิลด์เทรดเซ็นเตอร์,2,2,th_sl,PLACE,False
เว็บไซต์,2,2,th_sl + ttrs,,False
เศรษฐกิจ,2,2,th_sl + ttrs,,False
เสนอ,2,2,th_sl + ttrs,VERB,False
เสมหะ,2,2,th_sl + ttrs,OBJ,False
เสรีพิศุทธ์ เตมียเวส,2,2,th_sl,SUBJ,False
เสียง,2,2,agent + ttrs,,False
เสียชีวิต,2,2,th_sl + ttrs,,False
เสียเวลา,2,2,th_sl,,False
เสือ,2,2,th_sl + ttrs,OBJ,False
เสือดาว,2,2,th_sl + ttrs,OBJ,False
เสือดำ,2,2,th_sl + ttrs,OBJ,False
เสือโคร่ง,2,2,th_sl + ttrs,OBJ,False
เสื้อกล้าม,2,2,th_sl + ttrs,,False
เสื้อคลุมอาบน้ำ,2,2,th_sl + ttrs,,False
เสื้อชูชีพ,2,2,th_sl + ttrs,,False
เสื้อยืด,2,2,th_sl + ttrs,,False
เสื้อเด็ก,2,2,th_sl + ttrs,,False
เสื้อแขนยาว,2,2,th_sl + ttrs,,False
เสื้อแขนสั้น,2,2,th_sl + ttrs,,False
เส้นประสาท,2,2,th_sl + ttrs,,False
เส้นเลือด,2,2,th_sl + ttrs,,False
เส้นเลือดดำ,2,2,th_sl + ttrs,,False
เส้นเลือดแดง,2,2,th_sl + ttrs,,False
เส้นเอ็น,2,2,th_sl + ttrs,,False
เหงือก,2,2,th_sl + ttrs,OBJ,False
เหงื่อ,2,2,th_sl + ttrs,OBJ,False
เหนือ,2,2,th_sl + ttrs,,False
เหยี่ยว,2,2,th_sl + ttrs,OBJ,False
เหยือกน้ำ,2,2,ttrs,,False
เหลืองแกมเขียว,2,2,th_sl + ttrs,OBJ,False
เหลือเท่าไร,2,2,th_sl + ttrs,ADJ,False
เหล็ก,2,2,agent + th_sl,OBJ,False
เหล้า,2,2,th_sl + ttrs,,False
เห็ดนางฟ้า,2,2,th_sl + ttrs,,False
เห็ดฟาง,2,2,th_sl + ttrs,,False
เห็ดหูหนู,2,2,th_sl + ttrs,,False
เห็น,2,2,agent + th_sl,,True
เห็บ,2,2,th_sl + ttrs,OBJ,False
เอกชน,2,2,th_sl + ttrs,,False
เอกอัครราชทูต,2,2,ttrs,OBJ,False
เอาใจใส่,2,2,th_sl,VERB,False
เอเชีย,2,2,th_sl + ttrs,,False
เอ็นร้อยหวาย,2,2,th_sl + ttrs,,False
แกงเผ็ด,2,2,th_sl + ttrs,OBJ,False
แก้ม,2,2,th_sl + ttrs,OBJ,False
แก้วมังกร,2,2,th_sl + ttrs,OBJ,False
แก้ไข,2,2,th_sl + ttrs,,False
แขนท่อนบน,2,2,th_sl + ttrs,OBJ,False
แขนท่อนล่าง,2,2,th_sl + ttrs,OBJ,False
แข่งม้า,2,2,agent + ttrs,,False
แคนตาลูป,2,2,th_sl + ttrs,OBJ,False
แคบ,2,2,th_sl + ttrs,VERB,False
แครอท,2,2,agent + ttrs,,False
แคเมรูน,2,2,th_sl,PLACE,False
แจก,2,2,agent + th_sl,,False
แดงเลือดหมู,2,2,th_sl + ttrs,,False
แตก,2,2,th_sl + ttrs,VERB,False
แตงกวา,2,2,th_sl + ttrs,,False
แตงไทย,2,2,th_sl + ttrs,OBJ,False
แตน,2,2,th_sl + ttrs,OBJ,False
แต่งตั้ง,2,2,th_sl,,False
แต่งหนังสือ,2,2,th_sl + ttrs,,False
แถว,2,2,th_sl + ttrs,QUEST,False
แท็บเล็ต,2,2,th_sl + ttrs,OBJ,False
แท้,2,2,th_sl,,False
แนะนำ,2,2,th_sl + ttrs,VERB,False
แบตเตอรี่สำรอง,2,2,th_sl,,False
แบบ,2,2,th_sl + ttrs,OBJ,False
แปดสิบ,2,2,th_sl + ttrs,,False
แปรงขัด,2,2,th_sl + ttrs,,False
แปรงขัดห้องน้ำ,2,2,th_sl + ttrs,,False
แปรงสีฟัน,2,2,th_sl + ttrs,OBJ,False
แป้ง,2,2,agent + ttrs,,False
แป้งมัน,2,2,th_sl + ttrs,OBJ,False
แป้นพิมพ์,2,2,th_sl + ttrs,OBJ,False
แผลพุพอง,2,2,th_sl + ttrs,OBJ,False
แผ่นดินไหว,2,2,th_sl + ttrs,TIME,False
แผ่นดิสก์,2,2,th_sl + ttrs,,False
แผ่นสไลด์,2,2,ttrs,,False
แฝดสี่,2,2,th_sl + ttrs,OBJ,False
แพง,2,2,th_sl + ttrs,VERB,True
แพ้ยา,2,2,agent + th_sl,,False
แมงป่อง,2,2,th_sl + ttrs,OBJ,False
แมงมุม,2,2,th_sl + ttrs,OBJ,False
แมลงปอ,2,2,th_sl + ttrs,OBJ,False
แมลงวัน,2,2,th_sl + ttrs,OBJ,False
แมลงหวี่,2,2,th_sl + ttrs,OBJ,False
แมลงเม่า,2,2,th_sl + ttrs,OBJ,False
แม่น้ำ,2,2,th_sl + ttrs,OBJ,False
แม่เลี้ยง,2,2,th_sl + ttrs,OBJ,False
แรก,2,2,agent + th_sl,,False
แลกเปลี่ยนความคิดเห็น,2,2,ttrs,VERB,False
แว่นตาว่ายน้ำ,2,2,th_sl + ttrs,OBJ,False
แสดง,2,2,th_sl + ttrs,VERB,False
แสร้ง,2,2,th_sl + ttrs,VERB,False
แอปพลิเคชัน,2,2,th_sl + ttrs,OBJ,False
แอฟริกาใต้,2,2,th_sl,PLACE,False
แอสตราเซเนก้า,2,2,th_sl,,False
แออัด,2,2,th_sl + ttrs,,False
แฮมเบอร์เกอร์,2,2,th_sl + ttrs,,False
โกง,2,2,th_sl + ttrs,,False
โกโก้,2,2,th_sl + ttrs,,False
โครงกระดูก,2,2,th_sl + ttrs,,False
โครงสร้าง,2,2,th_sl + ttrs,OBJ,False
โฆษก,2,2,th_sl + ttrs,,False
โฆษณา,2,2,th_sl,VERB,False
โจรสลัด,2,2,th_sl + ttrs,,False
โดดเดี่ยว,2,2,th_sl + ttrs,,False
โต๊ะ,2,2,th_sl + ttrs,OBJ,False
โต๊ะรับประทานอาหาร,2,2,th_sl + ttrs,,False
โต๊ะวางโทรทัศน์,2,2,th_sl + ttrs,,False
โต๊ะเครื่องแป้ง,2,2,th_sl + ttrs,OBJ,False
โป้ง,2,2,th_sl,,False
โมเดอร์นา,2,2,th_sl,,False
โมโห,2,2,th_sl + ttrs,,False
โรงพยาบาลรามาธิบดี,2,2,th_sl + ttrs,PLACE,False
โรงยิม,2,2,th_sl + ttrs,,False
โรงรถ,2,2,th_sl + ttrs,OBJ,False
โรงอาหาร,2,2,th_sl + ttrs,,False
โรลส์-รอยซ์,2,2,th_sl,,False
โลก,2,2,th_sl + ttrs,OBJ,False
โล่รางวัล,2,2,th_sl,,False
โอกาส,2,2,th_sl + ttrs,OBJ,False
โอบกอด,2,2,th_sl + ttrs,,False
โฮมโปร,2,2,th_sl,,False
ใจกว้าง,2,2,th_sl + ttrs,VERB,False
ใจน้อย,2,2,th_sl + ttrs,VERB,False
ใจร้าย,2,2,th_sl,,False
ใจลอย,2,2,th_sl + ttrs,STATE,False
ใต้,2,2,th_sl + ttrs,,False
ใน,2,2,th_sl + ttrs,,False
ใบหน้า,2,2,th_sl + ttrs,OBJ,False
ใบหน้ากลม,2,2,th_sl + ttrs,,False
ใบเตย,2,2,agent + ttrs,,False
ใหญ่,2,2,th_sl + ttrs,VERB,True
ไก่ทอด,2,2,th_sl + ttrs,,False
ไก่ย่าง,2,2,th_sl + ttrs,,False
ไข่ตุ๋น,2,2,th_sl + ttrs,,False
ไข่แดง,2,2,th_sl + ttrs,,False
ได้ยิน,2,2,agent + th_sl,VERB,False
ไฟกระพริบรถ,2,2,th_sl + ttrs,,False
ไมโครโฟน,2,2,th_sl + ttrs,OBJ,False
ไม่ดูแล,2,2,th_sl + ttrs,,False
ไม่มีอะไร,2,2,th_sl + ttrs,,False
ไม่รู้จัก,2,2,agent + th_sl,,False
ไม่สนใจ,2,2,th_sl,VERB,False
ไม่สิ้นสุด,2,2,th_sl + ttrs,,False
ไม่เกี่ยว,2,2,th_sl + ttrs,,False
ไม่เข้ากัน,2,2,th_sl + ttrs,,False
ไม่เป็นระเบียบ,2,2,ttrs,VERB,False
ไม่เป็นไร,2,2,agent + th_sl,GREET,True
ไม้กวาดด้ามยาว,2,2,ttrs,,False
ไม้กายสิทธิ์,2,2,th_sl + ttrs,,False
ไม้ขนไก่,2,2,th_sl + ttrs,OBJ,False
ไม้เรียว,2,2,th_sl + ttrs,,False
ไม้แขวนเสื้อ,2,2,th_sl + ttrs,OBJ,False
ไร้การศึกษา,2,2,ttrs,OBJ,False
ไวโอลิน,2,2,th_sl + ttrs,,False
ไอศกรีม,2,2,th_sl + ttrs,,False
ไอโฟน,2,2,th_sl,,False
แกว่ง,5,1,th_sl,,False
แทรก,5,1,th_sl,,False
จอมทอง,4,1,th_sl,PLACE,False
เย็ด,4,1,th_sl,,False
แฟลช เอ็กซ์เพรส-Flash Express,4,1,th_sl,PLACE,False
แวะ,4,1,th_sl,,False
ไม่เข้า,4,1,th_sl,,False
กำ,3,1,th_sl,VERB,False
ก่อน,3,1,th_sl + ttrs,,True
ขนมจีน,3,1,th_sl,OBJ,False
ของ,3,1,th_sl,,False
ขาตั้งกล้อง,3,1,th_sl,,False
คำสาป,3,1,th_sl,,False
จำไว้,3,1,th_sl,,False
จีบ,3,1,th_sl,,False
ฉี่,3,1,th_sl,,False
ชื่อดัง,3,1,th_sl,,False
ซูม Zoom Application,3,1,th_sl,VERB,False
ตกอับ,3,1,th_sl,,False
ถีบ,3,1,th_sl,,False
ธรรมดา,3,1,th_sl,,False
นครสวรรค์,3,1,th_sl,PLACE,False
นางงาม,3,1,th_sl,,False
บางคน,3,1,th_sl,,False
ปากเสีย,3,1,th_sl,,False
ปิ่ง,3,1,th_sl,VERB,False
มหาสมุทร,3,1,th_sl + ttrs,TIME,False
มีครรภ์,3,1,ttrs,OBJ,False
รดน้ำ,3,1,th_sl,,False
ลำดับ,3,1,th_sl,NUM,False
สลัด,3,1,th_sl,,False
สวดมนต์,3,1,th_sl + ttrs,,False
หัวหิน,3,1,th_sl,,False
เคาะ,3,1,th_sl,,False
เจ็บใจ,3,1,th_sl,,False
เซ็นทรัล สาขาสีลม,3,1,th_sl,PLACE,False
เย็บ,3,1,th_sl,,False
เสมอ,3,1,th_sl,,False
แว๊บเดียว,3,1,th_sl,,False
โคราช,3,1,th_sl,,False
โอเค,3,1,th_sl,,False
ไม่ตรง,3,1,th_sl,,False
กฏหมาย,2,1,ttrs,OBJ,False
กรน,2,1,th_sl,,False
กรอบเขตโทษ,2,1,th_sl,,False
กระดานไวท์บอร์ด,2,1,th_sl,,False
กระดุม,2,1,th_sl,,False
กระตุก,2,1,th_sl,,False
กระทิงแดง,2,1,th_sl,,False
กระเช้าไฟฟ้า,2,1,th_sl,,False
กระโถน,2,1,ttrs,OBJ,False
กรุงเทพธนบุรี - มหาวิทยาลัยกรุงเทพธนบุรี,2,1,th_sl,PLACE,False
กลิ่น,2,1,th_sl,,False
กวน,2,1,th_sl,VERB,False
กักกัน,2,1,th_sl,,False
การวัดไข้,2,1,th_sl,,False
การเอื้อประโยชน์,2,1,th_sl,,False
กาฬสินธุ์,2,1,th_sl + ttrs,PLACE,False
กำจัด,2,1,th_sl,VERB,False
กำแพงเพชร,2,1,th_sl + ttrs,PLACE,False
กินไม่เป็น,2,1,th_sl,,False
กู,2,1,th_sl,,False
กูเกิ้ลไดร์ฟ Google Drive,2,1,th_sl,,False
กู้ภัย,2,1,th_sl,,False
ก๋วยเตี๋ยวน้ำ,2,1,th_sl,OBJ,False
ขนมจีนน้ำใส,2,1,th_sl,,False
ของฝาก,2,1,th_sl,,False
ขอนแก่น,2,1,th_sl + ttrs,PLACE,False
ข้าวกล้อง,2,1,th_sl + ttrs,OBJ,False
ข้าวหมูทอด,2,1,th_sl,,False
ข้าวเปล่า,2,1,th_sl,,False
คดีแพ่ง,2,1,th_sl,OBJ,False
คนที่ไม่รู้ภาษามือ,2,1,th_sl,,False
คนที่ไม่รู้หนังสือ,2,1,th_sl,,False
ครูประจำชั้น,2,1,th_sl + ttrs,,False
ครูพิเศษ,2,1,th_sl + ttrs,,False
คลอง,2,1,th_sl + ttrs,,False
คลิป,2,1,th_sl,,False
ควัน,2,1,th_sl,,False
คอแห้ง,2,1,th_sl,,False
คาวาซากิ Kawasaki,2,1,th_sl,,False
คำถาม (ภาษามือโรงเรียนเศรษฐเสถียรในพระราชูปถัมภ์),2,1,ttrs,OBJ,False
คิดช้า,2,1,th_sl,,False
คิดหนัก,2,1,th_sl,,False
คิวอาร์โคด,2,1,th_sl,,False
คุมบังเหียน,2,1,th_sl,,False
คุ้ม,2,1,th_sl,OBJ,False
ค่าจ้าง,2,1,th_sl,OBJ,False
งด,2,1,th_sl,VERB,False
จังหวะ,2,1,th_sl,,False
จีเมล,2,1,th_sl,,False
ฉีด,2,1,th_sl,,False
ชม,2,1,th_sl,,False
ชัยภูมิ,2,1,th_sl + ttrs,PLACE,False
ชานม,2,1,th_sl,,False
ชำระ,2,1,th_sl,,False
ชีพจรเต้น,2,1,th_sl,,False
ช่างฉัน,2,1,th_sl,,False
ช่างปั้น,2,1,ttrs,OBJ,False
ช่างผู้นั้น,2,1,th_sl,,False
ช่างมัน,2,1,th_sl,,False
ช้า,2,1,th_sl,VERB,True
ซอย,2,1,agent + ttrs,,False
ซัมซุง,2,1,th_sl,,False
ซากดึกดำบรรพ์ (ภาษามือโรงเรียนเศรษฐเสถียรในพระราชูปถัมภ์),2,1,ttrs,OBJ,False
ซิ่ง,2,1,th_sl,VERB,False
ซีดเผือก,2,1,th_sl + ttrs,,False
ซ้อม,2,1,th_sl,,False
ดร.คองโก (ประเทศ) ท่าที1,2,1,th_sl,PLACE,False
ดวงดี,2,1,th_sl,,False
ดินเหนียว,2,1,ttrs,,False
ดิเอโก อาร์มันโด มาราโดนา,2,1,th_sl,,False
ด้านหน้า,2,1,ttrs,,False
ตรงไปตรงมา,2,1,ttrs,ADJ,False
"ตรอก, ซอย",2,1,ttrs,OBJ,False
ตรัส,2,1,th_sl,,False
ตรายาง,2,1,th_sl,OBJ,False
ตลาดโรงเกลือ,2,1,th_sl,,False
ตะคริว,2,1,th_sl,,False
ตัวเอง,2,1,th_sl,SUBJ,False
ติดตาม,2,1,th_sl,,False
ตื้น,2,1,th_sl,,False
ต่อเนื่อง,2,1,th_sl,,False
ถอนคำสาป,2,1,th_sl,,False
ถั่วแดง,2,1,th_sl,,False
ถ่อมตัว,2,1,th_sl,,False
ทนทาน,2,1,th_sl,,False
ทรงสดับ,2,1,th_sl,,False
ทะเลสาบ,2,1,th_sl + ttrs,TIME,False
ทางรัฐ,2,1,th_sl,OBJ,False
ทางเดินเท้า,2,1,th_sl + ttrs,,False
ทาบทาม,2,1,th_sl,,False
ทำให้,2,1,th_sl,,False
ที่นอนยางเป่าลม,2,1,ttrs,,False
ที่วางมือถือ,2,1,th_sl,,False
ที่เหลาดินสอ,2,1,ttrs,,False
ธงไชย แมคอินไตย์,2,1,th_sl,,False
ธนาคาร,2,1,th_sl + ttrs,PLACE,True
ธนาคารไทยพานิชย์ จำกัด,2,1,th_sl,PLACE,False
นครชัยศรี,2,1,th_sl,PLACE,False
นครพนม,2,1,th_sl + ttrs,PLACE,False
นครราชสีมา,2,1,th_sl + ttrs,PLACE,False
นมข้นหวาน,2,1,th_sl,,False
นมจืด,2,1,th_sl + ttrs,,False
นักสู้,2,1,th_sl,OBJ,False
นินจา,2,1,th_sl,,False
นิวคาสเซิล,2,1,th_sl,,False
นิวเดลี,2,1,th_sl,,False
นีงาตะ,2,1,th_sl,,False
น่าน,2,1,th_sl + ttrs,PLACE,False
น้ำขึ้น,2,1,ttrs,,False
น้ำตก,2,1,th_sl + ttrs,TIME,False
น้ำมูกไหล,2,1,th_sl,,False
น้ำเชี่ยว,2,1,th_sl,,False
บราซิล,2,1,th_sl,PLACE,False
บลูทูธ Bluetooth,2,1,th_sl,OBJ,False
บัลแกเรีย,2,1,th_sl,PLACE,False
บาง (วัตถุ/สิ่งของ),2,1,ttrs,,False
บางกอกใหญ่,2,1,th_sl,,False
บิดเบี้ยว,2,1,th_sl,,False
บุรีรัมย์,2,1,th_sl + ttrs,PLACE,False
ปรบมือ,2,1,th_sl,,True
ประชวร,2,1,th_sl,,False
ปวด,2,1,th_sl,,False
ปัญญาประดิษฐ์,2,1,th_sl,,False
ปั๊มฉีด,2,1,th_sl,,False
ปากเหม็น,2,1,th_sl,,False
ปาน,2,1,th_sl + ttrs,,False
ปืนยาว,2,1,ttrs,,False
ผมรังแค,2,1,th_sl,,False
ผลลัพธ์,2,1,ttrs,OBJ,False
ผลักดัน,2,1,th_sl,,False
ผ่อนคลาย,2,1,th_sl,,False
ฝนดาวตก,2,1,ttrs,,False
ฝ่ายทรัพยากรบุคคล HR,2,1,th_sl,,False
พร้าว,2,1,th_sl,PLACE,False
พะเยา,2,1,th_sl + ttrs,PLACE,False
พักเรื่องไว้ก่อน,2,1,th_sl,VERB,False
พายุ,2,1,ttrs,,False
พาราไดซ์ พาร์ค,2,1,th_sl,,False
พีดีเอฟ,2,1,th_sl,,False
พี่น้อง,2,1,th_sl,SUBJ,False
พูดตรง ๆ,2,1,th_sl,,False
พูดอ้อมค้อมวกไปวนมา,2,1,th_sl,,False
พูดได้,2,1,th_sl,VERB,False
พูม่า,2,1,th_sl,,False
ฟุกุโอกะ,2,1,th_sl,,False
ฟ้นต้นไม้,2,1,th_sl,,False
มอบถ้วยรางวัล,2,1,th_sl,,False
มัดห่อ,2,1,th_sl,OBJ,False
มัสยิด,2,1,th_sl + ttrs,PLACE,False
มาบุญครองเซ็นเตอร์,2,1,th_sl,,False
มาสิ,2,1,th_sl,,False
มี,2,1,th_sl,VERB,True
มูฟออน,2,1,th_sl,,False
ยมบาล,2,1,th_sl,OBJ,False
ยับ,2,1,th_sl,,False
ยาฮูเมล,2,1,th_sl,,False
ยำมะม่วง,2,1,th_sl,,False
ยโสธร,2,1,th_sl + ttrs,PLACE,False
ย้อม,2,1,th_sl,,False
รถกระบะ,2,1,th_sl + ttrs,OBJ,False
รถดับเพลิง,2,1,th_sl + ttrs,OBJ,False
รถตำรวจ,2,1,th_sl + ttrs,OBJ,False
รถตู้,2,1,th_sl + ttrs,OBJ,False
รอบสอง,2,1,th_sl,,False
รัสเซีย,2,1,th_sl,PLACE,False
รุนแรง,2,1,th_sl,,False
ร้านขายอุปกรณ์เครื่องเขียน,2,1,th_sl,,False
ร้านอาหาร,2,1,agent + ttrs,,True
ลักเซมเบิร์ก,2,1,th_sl,PLACE,False
ลำธาร,2,1,th_sl + ttrs,TIME,False
ลำปาง,2,1,th_sl + ttrs,PLACE,False
ลำพูน,2,1,th_sl + ttrs,PLACE,False
ลิโพ,2,1,th_sl,,False
ลุย,2,1,th_sl,,False
ล้อเล่น,2,1,th_sl,,False
วอลโว่,2,1,th_sl,,False
วัดพระบรมธาตุดอยสุเทพ จ.เชียงใหม่,2,1,th_sl,PLACE,False
วิญญาณ,2,1,th_sl,,False
วีวีไอพี VVIP,2,1,th_sl,,False
วีไอพี VIP,2,1,th_sl,,False
วุ่นวาย,2,1,th_sl,,False
วูล์ฟแฮมป์ตัน,2,1,th_sl,,False
ว่าไง,2,1,th_sl,,False
ศรีสะเกษ,2,1,th_sl + ttrs,TIME,False
ศาล,2,1,th_sl + ttrs,PLACE,False
ศาลากลางจังหวัด,2,1,th_sl + ttrs,PLACE,False
สกลนคร,2,1,th_sl + ttrs,PLACE,False
สงขลา,2,1,th_sl,PLACE,False
สตางค์,2,1,th_sl,,False
สถานที่กักกัน,2,1,ttrs,,False
สถานีดับเพลิง,2,1,th_sl + ttrs,,False
สถานีตำรวจ,2,1,th_sl + ttrs,PLACE,False
สถานีอนามัย,2,1,th_sl + ttrs,,False
สนามกีฬา,2,1,th_sl + ttrs,PLACE,False
สนิม,2,1,th_sl,,False
สภากาชาดไทย,2,1,th_sl,,False
สม,2,1,th_sl,,False
สวรรค์,2,1,th_sl,,False
สะพานลอย,2,1,th_sl + ttrs,OBJ,False
สังเกตการณ์,2,1,th_sl,,False
สัญญา,2,1,th_sl,OBJ,True
สัญญาณไฟจราจร,2,1,th_sl + ttrs,,False
สัตวแพทย์,2,1,ttrs,,False
สันทราย,2,1,th_sl,PLACE,False
สัมพันธ์,2,1,th_sl,,False
สั่น,2,1,th_sl,,False
สารภี,2,1,th_sl,PLACE,False
สำนักงานคณะกรรมการอาหารและยา อย.,2,1,th_sl,,False
สำนักงานสอบสวนกลาง,2,1,th_sl,,False
สำนักเลขาธิการสหพันธ์คนหูหนวกโลกภูมิภาคเอเชีย,2,1,th_sl,,False
สุทธิสาร,2,1,th_sl,,False
สุรินทร์,2,1,th_sl + ttrs,PLACE,False
ส่อง,2,1,th_sl,,False
หนองคาย,2,1,th_sl + ttrs,PLACE,False
หนองบัวลำภู,2,1,th_sl + ttrs,PLACE,False
หน้าหนา,2,1,th_sl,,False
หมวกลูกเสือ,2,1,ttrs,,False
หมั่นไส้,2,1,th_sl,,False
หรู,2,1,th_sl,,False
หักหลัง,2,1,th_sl,,False
หัวหนา B,2,1,th_sl,,False
หัวเสีย,2,1,th_sl,,False
หาดใหญ่,2,1,th_sl,PLACE,False
หายเกลี้ยง,2,1,th_sl,,False
หิน,2,1,th_sl + ttrs,TIME,False
หิวแสง,2,1,th_sl,STATE,False
หุงต้ม,2,1,th_sl,,False
หูฟัง,2,1,ttrs,,False
หูเบา,2,1,th_sl,,False
ห่วงชูชีพ,2,1,ttrs,,False
องค์การอนามัยโลก,2,1,ttrs,,False
อธิการบดี,2,1,th_sl,,False
อนาคต,2,1,th_sl,,False
อวสาน,2,1,th_sl,,False
ออโต้,2,1,th_sl,OBJ,False
อัตโนมัติ,2,1,th_sl,,False
อั้น,2,1,th_sl,,False
อากง,2,1,th_sl,,False
อาฟเตอร์ยู,2,1,th_sl,,False
อาม่า,2,1,th_sl,,False
อารมณ์เสีย,2,1,th_sl,,False
อาอี๊,2,1,th_sl,,False
อาโกว,2,1,th_sl,,False
อำนาจเจริญ,2,1,th_sl + ttrs,PLACE,False
อำเภอเฉลิมพระเกียรติ,2,1,th_sl,,False
อินเดีย,2,1,th_sl,PLACE,False
อีซูซุ,2,1,th_sl,,False
อีเมล,2,1,th_sl,,False
อึ้ง,2,1,th_sl,,False
อุดรธานี,2,1,th_sl + ttrs,PLACE,False
อุตรดิตถ์,2,1,th_sl + ttrs,PLACE,False
อุทยานแห่งชาติแม่วงก์,2,1,th_sl,PLACE,False
อุบลราชธานี,2,1,th_sl + ttrs,PLACE,False
อุ้ม,2,1,th_sl,,False
อ่อน,2,1,th_sl + ttrs,,False
ฮอกไกโด,2,1,th_sl,,False
ฮอตเมล,2,1,th_sl,,False
ฮอนด้า,2,1,th_sl,,False
ฮุนได,2,1,th_sl,,False
เกาหลี,2,1,ttrs,OBJ,False
เกาะกูด,2,1,th_sl,,False
เกาะล้าน,2,1,th_sl,,False
เครื่องดื่ม,2,1,th_sl + ttrs,,False
เคอรี่-kerry,2,1,th_sl,PLACE,False
เค้ก,2,1,th_sl,,False
เฆี่ยนตี,2,1,th_sl,VERB,False
เงียบ,2,1,th_sl,,False
เจแอนด์ที-J&amp;T,2,1,th_sl,PLACE,False
เฉียด,2,1,ttrs,,False
เชียร์ลีดเดอร์,2,1,th_sl,,False
เซเนกัล,2,1,th_sl,PLACE,False
เดอะ สตรีท,2,1,th_sl,PLACE,False
เดา,2,1,th_sl,,False
เดินผ่าน,2,1,th_sl,,False
เดือด,2,1,th_sl,,False
เต็นท์ขนาดเล็ก,2,1,ttrs,OBJ,False
เบียร์ลีโอ,2,1,th_sl,,False
เบียร์สิงห์,2,1,th_sl,,False
เปอร์เซ็นต์,2,1,th_sl,,False
เปิดเผย,2,1,th_sl,,False
เป็นลม,2,1,th_sl,,False
เป๊ปซี่,2,1,th_sl,,False
เป๋าตัง,2,1,th_sl,,False
เผาถ่าน,2,1,th_sl,,False
เพิ่ง,2,1,th_sl,,False
เพื่อ,2,1,th_sl,,False
เฟอร์รารี่,2,1,th_sl,,False
เมล็ด,2,1,th_sl,,False
เมล็ดกาแฟ,2,1,th_sl,,False
เมล็ดกาแฟบด,2,1,th_sl,,False
เมินเฉย,2,1,th_sl,,False
เยี่ยม,2,1,th_sl,,False
เราเตอร์(router),2,1,th_sl,OBJ,False
เรื่อย,2,1,th_sl,,False
เร่ง,2,1,th_sl,VERB,False
เลข,2,1,th_sl,,False
เลิกกัน,2,1,th_sl,,False
เลื่อน,2,1,th_sl,VERB,False
เล็บปลอม,2,1,th_sl,,False
เสด็จพระราชดำเนินเยี่ยมราษฎร - เยี่ยมประชาชน,2,1,th_sl,,False
เสื้อลาย,2,1,th_sl,,False
เส้นใหญ่ผัดซีอิ๊ว,2,1,th_sl,OBJ,False
เหมือนเดิม,2,1,th_sl,,False
เหยียดเพศ,2,1,th_sl,,False
เหรียญทองแดง,2,1,th_sl,,False
เอดส์,2,1,ttrs,OBJ,False
เอฟเวอร์ตัน,2,1,th_sl,,False
เออ,2,1,th_sl,,False
เอามานี่,2,1,ttrs,VERB,False
เอเซียทีค เดอะ ริเวอร์ ฟรอนต์,2,1,th_sl,PLACE,False
แก้แค้น,2,1,th_sl,,False
แคปคัท,2,1,th_sl,,False
แจ้ง,2,1,th_sl,,False
แชร์,2,1,th_sl,,False
แดก,2,1,th_sl,VERB,False
แต่งตัว,2,1,th_sl + ttrs,,True
แถม,2,1,th_sl,,False
แย่ง,2,1,th_sl,,False
แอลจี,2,1,th_sl,,False
โกนหนวด,2,1,th_sl,,False
โคดา Child of Deaf Adults,2,1,th_sl,,False
โค้ก,2,1,th_sl,,False
โจ๊ก,2,1,th_sl + ttrs,OBJ,False
โดด,2,1,th_sl,,False
โดนัท,2,1,th_sl,,False
โตโยต้า,2,1,th_sl,,False
โนเกีย,2,1,th_sl,,False
โบราณ,2,1,th_sl,,False
โปรด,2,1,th_sl,,False
โปรแกรมออฟฟิศ Office,2,1,th_sl,,False
โมฆกรรม,2,1,th_sl,OBJ,False
โรคมะเร็งกระเพาะอาหาร,2,1,th_sl,,False
โอกินาว่า,2,1,th_sl,,False
โอน,2,1,th_sl,,False
ใจ,2,1,th_sl,,False
ในอนาคต,2,1,ttrs,ADJ,False
ใบไม้,2,1,th_sl + ttrs,,False
ไชโย,2,1,th_sl,,False
ไบเทค,2,1,th_sl,,False
ไฟ,2,1,th_sl + ttrs,,False
ไมโครซอฟท์พาวเวอร์พอยท์,2,1,th_sl,,False
ไมโครซอฟท์เวิร์ด,2,1,th_sl,,False
ไมโครซอฟท์เอ็กเซล,2,1,th_sl,,False
ไม่ชอบ,2,1,ttrs,,False
ไม่มีทาง,2,1,th_sl,,False
ไม่อั้น,2,1,th_sl,,False
ไม่เลือก,2,1,th_sl,,False
ไม้,2,1,th_sl + ttrs,OBJ,False
ไลก์,2,1,th_sl,,False
ไวรัล,2,1,th_sl,,False
ไอรอนแมน,2,1,th_sl,OBJ,False
ไอโอเอส,2,1,th_sl,OBJ,False
5 องค์กรเครือข่าย,1,1,th_sl,,False
COVID-19,1,1,ttrs,,False
Disney,1,1,th_sl,,False
Easy Pass,1,1,th_sl,,False
GPS นำทาง,1,1,th_sl,,False
H&amp;M,1,1,th_sl,,False
HPV,1,1,th_sl,,False
ICSD คณะกรรมการกีฬาระหว่างประเทศสำหรับคนหูหนวก,1,1,th_sl,,False
Lalamove,1,1,th_sl,,False
M-flow,1,1,th_sl,,False
Messenger เมสเซนเจอร์,1,1,th_sl,,False
PUBG,1,1,th_sl,,False
QR Code,1,1,ttrs,,False
RoV,1,1,th_sl,,False
WASLI สมาคมล่ามภาษามือโลก,1,1,th_sl,,False
YY System,1,1,th_sl,,False
lemon8,1,1,th_sl,,False
super spreader,1,1,ttrs,,False
ก. ไก่,1,1,th_sl,,False
กกท.,1,1,th_sl,,False
กงไกรลาศ,1,1,th_sl,PLACE,False
กฎ,1,1,th_sl,,False
กฎกระทรวง,1,1,th_sl,OBJ,False
กฎหมายรัฐธรรมนูญ,1,1,th_sl,OBJ,False
กฎเกณฑ์,1,1,ttrs,OBJ,False
กฏหมายคุ้มครองผู้บริโภค,1,1,ttrs,OBJ,False
กฏหมายภาษีอากร,1,1,ttrs,OBJ,False
กฏหมายอาญา,1,1,ttrs,OBJ,False
กฏหมายแพ่ง,1,1,ttrs,OBJ,False
กดถูกใจ,1,1,th_sl,,False
กดเมาส์,1,1,ttrs,,False
กทปส.,1,1,th_sl,PLACE,False
กบเหลาดินสอ,1,1,ttrs,,False
กพล ทองพลับ,1,1,th_sl,,False
กมลา แฮร์ริส,1,1,th_sl,SUBJ,False
กรกสิวัฒน์ เกษมศรี,1,1,th_sl,SUBJ,False
กรณี,1,1,th_sl,,False
กรณ์ จาติกวณิช,1,1,th_sl,,False
กรมขนส่งทางบก,1,1,th_sl,,False
กรมทางหลวง,1,1,th_sl,,False
กรมประมง,1,1,th_sl,,False
กรมพลศึกษา,1,1,ttrs,,False
กรมราชทัณฑ์,1,1,ttrs,,False
กรมศาสนา,1,1,th_sl,,False
กรมศุลกากร,1,1,ttrs,,False
กรมสรรพสามิต,1,1,th_sl,,False
กรมสุขภาพจิต,1,1,ttrs,,False
กรมส่งเสริมการเกษตร,1,1,th_sl,,False
กรมส่งเสริมและพัฒนาคุณภาพชีวิตคนพิการ,1,1,th_sl,,False
กรมส่งเสริมและพัฒนาคุณภาพชีวิตคนพิการ (พก.),1,1,ttrs,,False
กรมอนามัย,1,1,th_sl,PLACE,False
กรมอุตุนิยมวิทยา,1,1,th_sl,,False
กรรชัย กำเนิดพลอย,1,1,th_sl,SUBJ,False
กรรม,1,1,th_sl,,False
กรรมการตัดสิน,1,1,ttrs,OBJ,False
กรรมสิทธิ์,1,1,th_sl,,False
กรรมในประโยค (ภาษามือโรงเรียนเศรษฐเสถียรในพระราชูปถัมภ์),1,1,ttrs,OBJ,False
กรรไกรตัดหญ้า,1,1,ttrs,OBJ,False
กรวด,1,1,th_sl,TIME,False
กรอบมือถือ,1,1,th_sl,,False
กรอบเขตประตู 6 หลา,1,1,th_sl,,False
กระจกทึบแสง,1,1,th_sl,,False
กระจกส่องหน้า,1,1,th_sl,,False
กระจกโปร่งแสง,1,1,th_sl,,False
กระจกใส,1,1,th_sl,,False
กระจอก,1,1,th_sl,,False
กระชับ,1,1,th_sl,VERB,False
กระชาย (ภาษามือโรงเรียนเศรษฐเสถียรในพระราชูปถัมภ์),1,1,ttrs,,False
กระซิบข้างหู,1,1,th_sl,,False
กระดานปาเป้า,1,1,ttrs,,False
กระดานหก,1,1,ttrs,,False
กระดาษ,1,1,th_sl,OBJ,False
กระดาษ เอ3,1,1,th_sl,,False
กระดาษ เอ4,1,1,th_sl,,False
กระดาษคาร์บอน,1,1,th_sl,OBJ,False
กระดาษบางใส,1,1,ttrs,,False
กระดาษพีวีซี,1,1,th_sl,,False
กระดาษลอกลาย,1,1,ttrs,OBJ,False
กระดาษสี,1,1,ttrs,,False
กระดาษห่อของขวัญ,1,1,ttrs,,False
กระดาษอาร์ต,1,1,th_sl,,False
กระดิกหาง,1,1,ttrs,VERB,False
กระดิ่ง,1,1,th_sl,,False
กระติกน้ำร้อน,1,1,ttrs,OBJ,False
กระตือรือร้น,1,1,th_sl,,False
กระตุ้น,1,1,th_sl,,False
กระต่ายขูดมะพร้าว,1,1,ttrs,,False
กระถิน,1,1,th_sl,,False
กระถิน (ภาษามือโรงเรียนเศรษฐเสถียรในพระราชูปถัมภ์),1,1,ttrs,,False
กระทบ,1,1,th_sl,VERB,False
กระทรวง,1,1,th_sl,PLACE,False
กระทรวงกลาโหม,1,1,th_sl,PLACE,False
กระทรวงการต่างประเทศ,1,1,th_sl,PLACE,False
กระทรวงการอุดมศึกษา วิทยาศาสตร์ วิจัยและนวัตกรรม,1,1,th_sl,PLACE,False
กระทรวงคมนาคม,1,1,th_sl,PLACE,False
กระทรวงดิจิทัลเพื่อเศรษฐกิจและสังคม,1,1,th_sl,PLACE,False
กระทรวงท่องเที่ยวและกีฬา,1,1,th_sl,PLACE,False
กระทรวงพลังงาน,1,1,th_sl,PLACE,False
กระทรวงพัฒนาสังคมและความมั่นคงของมนุษย์ (พม.),1,1,ttrs,,False
กระทรวงพาณิชย์,1,1,th_sl,PLACE,False
กระทรวงมหาดไทย,1,1,th_sl,PLACE,False
กระทรวงยุติธรรม,1,1,th_sl,PLACE,False
กระทรวงวัฒนธรรม,1,1,th_sl,PLACE,False
กระทรวงอุตสาหกรรม,1,1,th_sl,PLACE,False
กระทะก้นลึก,1,1,ttrs,,False
กระทะไฟฟ้า,1,1,ttrs,OBJ,False
กระทู้,1,1,th_sl,,False
กระท้อน (ภาษามือโรงเรียนเศรษฐเสถียรในพระราชูปถัมภ์),1,1,ttrs,,False
กระบวน,1,1,th_sl,,False
กระบวนการ,1,1,th_sl,,False
กระบวนการ (ภาษามือโรงเรียนเศรษฐเสถียรในพระราชูปถัมภ์),1,1,ttrs,OBJ,False
กระบอก,1,1,ttrs,OBJ,False
กระบี่,1,1,th_sl,PLACE,False
กระปุก,1,1,th_sl,,False
กระป๋อง,1,1,agent,,False
กระป๋องออมสิน,1,1,ttrs,OBJ,False
กระพริบตก,1,1,th_sl,,False
กระรอก,1,1,th_sl,OBJ,False
กระสวยอวกาศ,1,1,ttrs,OBJ,False
กระหล่ำดอก (ภาษามือโรงเรียนเศรษฐเสถียรในพระราชูปถัมภ์),1,1,ttrs,,False
กระหล่ำปลี,1,1,agent,,False
กระหล่ำปลี (ภาษามือโรงเรียนเศรษฐเสถียรในพระราชูปถัมภ์),1,1,ttrs,,False
กระเจี๊ยบ,1,1,ttrs,,False
กระเจี๊ยบเขียว,1,1,th_sl,,False
กระเจี๊ยบเขียว (ภาษามือโรงเรียนเศรษฐเสถียรในพระราชูปถัมภ์),1,1,ttrs,,False
กระเจี๊ยบแดง,1,1,th_sl,,False
กระเจี๊ยบแดง (ภาษามือโรงเรียนเศรษฐเสถียรในพระราชูปถัมภ์),1,1,ttrs,,False
กระเฉด,1,1,th_sl,,False
กระเช้า,1,1,ttrs,,False
กระเช้าของขวัญ,1,1,ttrs,OBJ,False
กระเช้าผลไม้,1,1,ttrs,OBJ,False
กระเทียม (ภาษามือโรงเรียนเศรษฐเสถียรในพระราชูปถัมภ์),1,1,ttrs,OBJ,False
กระเทียมทอด,1,1,th_sl,,False
กระเป๋า,1,1,agent,,False
กระเป๋านักเรียน,1,1,ttrs,OBJ,False
กระเป๋าสตางค์,1,1,ttrs,OBJ,False
กระเป๋าเดินทาง,1,1,ttrs,OBJ,False
กระเป๋าใส่เงินของผู้หญิง,1,1,ttrs,OBJ,False
กระเพรา (ภาษามือโรงเรียนเศรษฐเสถียรในพระราชูปถัมภ์),1,1,ttrs,,False
กระเพาะปลา,1,1,th_sl,OBJ,False
กระเพาะปัสสวะ,1,1,th_sl,,False
กระเพาะปัสสวะ (ภาษามือโรงเรียนเศรษฐเสถียร),1,1,ttrs,,False
กระเพาะปัสสาวะ,1,1,agent,,False
กระแสน้ำ,1,1,th_sl,,False
กระแสสังคม,1,1,th_sl,,False
กระโจม,1,1,ttrs,,False
กระโดดไกล,1,1,ttrs,,False
กรับ,1,1,ttrs,,False
กรัม,1,1,ttrs,,False
กราฟ (ภาษามือโรงเรียนเศรษฐเสถียรในพระราชูปถัมภ์),1,1,ttrs,OBJ,False
กริยา,1,1,ttrs,OBJ,False
กริยาวกวน,1,1,ttrs,VERB,False
กริ่ง,1,1,ttrs,,False
กริ่งประตู,1,1,ttrs,OBJ,False
กริ๊ด,1,1,th_sl,,False
กรีซ,1,1,th_sl,PLACE,False
กรีแลนด์,1,1,th_sl,PLACE,False
กรึกกรอง,1,1,th_sl,,False
กรุงเทพ - มหาวิทยาลัยกรุงเทพ,1,1,th_sl,PLACE,False
กรุงเทพ - โรงพยาบาลกรุงเทพ,1,1,th_sl,PLACE,False
กรุงโซล,1,1,th_sl,,False
กรุณพล เทียนสุวรรณ,1,1,th_sl,SUBJ,False
กฤดิทัช แสงธนโยธิน,1,1,th_sl,SUBJ,False
กฤษณ์ ศรีภูมิเศรษฐ์,1,1,th_sl,,False
กฤษดา วงษ์แก้ว,1,1,th_sl,,False
กลอกตา,1,1,th_sl,,False
กลอง,1,1,ttrs,,False
กลองทัด,1,1,ttrs,,False
กลองยาว,1,1,ttrs,,False
กลองแขก,1,1,ttrs,,False
กลองแทมบูรีน,1,1,ttrs,,False
กลองใหญ่,1,1,ttrs,,False
กลอน,1,1,ttrs,OBJ,False
กลอน8 (ภาษามือโรงเรียนเศรษฐเสถียรในพระราชูปถัมภ์),1,1,ttrs,OBJ,False
กลับ,1,1,th_sl,VERB,True
กลับรถ,1,1,agent,,False
กลั่น,1,1,ttrs,,False
กลาง,1,1,th_sl,,False
กลางคืน มืด (ภาษามือโรงเรียนเศรษฐเสถียรในพระราชูปถัมภ์),1,1,ttrs,,False
กลางวัน,1,1,th_sl,,True
กลางวัน (ภาษามือโรงเรียนเศรษฐเสถียรในพระราชูปถัมภ์),1,1,ttrs,,False
กลิ่นไม่ดี,1,1,ttrs,,False
กลีบดอก (ภาษามือโรงเรียนเศรษฐเสถียรในพระราชูปถัมภ์),1,1,ttrs,OBJ,False
กลีบเลี้ยง (ภาษามือโรงเรียนเศรษฐเสถียรในพระราชูปถัมภ์),1,1,ttrs,OBJ,False
กลืนหาย,1,1,th_sl,,False
กลุ่มนกกระจอกและนกกระติ๊ด,1,1,th_sl,,False
กลุ่มนกกระเต็น,1,1,th_sl,,False
กลุ่มนกกาน้ำ,1,1,th_sl,,False
กลุ่มนกกินปลี,1,1,th_sl,,False
กลุ่มนกขมิ้น,1,1,th_sl,,False
กลุ่มนกขมิ้นน้อย,1,1,th_sl,,False
กลุ่มนกจาบคา,1,1,th_sl,,False
กลุ่มนกปรอด,1,1,th_sl,,False
กลุ่มนกพญาไฟ,1,1,th_sl,,False
กลุ่มนกยาง,1,1,th_sl,,False
กลุ่มนกอีเสือ,1,1,th_sl,,False
กลุ่มนกเขา,1,1,th_sl,,False
กลุ่มนกเค้า,1,1,th_sl,,False
กลุ่มนกเอี้ยงและนกกิ้งโครง,1,1,th_sl,,False
กลุ่มนกแซงแซว,1,1,th_sl,,False
กลุ่มนกโพระดก,1,1,th_sl,,False
กลุ่มผลประโยชน์,1,1,th_sl,VERB,False
กลุ่มสมาชิกคนหูหนวกภาคกลาง,1,1,th_sl,,False
กลุ่มสมาชิกคนหูหนวกภาคตะวันออกเฉียงเหนือ,1,1,th_sl,,False
กลุ่มสมาชิกคนหูหนวกภาคใต้,1,1,th_sl,,False
กลุ่มอิทธิพล,1,1,th_sl,VERB,False
กลุ่มเปราะบาง,1,1,ttrs,,False
กลุ่มเสี่ยง,1,1,ttrs,,False
กลุ่มเหยี่ยวและนกอินทรี,1,1,th_sl,,False
กล่องกระดาษแข็ง,1,1,ttrs,,False
กล่องของขวัญ,1,1,th_sl,,False
กล่องพลาสติก,1,1,th_sl,,False
กล่องพัสดุ,1,1,th_sl,,False
กล่องหรือกระเป๋าใส่ดินสอ,1,1,ttrs,OBJ,False
กล่องอาหารกลางวัน,1,1,ttrs,,False
กล่องเครื่องมือ,1,1,ttrs,,False
กล่องโฟม,1,1,th_sl,,False
กล่องไปรษณีย์ ขนาด,1,1,th_sl,,False
กล่อม,1,1,th_sl,,False
กล้วยฉาก,1,1,th_sl,OBJ,False
กล้วยทอด,1,1,th_sl,OBJ,False
กล้วยทับ,1,1,th_sl,OBJ,False
กล้วยน้ำว้า (ภาษามือโรงเรียนเศรษฐเสถียรในพระราชูปถัมภ์),1,1,ttrs,,False
กล้วยปิ้ง,1,1,th_sl,OBJ,False
กล้วยหอม (ภาษามือโรงเรียนเศรษฐเสถียรในพระราชูปถัมภ์),1,1,ttrs,,False
กล้วยเชื่อม,1,1,th_sl,OBJ,False
กล้วยเล็บมือนาง,1,1,th_sl,OBJ,False
กล้วยไข่ (ภาษามือโรงเรียนเศรษฐเสถียรในพระราชูปถัมภ์),1,1,ttrs,,False
กล้วยไม้,1,1,agent,,False
กล้องจุลทรรศน์ (ภาษามือโรงเรียนเศรษฐเสถียรในพระราชูปถัมภ์),1,1,ttrs,OBJ,False
กล้องถ่ายรูป,1,1,th_sl,,False
กล้องส่องทางไกล,1,1,th_sl,,False
กล้องโทรทรรศน์,1,1,ttrs,OBJ,False
กล้องโทรทัศน์,1,1,ttrs,OBJ,False
กวนตีน,1,1,th_sl,VERB,False
กวม,1,1,th_sl,PLACE,False
กวางตุ้ง,1,1,th_sl,,False
กวางเรนเดียร์,1,1,ttrs,OBJ,False
กวาดบ้าน (ภาษามือวิทยาลัยราชสุดา),1,1,ttrs,VERB,False
กว้าง,1,1,ttrs,,False
กว๊านพะเยา,1,1,th_sl,PLACE,False
กสท หรือ บริษัท ทีโอที จำกัด,1,1,th_sl,,False
กสทช. หรือ สำนักงานคณะกรรมการฯ,1,1,th_sl,PLACE,False
กองทุน,1,1,th_sl,,False
กองทุนเงินให้กู้ยืมเพื่อการศึกษา,1,1,th_sl,,False
กองทุนเพื่อความเสมอภาคทางการศึกษา,1,1,th_sl,PLACE,False
กองลูกเสือ,1,1,ttrs,,False
กองหน้าตัวกลาง,1,1,th_sl,,False
กองหน้าตัวเป้า,1,1,th_sl,,False
กองหลังตัวกลาง,1,1,th_sl,,False
กองเชียร์,1,1,ttrs,OBJ,False
กอลจิบอดี้ (ภาษามือโรงเรียนเศรษฐเสถียรในพระราชูปถัมภ์),1,1,ttrs,OBJ,False
กะทะมีหู,1,1,ttrs,,False
กะทันหัน,1,1,th_sl,,False
กะละมังซักผ้า,1,1,th_sl,,False
กะละมังพลาสติก,1,1,th_sl,,False
กะละมังหูหิ้ว,1,1,th_sl,,False
กะละมังเหล็ก,1,1,th_sl,,False
กะเทาะ,1,1,ttrs,,False
กะเพราหมูสับ,1,1,th_sl,,False
กักตุนอาหาร,1,1,ttrs,,False
กังหันชี้ทิศทางลม,1,1,ttrs,OBJ,False
กังหันลม,1,1,ttrs,OBJ,False
กัญชา,1,1,th_sl,,False
กัณวีร์ สืบแสง,1,1,th_sl,SUBJ,False
กัน จอมพลัง,1,1,th_sl,SUBJ,False
กันตพงศ์ รังษีสว่าง,1,1,th_sl,SUBJ,False
กันออกไป,1,1,ttrs,,False
กัลยา โสภณพนิช,1,1,th_sl,SUBJ,False
กัลยาณิวัฒนา,1,1,th_sl,PLACE,False
กัวเตมาลา,1,1,th_sl,,False
กั้ง,1,1,th_sl,,False
กากบาท,1,1,th_sl,,False
กากี,1,1,th_sl,,False
กางเกงทรงหลวม,1,1,ttrs,,False
กางเกงรัดรูป,1,1,ttrs,,False
กาญจนบุรี,1,1,th_sl,PLACE,False
กาดกองต้า,1,1,th_sl,PLACE,False
กาดกองเก่า,1,1,th_sl,,False
กาดงัว,1,1,th_sl,,False
กาดทุ่งเกวียน,1,1,th_sl,PLACE,False
กาดบ้านฮ่อ,1,1,th_sl,,False
กาดฝรั่ง,1,1,th_sl,,False
กาดหน้ามอ,1,1,th_sl,,False
กาดเช้าริมกว๊านพะเยา,1,1,th_sl,PLACE,False
กาตาร์,1,1,th_sl,PLACE,False
กานา,1,1,th_sl,PLACE,False
กาน้ำ,1,1,ttrs,,False
กาน้ำชา,1,1,ttrs,,False
กาบอง,1,1,th_sl,,False
กาบูเวร์ดี,1,1,th_sl,PLACE,False
กาพย์ฉบัง16 (ภาษามือโรงเรียนเศรษฐเสถียรในพระราชูปถัมภ์),1,1,ttrs,OBJ,False
กาพย์ญานี11 (ภาษามือโรงเรียนเศรษฐเสถียรในพระราชูปถัมภ์),1,1,ttrs,OBJ,False
กามเทพ,1,1,ttrs,OBJ,False
การกรวดน้ำ (ภาษามือโรงเรียนเศรษฐเสถียรในพระราชูปถัมภ์),1,1,ttrs,SUBJ,False
การกรอง (ภาษามือโรงเรียนเศรษฐเสถียรในพระราชูปถัมภ์),1,1,ttrs,OBJ,False
การกระทำในเชิงกลั่นแกล้ง,1,1,th_sl,,False
การกระโดดร่มชูชีพ,1,1,ttrs,,False
การกลั่น (ภาษามือโรงเรียนเศรษฐเสถียรในพระราชูปถัมภ์),1,1,ttrs,OBJ,False
การกักตัว,1,1,ttrs,,False
การกำหนดราคา (ภาษามือโรงเรียนเศรษฐเสถียรในพระราชูปถัมภ์),1,1,ttrs,OBJ,False
การกู้ยืมเงิน,1,1,th_sl,,False
การก่อตั้ง (ภาษามือโรงเรียนเศรษฐเสถียรในพระราชูปถัมภ์),1,1,ttrs,OBJ,False
การขัดเกลาทางสังคม (ภาษามือโรงเรียนเศรษฐเสถียรในพระราชูปถัมภ์),1,1,ttrs,OBJ,False
การคลอด,1,1,ttrs,OBJ,False
การคลัง (ภาษามือโรงเรียนเศรษฐเสถียรในพระราชูปถัมภ์),1,1,ttrs,OBJ,False
การคุมกำเนิด,1,1,ttrs,OBJ,False
การค้าระหว่างประเทศ (ภาษามือโรงเรียนเศรษฐเสถียรในพระราชูปถัมภ์),1,1,ttrs,OBJ,False
การจราจรติดขัด,1,1,ttrs,,False
การจัดระเบียบสังคม (ภาษามือโรงเรียนเศรษฐเสถียรในพระราชูปถัมภ์),1,1,ttrs,OBJ,False
การฉายรังสี (ภาษามือโรงเรียนเศรษฐเสถียรในพระราชูปถัมภ์),1,1,ttrs,OBJ,False
การดำเนินชีวิต (ภาษามือโรงเรียนเศรษฐเสถียรในพระราชูปถัมภ์),1,1,ttrs,OBJ,False
การดี เลียวไพโรจน์,1,1,th_sl,SUBJ,False
การตรวจสอบ (ภาษามือโรงเรียนเศรษฐเสถียรในพระราชูปถัมภ์),1,1,ttrs,OBJ,False
การถอดเป็นข้อความ,1,1,th_sl,,False
การทดลอง,1,1,ttrs,,False
การทำบุญ (ภาษามือโรงเรียนเศรษฐเสถียรในพระราชูปถัมภ์),1,1,ttrs,,False
การทำหมันชาย,1,1,ttrs,OBJ,False
การทำหมันหญิง,1,1,ttrs,OBJ,False
การท่าเรือ เอฟซี,1,1,th_sl,,False
การท่าเรือ เอเอสเอ็ม,1,1,th_sl,,False
การนัดไกล่เกลี่ย,1,1,th_sl,,False
การบันทึกภาพวิดีโอจากสถานีโทรทัศน์,1,1,ttrs,,False
การบินไทย,1,1,th_sl,,False
การบ้าน,1,1,ttrs,,False
การปฏิสนธิ,1,1,ttrs,OBJ,False
การประกันชีวิต,1,1,th_sl,OBJ,False
การประกันตัว,1,1,ttrs,,False
การประกันภัย,1,1,th_sl,OBJ,False
การประกันภัยทรัพย์สิน,1,1,th_sl,OBJ,False
การประกันภัยรถยนต์,1,1,th_sl,,False
การประกันสุขภาพ,1,1,th_sl,,False
การประชุมทางไกลผ่านระบบ VDO Conference,1,1,ttrs,,False
การประสานประโยชน์,1,1,ttrs,OBJ,False
การปราศรัย,1,1,th_sl,OBJ,False
การปั้น,1,1,ttrs,,False
การป้องกัน,1,1,th_sl,,False
การพึ่งตนเอง,1,1,ttrs,OBJ,False
การพูดแนะนำตัวเอง,1,1,ttrs,OBJ,False
การระเบิดอย่างรุนแรง,1,1,ttrs,,False
การวัดสายตา,1,1,ttrs,,False
การสร้างคำ,1,1,ttrs,OBJ,False
การสะท้อนของแสง (ภาษามือโรงเรียนเศรษฐเสถียรในพระราชูปถัมภ์),1,1,ttrs,OBJ,False
การสำรวจข้อมูล (ภาษามือโรงเรียนเศรษฐเสถียรในพระราชูปถัมภ์),1,1,ttrs,OBJ,False
การหมั้น,1,1,th_sl,OBJ,False
การหักเหของแสง (ภาษามือโรงเรียนเศรษฐเสถียรในพระราชูปถัมภ์),1,1,ttrs,OBJ,False
การอุดฟัน,1,1,ttrs,,False
การันต์ (ภาษามือโรงเรียนเศรษฐเสถียรในพระราชูปถัมภ์),1,1,ttrs,,False
การเกิดตะกอน (ภาษามือโรงเรียนเศรษฐเสถียรในพระราชูปถัมภ์),1,1,ttrs,OBJ,False
การเคลื่อนที่ (ภาษามือโรงเรียนเศรษฐเสถียรในพระราชูปถัมภ์),1,1,ttrs,OBJ,False
การเคลื่อนที่ของอากาศ (ภาษามือโรงเรียนเศรษฐเสถียรในพระราชูปถัมภ์),1,1,ttrs,OBJ,False
การเงิน (ภาษามือโรงเรียนเศรษฐเสถียรในพระราชูปถัมภ์),1,1,ttrs,OBJ,False
การเชิดมังกร,1,1,ttrs,,False
การเช็คระยะมอเตอร์ไซค์,1,1,th_sl,,False
การเช็คระยะรถยนต์,1,1,th_sl,,False
การเปลี่ยนสถานะ (ภาษามือโรงเรียนเศรษฐเสถียรในพระราชูปถัมภ์),1,1,ttrs,OBJ,False
การเปลี่ยนแปลงรูปร่าง (ภาษามือโรงเรียนเศรษฐเสถียรในพระราชูปถัมภ์),1,1,ttrs,OBJ,False
การเผยแผ่ (ภาษามือโรงเรียนเศรษฐเสถียรในพระราชูปถัมภ์),1,1,ttrs,OBJ,False
การเผาไหม้ (ภาษามือโรงเรียนเศรษฐเสถียรในพระราชูปถัมภ์),1,1,ttrs,OBJ,False
การเมือง,1,1,th_sl,,False
การเมือง (ภาษามือโรงเรียนเศรษฐเสถียรในพระราชูปถัมภ์),1,1,ttrs,OBJ,False
การเลี้ยวเบนของแสง (ภาษามือโรงเรียนเศรษฐเสถียรในพระราชูปถัมภ์),1,1,ttrs,OBJ,False
การเลือกปฏิบัติ,1,1,th_sl,OBJ,False
การเล่นดนตรีคู่,1,1,ttrs,,False
การแก้ปัญหา (ภาษามือโรงเรียนเศรษฐเสถียรในพระราชูปถัมภ์),1,1,ttrs,OBJ,False
การแข่งรถ,1,1,ttrs,,False
การแจ้งเตือน,1,1,ttrs,,False
การแพร่ระบาด,1,1,ttrs,,False
การแพร่เชื้อ,1,1,ttrs,,False
การแยกกันอยู่,1,1,th_sl,OBJ,False
การไกล่เกลี่ย,1,1,th_sl,OBJ,False
การ์ด,1,1,th_sl,,False
การ์ดตก,1,1,ttrs,,False
การ์ดบันทึกข้อมูล,1,1,ttrs,OBJ,False
กาลเทศะ,1,1,ttrs,VERB,False
กาวน้ำ,1,1,th_sl,OBJ,False
กาวอุตสาหกรรม,1,1,ttrs,OBJ,False
กาวเหนียวพิเศษ,1,1,ttrs,,False
กาวแท่ง,1,1,th_sl,OBJ,False
กาแฟคาปูชิโน,1,1,ttrs,OBJ,False
กาแฟบ้านไทสื้อ,1,1,th_sl,PLACE,False
กาแฟมอคค่า,1,1,ttrs,OBJ,False
กาแฟลาเต้,1,1,ttrs,OBJ,False
กาแฟอเมซอน,1,1,th_sl,PLACE,False
กาแฟอเมริกาโน่,1,1,ttrs,OBJ,False
กาแฟเอสเปรสโซ,1,1,ttrs,OBJ,False
กาแฟโบราณ,1,1,th_sl,,False
กาแล็กซี,1,1,ttrs,,False
กาแล็กซีรูปก้นหอย,1,1,ttrs,,False
กาแล็คซี่ (ภาษามือโรงเรียนเศรษฐเสถียรในพระราชูปถัมภ์),1,1,ttrs,OBJ,False
กำกับ,1,1,th_sl,,False
กำนัน,1,1,th_sl,,False
กำลัง,1,1,th_sl,,True
กำลังใจ,1,1,th_sl,OBJ,False
กำหนด (ภาษามือโรงเรียนเศรษฐเสถียรในพระราชูปถัมภ์),1,1,ttrs,VERB,False
กำหนดเวลา (ภาษามือโรงเรียนเศรษฐเสถียรในพระราชูปถัมภ์),1,1,ttrs,VERB,False
กำแพง,1,1,ttrs,OBJ,False
กำแพงแสน,1,1,th_sl,PLACE,False
กำไล EM,1,1,th_sl,,False
กำไลข้อมือ,1,1,th_sl,,False
กำไลข้อเท้า,1,1,th_sl,,False
กิจกรรม (ภาษามือโรงเรียนเศรษฐเสถียรในพระราชูปถัมภ์),1,1,ttrs,OBJ,False
กิจการ,1,1,ttrs,,False
กิจการล้ม,1,1,ttrs,,False
กินจุ,1,1,th_sl,,False
กินร้อน,1,1,ttrs,,False
กินอาหารเหล่านั้นไม่ได้,1,1,ttrs,,False
กินี,1,1,th_sl,PLACE,False
กินี-บิสเซา,1,1,th_sl,PLACE,False
กินได้ (อนุญาตให้),1,1,ttrs,,False
กินไม่รู้จักหยุด,1,1,ttrs,,False
กิฟุ,1,1,th_sl,,False
กิริยา,1,1,th_sl,OBJ,False
กิโลกรัม,1,1,ttrs,,False
กิโลเมตร,1,1,ttrs,,False
กิ๊ก,1,1,th_sl,,False
กิ๊บ,1,1,th_sl,,False
กิ๊บติดผม,1,1,ttrs,,False
กิ๊บหนีบผ้า,1,1,th_sl,,False
กีต้าร์,1,1,agent,,False
กีฬาสี,1,1,th_sl,,False
กี่,1,1,ttrs,ADJ,True
กี่ครั้ง,1,1,th_sl,,False
กึ่งจมกึ่งลอย (ภาษามือโรงเรียนเศรษฐเสถียรในพระราชูปถัมภ์),1,1,ttrs,VERB,False
กุน,1,1,th_sl,,False
กุมมะ,1,1,th_sl,,False
กุมารทอง,1,1,th_sl,,False
กุยฉ่าย (ภาษามือโรงเรียนเศรษฐเสถียรในพระราชูปถัมภ์),1,1,ttrs,,False
กุยช่าย,1,1,th_sl,,False
กุลวุฒิ วิทิศานต์,1,1,th_sl,SUBJ,False
กุ้งยิง,1,1,th_sl,OBJ,False
กุ้งแห้ง,1,1,ttrs,,False
"กุ๊ย, กระจอก",1,1,ttrs,,False
กูเกิ้ล ไดรฟ์,1,1,th_sl,,False
กูเกิ้ลโครม Google Chrome,1,1,th_sl,,False
กู่ช้างกู่ม้า,1,1,th_sl,PLACE,False
กู้,1,1,th_sl,,False
ก่อนถึงเวลา,1,1,ttrs,,False
ก่อนเที่ยง,1,1,ttrs,,False
ก่อวินาศกรรม,1,1,ttrs,,False
ก่อไฟ,1,1,agent,,False
ก้ม,1,1,th_sl,,False
ก้านใบ (ภาษามือโรงเรียนเศรษฐเสถียรในพระราชูปถัมภ์),1,1,ttrs,OBJ,False
ก้าวกระโดดไกล,1,1,ttrs,,False
ก้าวหน้า,1,1,th_sl,,False
ก๋วยจั๊บ,1,1,th_sl,OBJ,False
ก๋วยเตี๋ยวห้อยขา,1,1,th_sl,PLACE,False
ก๋วยเตี๋ยวแห้ง,1,1,th_sl,OBJ,False
ข. ไข่,1,1,th_sl,,False
ขน,1,1,ttrs,OBJ,False
ขนตาปลอม,1,1,th_sl,,False
ขนบธรรมเนียม (ภาษามือโรงเรียนเศรษฐเสถียรในพระราชูปถัมภ์),1,1,ttrs,,False
ขนมกุยช่าย,1,1,th_sl,OBJ,False
ขนมขบเคี้ยว,1,1,th_sl,,False
ขนมจีน (ภาษามือโรงเรียนเศรษฐเสถียรในพระราชูปถัมภ์),1,1,ttrs,,False
ขนมจีบ,1,1,th_sl,OBJ,False
ขนมชั้น,1,1,th_sl,OBJ,False
ขนมซอฟท์ เพรทเซล,1,1,th_sl,,False
ขนมตาล,1,1,th_sl,OBJ,False
ขนมต่างๆ,1,1,th_sl,OBJ,False
ขนมต้ม,1,1,th_sl,OBJ,False
ขนมถ้วย,1,1,th_sl,OBJ,False
ขนมปัง (ภาษามือโรงเรียนเศรษฐเสถียรในพระราชูปถัมภ์),1,1,ttrs,,False
ขนมปังกรอบ,1,1,ttrs,,False
ขนมปังชีสเห็ด,1,1,th_sl,,False
ขนมปุยฝ้าย,1,1,th_sl,OBJ,False
ขนมรังผึ้ง,1,1,th_sl,OBJ,False
ขนมลา,1,1,th_sl,OBJ,False
ขนมเบื้อง,1,1,th_sl,OBJ,False
ขนมเปียกปูน,1,1,th_sl,OBJ,False
ขนมไข่นกกระทา,1,1,th_sl,OBJ,False
ขนมไหว้พระจันทร์,1,1,ttrs,,False
ขนหัวลุก,1,1,ttrs,,False
ขนาด (ภาษามือโรงเรียนเศรษฐเสถียรในพระราชูปถัมภ์),1,1,ttrs,OBJ,False
ขนาดของมุม (ภาษามือโรงเรียนเศรษฐเสถียรในพระราชูปถัมภ์),1,1,ttrs,OBJ,False
ขนาดยักษ์,1,1,ttrs,,False
ขนาดเล็ก,1,1,ttrs,,False
ขนาดใหญ่,1,1,ttrs,,False
ขบวนการ,1,1,ttrs,,False
ขบวนพาเหรดกีฬา,1,1,th_sl,,False
ขมิ้น (ภาษามือโรงเรียนเศรษฐเสถียรในพระราชูปถัมภ์),1,1,ttrs,,False
ขยะ,1,1,th_sl,OBJ,False
ขยะแขยง,1,1,ttrs,,False
ขยายสาขา,1,1,ttrs,,False
ขยายเวลา,1,1,ttrs,,False
ขยิบตา,1,1,th_sl,,False
ขยี้ตา,1,1,th_sl,,False
ขรา,1,1,ttrs,,False
ขรุขระมาก,1,1,ttrs,,False
ขลุ่ยรีคอร์เดอร์,1,1,ttrs,,False
ขลุ่ยหลิบ,1,1,ttrs,,False
ขลุ่ยอู้,1,1,ttrs,,False
ขลุ่ยเพียงออ,1,1,ttrs,,False
ขวดรูปทรงเหมือนชมพู่,1,1,ttrs,,False
ขวดเครื่องปรุง,1,1,ttrs,,False
ขอความเห็น (จากหลายคน),1,1,ttrs,,False
ของคุณ,1,1,th_sl,,False
ของจริง,1,1,th_sl,,False
ของประดับตกแต่ง,1,1,ttrs,OBJ,False
ของเก่า,1,1,th_sl,,False
ของเขาทั้งหลาย,1,1,th_sl,,False
ของแท้,1,1,th_sl,,False
ของใช้ส่วนตัว,1,1,ttrs,,False
ของใหม่,1,1,th_sl,,False
ขอนแก่น - มหาวิทยาลัยขอนแก่น,1,1,th_sl,PLACE,False
ขอบ,1,1,ttrs,,False
ขอบคุณ (อายุเท่ากันหรือน้อยกว่า),1,1,ttrs,OBJ,False
ขอบฟ้า,1,1,ttrs,,False
ขอยืม,1,1,ttrs,VERB,False
ขอร้อง,1,1,ttrs,,False
ขอโทษ (อายุเท่ากันหรือน้อยกว่า),1,1,ttrs,OBJ,False
ขัง,1,1,th_sl,,False
ขัด,1,1,th_sl,,False
ขัดตา,1,1,ttrs,,False
ขัดยอก,1,1,th_sl,,False
ขัดแย้งความคิด,1,1,th_sl,,False
ขับปัสสาวะ,1,1,th_sl,,False
ขับรถ,1,1,th_sl,VERB,True
ขั้นตอน,1,1,th_sl,,False
ขั้นตอน (ภาษามือโรงเรียนเศรษฐเสถียรในพระราชูปถัมภ์),1,1,ttrs,OBJ,False
ขั้นบันได,1,1,ttrs,,False
ขั้นบันไดหน้าบ้าน,1,1,ttrs,OBJ,False
ขาญุวรลักษบุรี,1,1,th_sl,PLACE,False
ขาด,1,1,th_sl,,False
ขาดทุน,1,1,th_sl,,False
ขาตั้ง,1,1,ttrs,,False
ขาตั้งกระดานวาดรูป,1,1,ttrs,,False
ขายดี,1,1,th_sl,,False
ขายตัว,1,1,th_sl,,False
ขาว,1,1,th_sl,,False
ขาโก่ง,1,1,ttrs,,False
ขีดจำกัด,1,1,th_sl,OBJ,False
ขี่,1,1,ttrs,,False
ขี่ม้า,1,1,ttrs,,False
ขี่่คอ,1,1,ttrs,,False
ขี้,1,1,th_sl,,False
ขี้งก,1,1,th_sl,,False
ขี้เล่น,1,1,ttrs,,False
ขี้เหร่,1,1,ttrs,,False
ขี้โกง,1,1,th_sl,,False
ขี้โม้มาก,1,1,th_sl,,False
ขี้้งกมาก,1,1,th_sl,,False
ขึ้น,1,1,th_sl,VERB,False
ขึ้นอยู่กับฉัน,1,1,ttrs,,False
ขึ้นเงินเดือน,1,1,ttrs,,False
ขุด,1,1,th_sl,,False
ขุนตาล,1,1,th_sl,PLACE,False
ขุนยวม,1,1,th_sl,PLACE,False
ขูดชาม,1,1,th_sl,,False
ขโมย,1,1,th_sl,VERB,False
ข่มขี่,1,1,th_sl,,False
ข่มขืน,1,1,th_sl,,False
ข่า (ภาษามือโรงเรียนเศรษฐเสถียรในพระราชูปถัมภ์),1,1,ttrs,,False
ข่าวด่วน,1,1,th_sl,,False
ข่าวปลอม (Fack news),1,1,ttrs,,False
ข่าวลือ,1,1,th_sl,,False
ข้อ,1,1,th_sl,,False
ข้อดี,1,1,th_sl,,False
ข้อบังคับ,1,1,th_sl,OBJ,False
ข้อมูล (ภาษามือโรงเรียนเศรษฐเสถียรในพระราชูปถัมภ์),1,1,ttrs,OBJ,False
ข้อมูลส่วนตัว,1,1,ttrs,,False
ข้ออ้าง,1,1,th_sl,,False
ข้อเสีย,1,1,th_sl,,False
ข้างขวา,1,1,th_sl,,False
ข้างซ้าย,1,1,th_sl,,False
ข้าราชการ,1,1,th_sl,SUBJ,False
ข้าราชการครู,1,1,th_sl,,False
ข้าราชการท้องถิ่น,1,1,th_sl,,False
ข้าว (ภาษามือโรงเรียนเศรษฐเสถียรในพระราชูปถัมภ์),1,1,ttrs,,False
ข้าวกะเพราหมู,1,1,th_sl,,False
ข้าวขาว,1,1,th_sl,OBJ,False
ข้าวขาหมู,1,1,ttrs,OBJ,False
ข้าวต้มไก่,1,1,th_sl,,False
ข้าวปั้น,1,1,ttrs,,False
ข้าวผัดทะเล,1,1,th_sl,,False
ข้าวผัดไข่,1,1,th_sl,,False
ข้าวพอง,1,1,th_sl,OBJ,False
ข้าวพันผัก,1,1,th_sl,OBJ,False
ข้าวยำไก่แซ่บ,1,1,th_sl,,False
ข้าวส้ม,1,1,th_sl,,False
ข้าวหน้าเป็ด,1,1,th_sl,,False
ข้าวหมกไก่,1,1,th_sl,OBJ,False
ข้าวหลาม,1,1,agent,,False
ข้าวหอมมะลิ,1,1,th_sl,OBJ,False
ข้าวเกรียบ,1,1,th_sl,OBJ,False
ข้าวเกรียบปลา,1,1,th_sl,,False
ข้าวเกรียบปากหม้อ,1,1,th_sl,OBJ,False
ข้าวเปลือก,1,1,th_sl,OBJ,False
ข้าวเหนียวมะม่วง,1,1,th_sl,OBJ,False
ข้าวแข็ง,1,1,th_sl,,False
ข้าวแดง,1,1,th_sl,OBJ,False
ข้าวโพดคลุกเนย,1,1,th_sl,,False
ข้าวโพดอ่อน (ภาษามือโรงเรียนเศรษฐเสถียรในพระราชูปถัมภ์),1,1,ttrs,,False
ข้าวไก่ทอด,1,1,th_sl,OBJ,False
ข้าวไรซ์เบอร์รี่,1,1,th_sl,OBJ,False
ค ควาย,1,1,th_sl,,False
คณะกรรมการ,1,1,th_sl,OBJ,False
คณะกรรมการการเลือกตั้ง กกต,1,1,th_sl,,False
คณะก้าวหน้า,1,1,th_sl,,False
คณะทัวร์,1,1,ttrs,,False
คณะบุคคล,1,1,th_sl,,False
คณิตศาสตร์,1,1,th_sl,,False
คดี,1,1,th_sl,OBJ,False
คดีหมายเลขดำ,1,1,th_sl,,False
คดีอาญา,1,1,th_sl,OBJ,False
คติ (ภาษามือโรงเรียนเศรษฐเสถียรในพระราชูปถัมภ์),1,1,ttrs,OBJ,False
คติพจน์ (ภาษามือโรงเรียนเศรษฐเสถียรในพระราชูปถัมภ์),1,1,ttrs,OBJ,False
คทา,1,1,ttrs,,False
คนขับรถประจำทาง,1,1,ttrs,,False
คนขับรถแท็กซี่,1,1,ttrs,,False
คนขายดอกไม้,1,1,th_sl,,False
คนขายดอกไม้ที่แบกกระด้ง,1,1,ttrs,,False
คนขายผลไม้,1,1,ttrs,,False
คนขายเนื้อ,1,1,ttrs,,False
คนช่างพูด,1,1,ttrs,,False
คนตาบอด,1,1,th_sl,SUBJ,False
คนต่างด้าว,1,1,ttrs,,False
คนทำงาน,1,1,th_sl,VERB,False
คนที่ตกค้าง,1,1,ttrs,,False
คนที่มีการได้ยิน,1,1,th_sl,GREET,False
คนที่รักสองเพศ,1,1,th_sl,,False
คนปกติ (ภาษามือโรงเรียนเศรษฐเสถียรในพระราชูปถัมภ์),1,1,ttrs,OBJ,False
คนพูดนาน,1,1,ttrs,,False
คนพูดยาว (พูดติดต่อกัน),1,1,ttrs,,False
คนมุสลิม,1,1,ttrs,,False
คนรูปร่างเล็ก,1,1,ttrs,,False
คนละครึ่ง,1,1,ttrs,,False
คนหนึ่งอ้วนขึ้นอีกคนหนึ่งลดลง,1,1,ttrs,,False
คนหูดี,1,1,th_sl,,True
คนหูตึง,1,1,th_sl,GREET,False
คนหูตึง (ภาษามือโรงเรียนเศรษฐเสถียรในพระราชูปถัมภ์),1,1,ttrs,OBJ,False
คนอื่น,1,1,th_sl,,False
คนอ้วนขึ้น ๆ,1,1,ttrs,,False
คนเรียนช้า,1,1,ttrs,,False
คนเรียนรู้เร็ว,1,1,ttrs,,False
คนแก่ (ภาษามือโรงเรียนเศรษฐเสถียรในพระราชูปถัมภ์),1,1,ttrs,OBJ,False
คนแคระที่อยู่ใต้ดิน,1,1,ttrs,,False
คนโง่,1,1,ttrs,,False
คนไข้,1,1,th_sl,OBJ,False
คม,1,1,th_sl,,False
คมกริบ,1,1,th_sl,,False
ครบ,1,1,th_sl,VERB,False
ครองแครงกรอบ,1,1,th_sl,OBJ,False
ครองแครงกะทิ,1,1,th_sl,OBJ,False
ครอบครัวขยาย,1,1,ttrs,OBJ,False
ครอบครัวเดี่ยว,1,1,ttrs,OBJ,False
ครั้งแรก,1,1,th_sl,,False
คราวหน้า,1,1,th_sl,,False
คริปโต,1,1,th_sl,OBJ,False
คริส โปตระนันทน์,1,1,th_sl,,False
คริสตัล พาเลซ,1,1,th_sl,,False
คริสเตียน,1,1,th_sl,,False
ครีม,1,1,th_sl,,False
ครีมทาผิว,1,1,ttrs,,False
ครีมทาหน้า,1,1,th_sl,OBJ,False
ครีมนวดผม,1,1,ttrs,,False
ครีมเทียม,1,1,ttrs,,False
ครีมโกนหนวด,1,1,ttrs,,False
ครึ่งคนครึ่งม้า,1,1,th_sl,,False
ครึ่งชีวิต (ภาษามือโรงเรียนเศรษฐเสถียรในพระราชูปถัมภ์),1,1,ttrs,OBJ,False
ครึ่งวงกลม,1,1,ttrs,,False
ครึ่งวงกลม (ภาษามือโรงเรียนเศรษฐเสถียรในพระราชูปถัมภ์),1,1,ttrs,OBJ,False
ครุฑ,1,1,ttrs,OBJ,False
ครุ่นคิด,1,1,ttrs,,False
ครูฝึก,1,1,ttrs,,False
ครูใหญ่,1,1,ttrs,,False
คร้าน,1,1,th_sl,,False
คลองขลุง,1,1,th_sl,PLACE,False
คลองถม,1,1,th_sl,PLACE,False
คลองบางพระ,1,1,th_sl,,False
คลองลาน,1,1,th_sl,PLACE,False
คลองเกาะญวน,1,1,th_sl,PLACE,False
คลอโรพลาส (ภาษามือโรงเรียนเศรษฐเสถียรในพระราชูปถัมภ์),1,1,ttrs,OBJ,False
คลายความร้อน,1,1,ttrs,VERB,False
คลายล็อก,1,1,ttrs,,False
คลายล็อกดาวน์,1,1,ttrs,,False
คลายเครียด,1,1,th_sl,,False
คลิก,1,1,th_sl,,False
คลี่คลาย,1,1,th_sl,,False
คลื่น (ภาษามือโรงเรียนเศรษฐเสถียรในพระราชูปถัมภ์),1,1,ttrs,OBJ,False
คลื่นเสียง (ภาษามือโรงเรียนเศรษฐเสถียรในพระราชูปถัมภ์),1,1,ttrs,OBJ,False
คลื่นแม่เหล็กไฟฟ้า (ภาษามือโรงเรียนเศรษฐเสถียรในพระราชูปถัมภ์),1,1,ttrs,OBJ,False
คลุก,1,1,th_sl,,False
คลุกเข่า,1,1,ttrs,,False
คล้าย,1,1,th_sl,VERB,False
ควบคุมการระบาด,1,1,ttrs,,False
ควย,1,1,th_sl,,False
ควร,1,1,th_sl,,True
ควันท่อไอเสีย,1,1,ttrs,,False
ควันรถ,1,1,th_sl,,False
ความกดอากาศต่ำ,1,1,th_sl,,False
ความกตัญญู (ภาษามือโรงเรียนเศรษฐเสถียรในพระราชูปถัมภ์),1,1,ttrs,OBJ,False
ความกว้าง,1,1,ttrs,,False
ความขัดแย้ง (ภาษามือโรงเรียนเศรษฐเสถียรในพระราชูปถัมภ์),1,1,ttrs,OBJ,False
ความคล้าย (ภาษามือโรงเรียนเศรษฐเสถียรในพระราชูปถัมภ์),1,1,ttrs,OBJ,False
ความคิด (ภาษามือโรงเรียนเศรษฐเสถียรในพระราชูปถัมภ์),1,1,ttrs,OBJ,False
ความคิดรวบยอด (ภาษามือโรงเรียนเศรษฐเสถียรในพระราชูปถัมภ์),1,1,ttrs,OBJ,False
ความคิดใหม่ (ภาษามือโรงเรียนเศรษฐเสถียรในพระราชูปถัมภ์),1,1,ttrs,OBJ,False
ความคิดไม่ดี,1,1,ttrs,,False
ความดันโลหิตสูง,1,1,ttrs,,False
ความดี,1,1,th_sl,,False
ความถี่ (ภาษามือโรงเรียนเศรษฐเสถียรในพระราชูปถัมภ์),1,1,ttrs,OBJ,False
ความยาว,1,1,ttrs,,False
ความยาว (ของสิ่งของ/วัตถุที่บางเป็นเส้น),1,1,ttrs,,False
ความยาวคลื่น (ภาษามือโรงเรียนเศรษฐเสถียรในพระราชูปถัมภ์),1,1,ttrs,OBJ,False
ความรัก,1,1,agent,,True
ความรักใคร่,1,1,ttrs,,False
ความรู้,1,1,ttrs,,False
ความรู้ดี,1,1,ttrs,,False
ความรู้น้อย,1,1,ttrs,,False
ความรู้สึก,1,1,ttrs,,False
ความรู้สึกไว,1,1,ttrs,,False
ความร่วมมือ (ภาษามือโรงเรียนเศรษฐเสถียรในพระราชูปถัมภ์),1,1,ttrs,OBJ,False
ความร้อนลดลงทีละน้อย,1,1,ttrs,,False
ความลับ,1,1,th_sl,OBJ,False
ความลึก,1,1,ttrs,,False
ความสงบสุข,1,1,th_sl,,False
ความสงบสุข (ภาษามือโรงเรียนเศรษฐเสถียรในพระราชูปถัมภ์),1,1,ttrs,OBJ,False
ความสัมพันธ์ (ภาษามือโรงเรียนเศรษฐเสถียรในพระราชูปถัมภ์),1,1,ttrs,OBJ,False
ความสำคัญ (ภาษามือโรงเรียนเศรษฐเสถียร),1,1,ttrs,ADJ,False
ความสูง,1,1,ttrs,,False
ความสูง (ภาษามือโรงเรียนเศรษฐเสถียรในพระราชูปถัมภ์),1,1,ttrs,OBJ,False
ความหนาแน่น (ภาษามือโรงเรียนเศรษฐเสถียรในพระราชูปถัมภ์),1,1,ttrs,OBJ,False
ความหนาแน่นของประชากร (ภาษามือโรงเรียนเศรษฐเสถียรในพระราชูปถัมภ์),1,1,ttrs,OBJ,False
ความหมาย,1,1,th_sl,,False
ความหมายโดยตรง (ภาษามือโรงเรียนเศรษฐเสถียรในพระราชูปถัมภ์),1,1,ttrs,OBJ,False
ความหมายโดยนัย (ภาษามือโรงเรียนเศรษฐเสถียรในพระราชูปถัมภ์),1,1,ttrs,OBJ,False
ความเชื่อ (ภาษามือโรงเรียนเศรษฐเสถียรในพระราชูปถัมภ์),1,1,ttrs,OBJ,False
ความเป็นธรรม,1,1,th_sl,,False
ความเสมอภาค,1,1,th_sl,OBJ,False
ความเสี่ยงต่ำ,1,1,ttrs,,False
ความเสี่ยงสูง,1,1,ttrs,,False
ความเห็นแย้ง,1,1,ttrs,,False
คว่ำ,1,1,th_sl,,False
คว้าจับ,1,1,ttrs,,False
คหกรรมศาสตร์,1,1,th_sl,,False
คอก,1,1,th_sl,,False
คอนโด apthai,1,1,th_sl,,False
คอนโดมิเนียม (ภาษามือโรงเรียนเศรษฐเสถียรในพระราชูปถัมภ์),1,1,ttrs,,False
คอนโดมิเนียมแสนสิริ,1,1,th_sl,,False
คอนโดลุมพินี,1,1,th_sl,,False
คอมมิชชั่น,1,1,th_sl,OBJ,False
คอมเมนต์,1,1,th_sl,,False
คอยดู,1,1,ttrs,,False
คอสตาริกา,1,1,th_sl,PLACE,False
คะแนน,1,1,th_sl,,False
คะแนนนำโด่ง,1,1,th_sl,,False
คัดกรอง,1,1,ttrs,,False
คัดค้าน,1,1,th_sl,,False
คัดจมูก,1,1,agent,,False
คัดลอก,1,1,th_sl,VERB,False
คัดลายมือ,1,1,ttrs,VERB,False
คัดเต้านม,1,1,th_sl,,False
คัตตั้ลบัต,1,1,ttrs,OBJ,False
คัตเตอร์,1,1,ttrs,OBJ,False
คัน,1,1,agent,,False
คันตา,1,1,th_sl,,False
คันธนู,1,1,ttrs,,False
คันปาก,1,1,th_sl,,False
"คันไถ, รถไถ",1,1,ttrs,,False
คับ,1,1,th_sl,,False
คั่ว,1,1,ttrs,,False
คากาว่า,1,1,th_sl,,False
คาซัคสถาน,1,1,th_sl,,False
คาด,1,1,th_sl,,False
คาดคะเน (ภาษามือโรงเรียนเศรษฐเสถียรในพระราชูปถัมภ์),1,1,ttrs,VERB,False
คาดผม,1,1,th_sl,,False
คาดหวัง,1,1,th_sl,,False
คาดไม่ถึง,1,1,th_sl,,False
คานากาว่า,1,1,th_sl,,False
คาราโอเกะ,1,1,th_sl,,False
คาร์บอน (ภาษามือโรงเรียนเศรษฐเสถียรในพระราชูปถัมภ์),1,1,ttrs,OBJ,False
คาร์ฟู,1,1,th_sl,PLACE,False
คาร์ฟู (ภาษามือโรงเรียนเศรษฐเสถียรในพระราชูปถัมภ์),1,1,ttrs,,False
คาร์โบไฮเดรต (ภาษามือโรงเรียนเศรษฐเสถียรในพระราชูปถัมภ์),1,1,ttrs,OBJ,False
คาลเท็กซ์,1,1,th_sl,PLACE,False
คาลเท็กซ์ (ภาษามือโรงเรียนเศรษฐเสถียรในพระราชูปถัมภ์),1,1,ttrs,,False
คาโกชิมา,1,1,th_sl,,False
คำ (ภาษามือโรงเรียนเศรษฐเสถียรในพระราชูปถัมภ์),1,1,ttrs,OBJ,False
คำกริยา (ภาษามือโรงเรียนเศรษฐเสถียรในพระราชูปถัมภ์),1,1,ttrs,OBJ,False
คำขยาย (ภาษามือโรงเรียนเศรษฐเสถียรในพระราชูปถัมภ์),1,1,ttrs,OBJ,False
คำขวัญ (ภาษามือโรงเรียนเศรษฐเสถียรในพระราชูปถัมภ์),1,1,ttrs,OBJ,False
คำคม (ภาษามือโรงเรียนเศรษฐเสถียรในพระราชูปถัมภ์),1,1,ttrs,OBJ,False
คำคล้องจอง (ภาษามือโรงเรียนเศรษฐเสถียรในพระราชูปถัมภ์),1,1,ttrs,OBJ,False
คำคัดค้านคำให้การ,1,1,ttrs,,False
คำชวา (ภาษามือโรงเรียนเศรษฐเสถียรในพระราชูปถัมภ์),1,1,ttrs,OBJ,False
คำชี้แจง,1,1,ttrs,,False
คำตรงกันข้าม (ภาษามือโรงเรียนเศรษฐเสถียรในพระราชูปถัมภ์),1,1,ttrs,OBJ,False
คำตัดสินชี้ขาดคดี,1,1,ttrs,,False
คำถาม,1,1,th_sl,,False
คำทับศัพท์ (ภาษามือโรงเรียนเศรษฐเสถียรในพระราชูปถัมภ์),1,1,ttrs,OBJ,False
คำนาม,1,1,ttrs,,False
คำนาม (ภาษามือโรงเรียนเศรษฐเสถียรในพระราชูปถัมภ์),1,1,ttrs,OBJ,False
คำบรรยาย,1,1,ttrs,,False
คำบรรยายแทนเสียง,1,1,th_sl,,False
คำบาลีสันสกฤต (ภาษามือโรงเรียนเศรษฐเสถียรในพระราชูปถัมภ์),1,1,ttrs,OBJ,False
คำบุพบท (ภาษามือโรงเรียนเศรษฐเสถียรในพระราชูปถัมภ์),1,1,ttrs,OBJ,False
คำประสม (คำประสมที่เอามารวมกัน),1,1,ttrs,,False
คำประสม (ภาษามือโรงเรียนเศรษฐเสถียรในพระราชูปถัมภ์),1,1,ttrs,OBJ,False
คำประสมหรือวลี,1,1,ttrs,,False
คำพิพากษา,1,1,th_sl,OBJ,False
คำฟ้อง,1,1,ttrs,,False
คำภาษาขอม (ภาษามือโรงเรียนเศรษฐเสถียรในพระราชูปถัมภ์),1,1,ttrs,OBJ,False
คำภาษาจีน (ภาษามือโรงเรียนเศรษฐเสถียรในพระราชูปถัมภ์),1,1,ttrs,OBJ,False
คำภาษาญวน (ภาษามือโรงเรียนเศรษฐเสถียรในพระราชูปถัมภ์),1,1,ttrs,OBJ,False
คำภาษามอญ (ภาษามือโรงเรียนเศรษฐเสถียรในพระราชูปถัมภ์),1,1,ttrs,OBJ,False
คำยาก (ภาษามือโรงเรียนเศรษฐเสถียรในพระราชูปถัมภ์),1,1,ttrs,OBJ,False
คำย่อ (ภาษามือโรงเรียนเศรษฐเสถียรในพระราชูปถัมภ์),1,1,ttrs,OBJ,False
คำราชาศัพท์ (ภาษามือโรงเรียนเศรษฐเสถียรในพระราชูปถัมภ์),1,1,ttrs,OBJ,False
คำลักษณะนาม (ภาษามือโรงเรียนเศรษฐเสถียรในพระราชูปถัมภ์),1,1,ttrs,OBJ,False
คำศัพท์,1,1,th_sl,,False
คำสรรพนาม (ภาษามือโรงเรียนเศรษฐเสถียรในพระราชูปถัมภ์),1,1,ttrs,OBJ,False
คำสันธาน (ภาษามือโรงเรียนเศรษฐเสถียรในพระราชูปถัมภ์),1,1,ttrs,OBJ,False
คำสั่งไม่รับคำฟ้อง,1,1,ttrs,,False
คำสำหรับพระสงฆ์ (ภาษามือโรงเรียนเศรษฐเสถียรในพระราชูปถัมภ์),1,1,ttrs,OBJ,False
คำสุภาพ (ภาษามือโรงเรียนเศรษฐเสถียรในพระราชูปถัมภ์),1,1,ttrs,OBJ,False
คำอธิบายอ้างอิง,1,1,ttrs,,False
คำอุทาน (ภาษามือโรงเรียนเศรษฐเสถียรในพระราชูปถัมภ์),1,1,ttrs,OBJ,False
คำเปรียบเทียบ (ภาษามือโรงเรียนเศรษฐเสถียรในพระราชูปถัมภ์),1,1,ttrs,OBJ,False
คำแถลงการณ์,1,1,ttrs,,False
คำแนะนำ,1,1,th_sl,,False
คำไทย (ภาษามือโรงเรียนเศรษฐเสถียรในพระราชูปถัมภ์),1,1,ttrs,OBJ,False
คำไทยแท้ (ภาษามือโรงเรียนเศรษฐเสถียรในพระราชูปถัมภ์),1,1,ttrs,OBJ,False
คิด,1,1,th_sl,,True
คิดกว้าง,1,1,th_sl,,False
คิดตรงกัน,1,1,ttrs,,False
คิดตรงกันข้าม,1,1,ttrs,,False
คิดถูกต้อง,1,1,ttrs,,False
คิดบวก,1,1,th_sl,VERB,False
คิดมาก,1,1,th_sl,VERB,False
คิดลบ,1,1,th_sl,VERB,False
คิดสั้น,1,1,th_sl,,False
คิดเบี้ยว,1,1,th_sl,,False
คิดเอง,1,1,th_sl,,False
คิม จอง อึน,1,1,th_sl,,False
คิว (ภาษามือวิทยาลัยราชสุดา),1,1,ttrs,OBJ,False
คิวบา,1,1,th_sl,PLACE,False
คิวยาว,1,1,th_sl,,False
คิวเอจ,1,1,th_sl,PLACE,False
คิ้วแตก,1,1,ttrs,OBJ,False
คีย์บอร์ด,1,1,ttrs,,False
คีรีมาศ,1,1,th_sl,PLACE,False
คีร์กีซสถาน,1,1,th_sl,PLACE,False
คึกคัก,1,1,th_sl,,False
คึ่นช่าย (ภาษามือโรงเรียนเศรษฐเสถียรในพระราชูปถัมภ์),1,1,ttrs,,False
คืน,1,1,ttrs,,True
คืนหมาหอน,1,1,th_sl,,False
คือ,1,1,th_sl,,False
คุกเข่า,1,1,th_sl,,False
คุณธรรม,1,1,th_sl,,False
คุณธรรม (ภาษามือโรงเรียนเศรษฐเสถียรในพระราชูปถัมภ์),1,1,ttrs,,False
คุณพูดปด,1,1,ttrs,,False
คุณภาพ,1,1,th_sl,,False
คุณสมบัติ,1,1,ttrs,,False
คุณหญิง,1,1,th_sl,,False
คุมาโมโต้,1,1,th_sl,,False
คุมเข้ม,1,1,ttrs,,False
คุ้มวงศ์บุรี,1,1,th_sl,,False
คุ้มเจ้าหลวง,1,1,th_sl,,False
คูปอง,1,1,th_sl,,False
คูเวต,1,1,th_sl,PLACE,False
คู่มือ (ภาษามือโรงเรียนเศรษฐเสถียรในพระราชูปถัมภ์),1,1,ttrs,OBJ,False
คู่แข่ง,1,1,th_sl,,False
ค่อย ๆ ฉลาดขึ้น,1,1,th_sl,,False
ค่า (ภาษามือโรงเรียนเศรษฐเสถียรในพระราชูปถัมภ์),1,1,ttrs,OBJ,False
ค่าจ้าง (ภาษามือโรงเรียนเศรษฐเสถียรในพระราชูปถัมภ์),1,1,ttrs,OBJ,False
ค่าธรรมเนียมธนาคาร,1,1,th_sl,,False
ค่านิยม (ภาษามือโรงเรียนเศรษฐเสถียรในพระราชูปถัมภ์),1,1,ttrs,OBJ,False
ค่าน้ำประปา,1,1,ttrs,,False
ค่าประมาณ (ภาษามือโรงเรียนเศรษฐเสถียรในพระราชูปถัมภ์),1,1,ttrs,OBJ,False
ค่าปรับ,1,1,ttrs,,False
ค่าราก (ภาษามือโรงเรียนเศรษฐเสถียรในพระราชูปถัมภ์),1,1,ttrs,OBJ,False
ค่าสมบูรณ์ (ภาษามือโรงเรียนเศรษฐเสถียรในพระราชูปถัมภ์),1,1,ttrs,OBJ,False
ค่าเฉลี่ยเลขคณิต (ภาษามือโรงเรียนเศรษฐเสถียรในพระราชูปถัมภ์),1,1,ttrs,OBJ,False
"ค่าแรง, ค่าจ้าง",1,1,ttrs,,False
ค่าไฟฟ้า,1,1,ttrs,,False
ค่ำ,1,1,th_sl,TIME,False
ค้น,1,1,th_sl,,False
ค้นคว้า,1,1,ttrs,VERB,False
ค้าขาย,1,1,ttrs,,False
ค้าน,1,1,th_sl,,False
ค้ำ,1,1,th_sl,VERB,False
ฆ ระฆัง,1,1,th_sl,,False
ฆราวาสธรรม 4,1,1,ttrs,,False
ฆาตกรรม,1,1,th_sl,,False
ฆ้องวงเล็ก,1,1,ttrs,,False
ฆ้องโหม่ง,1,1,ttrs,,False
ง งู,1,1,th_sl,,False
งก,1,1,th_sl,,False
งงไปหมด,1,1,ttrs,,False
งดงาม,1,1,th_sl,,False
งดเดินทาง,1,1,ttrs,,False
งบ,1,1,th_sl,,False
งบประมาณ,1,1,th_sl,,False
งวง,1,1,th_sl,OBJ,False
งอ,1,1,th_sl,VERB,False
งอน,1,1,th_sl,VERB,False
งาน,1,1,th_sl,,True
งานทอดกฐิน,1,1,th_sl,,False
งานศพ,1,1,th_sl,,False
งานเลี้ยงฉลอง,1,1,ttrs,,False
งาม,1,1,th_sl,,False
งาว,1,1,th_sl,PLACE,False
งี่เง่า,1,1,th_sl,,False
งุ่มง่าม,1,1,ttrs,,False
งูกินหาง,1,1,agent,,False
ง่าย,1,1,th_sl,STATE,True
ง่ายๆสบายๆ,1,1,ttrs,,False
ง้อ,1,1,th_sl,VERB,False
จ จาน,1,1,th_sl,,False
จดทะเบียน,1,1,ttrs,,False
จดทะเบียนสมรส,1,1,th_sl,VERB,False
จดทะเบียนหย่า,1,1,th_sl,,False
จดบันทึก,1,1,th_sl,VERB,False
จดหมาย,1,1,th_sl,,False
จดหมาย (ภาษามือวิทยาลัยราชสุดา),1,1,ttrs,OBJ,False
จดหมาย (ภาษามือโรงเรียนเศรษฐเสถียรในพระราชูปถัมภ์),1,1,ttrs,OBJ,False
จดหมายลากิจ (ภาษามือโรงเรียนเศรษฐเสถียรในพระราชูปถัมภ์),1,1,ttrs,OBJ,False
จดหมายลาป่วย (ภาษามือโรงเรียนเศรษฐเสถียรในพระราชูปถัมภ์),1,1,ttrs,OBJ,False
จดหมายอิเล็กทรอนิกส์,1,1,ttrs,,False
จตุพร บุรุษพัฒน์,1,1,th_sl,SUBJ,False
จบ,1,1,th_sl,OBJ,False
จม,1,1,ttrs,VERB,False
จมูกแบน,1,1,ttrs,,False
จมูกโด่ง,1,1,ttrs,,False
จรวด (ภาษามือโรงเรียนเศรษฐเสถียรในพระราชูปถัมภ์),1,1,ttrs,,False
จรัญฯ 13,1,1,th_sl,,False
จริงใจ,1,1,th_sl,,False
จริงใจมาร์เก็ต,1,1,th_sl,,False
จรูญเกียรติ ปานแก้ว,1,1,th_sl,SUBJ,False
จอ,1,1,th_sl,,False
จอคอมพิวเตอร์,1,1,ttrs,,False
จอบ,1,1,th_sl,,False
จอร์เจีย,1,1,th_sl,PLACE,False
จอร์แดน,1,1,th_sl,PLACE,False
จะทำจริง ๆ,1,1,ttrs,,False
จะเข้,1,1,ttrs,,False
จักรวาล,1,1,th_sl,,False
จักรเย็บผ้าไฟฟ้า,1,1,ttrs,OBJ,False
จังหวัด,1,1,th_sl,,False
จังหวัด (ภาษามือโรงเรียนเศรษฐเสถียรในพระราชูปถัมภ์),1,1,ttrs,OBJ,False
จังหวัดนครปฐม,1,1,ttrs,OBJ,False
จัด,1,1,th_sl,,False
จัดการ,1,1,th_sl,VERB,False
จัดฟัน,1,1,th_sl,,False
จัดสรรงบประมาณ,1,1,ttrs,,False
จันทบุรี,1,1,th_sl,PLACE,False
จันทรุปราคา,1,1,ttrs,,False
จับกุม,1,1,ttrs,,False
จับผิดซึ่งกันและกัน,1,1,ttrs,VERB,False
จับได้,1,1,th_sl,,False
จาการ์ตา,1,1,th_sl,,False
จาตุรนต์ ฉายแสง,1,1,th_sl,SUBJ,False
จานผสมสี,1,1,ttrs,,False
จานรองถ้วย,1,1,ttrs,,False
จานร่อน,1,1,ttrs,OBJ,False
จานเบรก,1,1,th_sl,,False
จารีตประเพณี (ภาษามือโรงเรียนเศรษฐเสถียรในพระราชูปถัมภ์),1,1,ttrs,,False
จาเมกา,1,1,th_sl,,False
จาไมก้า,1,1,th_sl,PLACE,False
จำ,1,1,th_sl,,True
จำ (ภาษามือโรงเรียนเศรษฐเสถียรในพระราชูปถัมภ์),1,1,ttrs,VERB,False
จำกัด,1,1,th_sl,,False
จำกัดจำนวน,1,1,ttrs,,False
จำกัดเวลา (ปี),1,1,ttrs,,False
จำคนผิด,1,1,ttrs,,False
จำนวน (ภาษามือโรงเรียนเศรษฐเสถียรในพระราชูปถัมภ์),1,1,ttrs,OBJ,False
จำนวนคี่ (ภาษามือโรงเรียนเศรษฐเสถียรในพระราชูปถัมภ์),1,1,ttrs,OBJ,False
จำนวนคู่ (ภาษามือโรงเรียนเศรษฐเสถียรในพระราชูปถัมภ์),1,1,ttrs,OBJ,False
จำนวนนับ (ภาษามือโรงเรียนเศรษฐเสถียรในพระราชูปถัมภ์),1,1,ttrs,OBJ,False
จำนวนเฉพาะ (ภาษามือโรงเรียนเศรษฐเสถียรในพระราชูปถัมภ์),1,1,ttrs,OBJ,False
จำนวนเต็ม (ภาษามือโรงเรียนเศรษฐเสถียรในพระราชูปถัมภ์),1,1,ttrs,OBJ,False
จำนวนเต็มบวก (ภาษามือโรงเรียนเศรษฐเสถียรในพระราชูปถัมภ์),1,1,ttrs,OBJ,False
จำนวนเต็มลบ (ภาษามือโรงเรียนเศรษฐเสถียรในพระราชูปถัมภ์),1,1,ttrs,OBJ,False
จำลอง,1,1,th_sl,,False
จำหน่าย,1,1,agent,,False
จำแนก,1,1,ttrs,VERB,False
จิตรกร,1,1,th_sl,,False
จิตสาธารณะ (ภาษามือโรงเรียนเศรษฐเสถียรในพระราชูปถัมภ์),1,1,ttrs,OBJ,False
จิตใจดี,1,1,ttrs,,False
จินตนาการ (ภาษามือโรงเรียนเศรษฐเสถียรในพระราชูปถัมภ์),1,1,ttrs,OBJ,False
จินตนาการเกินความจริง,1,1,ttrs,,False
จิรัฏฐ์ ทองสุวรรณ์,1,1,th_sl,SUBJ,False
จิราพร สินธุไพร,1,1,th_sl,SUBJ,False
จิ๊ด,1,1,th_sl,,False
จีพีเอส (ภาษามือโรงเรียนเศรษฐเสถียรในพระราชูปถัมภ์),1,1,ttrs,OBJ,False
จีรพันธ์ เพชรขาว,1,1,th_sl,,False
จีเอ็มเอ็ม แกรมมี่,1,1,th_sl,,False
จี้ห้อยคอ,1,1,ttrs,,False
จี๊ป,1,1,th_sl,,False
จุ,1,1,th_sl,VERB,False
จุกนม,1,1,th_sl,,False
จุกไม้ก๊อก,1,1,ttrs,,False
จุดกึ่งกลางสนาม,1,1,th_sl,,False
จุดชมวิว1715,1,1,th_sl,PLACE,False
จุดตรวจแบบไดร์ฟทรู (Drive Thru Test),1,1,ttrs,,False
จุดทศนิยมซ้ำ (ภาษามือโรงเรียนเศรษฐเสถียรในพระราชูปถัมภ์),1,1,ttrs,OBJ,False
จุดบนร่างกาย,1,1,ttrs,OBJ,False
จุดประสงค์,1,1,th_sl,,False
จุดหลอมเหลว (ภาษามือโรงเรียนเศรษฐเสถียรในพระราชูปถัมภ์),1,1,ttrs,OBJ,False
จุดอ่อน,1,1,th_sl,,False
จุดเดือด (ภาษามือโรงเรียนเศรษฐเสถียรในพระราชูปถัมภ์),1,1,ttrs,OBJ,False
จุดเยือกแข็ง (ภาษามือโรงเรียนเศรษฐเสถียรในพระราชูปถัมภ์),1,1,ttrs,OBJ,False
จุดแข็ง,1,1,th_sl,,False
จุดโทษ,1,1,th_sl,,False
จุดไข่ปลา (ภาษามือโรงเรียนเศรษฐเสถียรในพระราชูปถัมภ์),1,1,ttrs,OBJ,False
จุติ ไกรฤกษ์,1,1,th_sl,SUBJ,False
จุน,1,1,th_sl,PLACE,False
จุบจิบ,1,1,th_sl,,False
จุรินทร์ ลักษณวิศิษฏ์,1,1,th_sl,,False
จุลพันธ์ อมรวิวัฒน์,1,1,th_sl,SUBJ,False
จุลภา (ภาษามือโรงเรียนเศรษฐเสถียรในพระราชูปถัมภ์),1,1,ttrs,OBJ,False
จุฬา,1,1,agent,,False
จุฬาลงกรณ์ - โรงพยาบาลจุฬาลงกรณ์,1,1,th_sl,PLACE,False
จุ่ม,1,1,ttrs,,False
จูงจมูก,1,1,ttrs,,False
จูงใจ,1,1,th_sl,,False
จูบที่แก้ม,1,1,ttrs,,False
จู๋,1,1,th_sl,,False
จ่ายสินบน,1,1,ttrs,,False
จ่ายสินบนก้อนโต,1,1,ttrs,,False
จ้องมอง,1,1,ttrs,,False
จ้องมองดูพร้อม ๆ กัน,1,1,ttrs,,False
ฉ ฉิ่ง,1,1,th_sl,,False
ฉงชิ่ง,1,1,th_sl,,False
ฉบับปัจจุบัน (ภาษามือโรงเรียนเศรษฐเสถียรในพระราชูปถัมภ์),1,1,ttrs,OBJ,False
ฉลอง,1,1,th_sl,VERB,False
ฉลองปีใหม่,1,1,th_sl,,False
ฉลาดมาก,1,1,th_sl,,False
ฉลาดแกมโกง,1,1,ttrs,,False
ฉลู,1,1,th_sl,,False
ฉะเชิงเทรา,1,1,th_sl,PLACE,False
ฉัตร,1,1,th_sl,,False
ฉัน (ภาษามือโรงเรียนเศรษฐเสถียรในพระราชูปถัมภ์),1,1,ttrs,SUBJ,False
ฉันชนะการแข่งขัน,1,1,ttrs,VERB,False
ฉันตัวใหญ่ (เมื่อเทียบกับเธอ),1,1,ttrs,,False
ฉันทลักษณ์ (ภาษามือโรงเรียนเศรษฐเสถียรในพระราชูปถัมภ์),1,1,ttrs,OBJ,False
ฉาก,1,1,th_sl,,False
ฉากกั้นหนังสือ,1,1,ttrs,,False
ฉีก,1,1,th_sl,VERB,False
ฉุกเฉิน,1,1,th_sl,,False
ช ช้าง,1,1,th_sl,,False
ชก,1,1,th_sl,,False
ชกมวย,1,1,ttrs,,False
ชนบท,1,1,th_sl,OBJ,False
ชนบท (ภาษามือโรงเรียนเศรษฐเสถียรในพระราชูปถัมภ์),1,1,ttrs,OBJ,False
ชนประสานงา,1,1,th_sl,,False
ชนเผ่า (ภาษามือโรงเรียนเศรษฐเสถียรในพระราชูปถัมภ์),1,1,ttrs,OBJ,False
ชนแดน,1,1,th_sl,PLACE,False
ชมพู,1,1,th_sl,,False
ชมพูทวีป (ภาษามือโรงเรียนเศรษฐเสถียรในพระราชูปถัมภ์),1,1,ttrs,OBJ,False
ชมพู่มะเหมี่ยว,1,1,th_sl,OBJ,False
ชมพู่แดง,1,1,ttrs,,False
ชมรม,1,1,th_sl,OBJ,False
ชมรมคนหูหนวกจังหวัดกระบี่,1,1,th_sl,,False
ชมรมคนหูหนวกจังหวัดกาญจนบุรี,1,1,th_sl,,False
ชมรมคนหูหนวกจังหวัดกาฬสินธุ์,1,1,th_sl,,False
ชมรมคนหูหนวกจังหวัดขอนแก่น,1,1,th_sl,,False
ชมรมคนหูหนวกจังหวัดจันทบุรี,1,1,th_sl,,False
ชมรมคนหูหนวกจังหวัดฉะเชิงเทรา,1,1,th_sl,,False
ชมรมคนหูหนวกจังหวัดชัยนาท,1,1,th_sl,,False
ชมรมคนหูหนวกจังหวัดชัยภูมิ,1,1,th_sl,,False
ชมรมคนหูหนวกจังหวัดชุมพร,1,1,th_sl,,False
ชมรมคนหูหนวกจังหวัดตรัง,1,1,th_sl,,False
ชมรมคนหูหนวกจังหวัดตราด,1,1,th_sl,,False
ชมรมคนหูหนวกจังหวัดนครนายก,1,1,th_sl,,False
ชมรมคนหูหนวกจังหวัดนครปฐม,1,1,th_sl,,False
ชมรมคนหูหนวกจังหวัดนครราชสีมา,1,1,th_sl,,False
ชมรมคนหูหนวกจังหวัดนครศรีธรรมราช,1,1,th_sl,,False
ชมรมคนหูหนวกจังหวัดนนทบุรี,1,1,th_sl,,False
ชมรมคนหูหนวกจังหวัดนราธิวาส,1,1,th_sl,,False
ชมรมคนหูหนวกจังหวัดบึงกาฬ,1,1,th_sl,,False
ชมรมคนหูหนวกจังหวัดประจวบคีรีขันธ์,1,1,th_sl,OBJ,False
ชมรมคนหูหนวกจังหวัดปราจีนบุรี,1,1,th_sl,OBJ,False
ชมรมคนหูหนวกจังหวัดปัตตานี,1,1,th_sl,,False
ชมรมคนหูหนวกจังหวัดพังงา,1,1,th_sl,,False
ชมรมคนหูหนวกจังหวัดพัทลุง,1,1,th_sl,,False
ชมรมคนหูหนวกจังหวัดภูเก็ต,1,1,th_sl,,False
ชมรมคนหูหนวกจังหวัดมหาสารคาม,1,1,th_sl,,False
ชมรมคนหูหนวกจังหวัดมุกดาหาร,1,1,th_sl,,False
ชมรมคนหูหนวกจังหวัดยะลา,1,1,th_sl,,False
ชมรมคนหูหนวกจังหวัดยโสธร,1,1,th_sl,,False
ชมรมคนหูหนวกจังหวัดระนอง,1,1,th_sl,,False
ชมรมคนหูหนวกจังหวัดร้อยเอ็ด,1,1,th_sl,,False
ชมรมคนหูหนวกจังหวัดลำปาง,1,1,th_sl,,False
ชมรมคนหูหนวกจังหวัดลำพูน,1,1,th_sl,,False
ชมรมคนหูหนวกจังหวัดสกลนคร,1,1,th_sl,,False
ชมรมคนหูหนวกจังหวัดสุโขทัย,1,1,th_sl,,False
ชมรมคนหูหนวกจังหวัดหนองคาย,1,1,th_sl,,False
ชมรมคนหูหนวกจังหวัดหนองบัวลำภู,1,1,th_sl,,False
ชมรมคนหูหนวกจังหวัดอำนาจเจริญ,1,1,th_sl,,False
ชมรมคนหูหนวกจังหวัดอุดรธานี,1,1,th_sl,,False
ชมรมคนหูหนวกจังหวัดอุตรดิตถ์,1,1,th_sl,,False
ชมรมคนหูหนวกจังหวัดอุทัยธานี,1,1,th_sl,,False
ชมรมคนหูหนวกจังหวัดอุบลราชธานี,1,1,th_sl,,False
ชมรมคนหูหนวกจังหวัดเลย,1,1,th_sl,,False
ชมรมครูผู้สอนภาษามือไทยแห่งประเทศไทย,1,1,th_sl,,False
ชมรมผู้สูงอายุหูหนวกแห่งประเทศไทย,1,1,th_sl,,False
ชมรมล่ามภาษามือหูหนวกแห่งประเทศไทย,1,1,th_sl,,False
ชมรมเยาวชนคนหูหนวกไทย,1,1,th_sl,,False
ชรา (แก่),1,1,ttrs,,False
ชลน่าน ศรีแก้ว,1,1,th_sl,,False
ชลบุรี,1,1,th_sl,PLACE,False
ชลบุรี เอฟซี,1,1,th_sl,,False
ชวด,1,1,th_sl,,False
ชวน หลีกภัย,1,1,th_sl,,False
ชอบเข้าสังคม,1,1,ttrs,,False
ชอล์ก,1,1,ttrs,OBJ,False
ชะอม,1,1,th_sl,,False
ชะอม (ภาษามือโรงเรียนเศรษฐเสถียรในพระราชูปถัมภ์),1,1,ttrs,,False
ชักดาบ,1,1,th_sl,,False
ชักว่าว,1,1,th_sl,,False
ชัชชาติ สิทธิพันธุ์,1,1,th_sl,,False
ชัดเจน (ภาษามือวิทยาลัยราชสุดา),1,1,ttrs,ADJ,False
ชัดเจน (ภาษามือโรงเรียนเศรษฐเสถียรในพระราชูปถัมภ์),1,1,ttrs,ADJ,False
ชันสูตร,1,1,th_sl,,False
ชัยธวัช ตุลาธน,1,1,th_sl,SUBJ,False
ชัยนาท,1,1,th_sl,PLACE,False
ชัยเกษม นิติศิริ,1,1,th_sl,SUBJ,False
ชั่วคราว,1,1,th_sl,,False
ชั่วอย่างมหันต์,1,1,th_sl,,False
ชั้นวางของ,1,1,ttrs,,False
ชั้นวางรองเท้า,1,1,th_sl,,False
ชั้นหิน (ภาษามือโรงเรียนเศรษฐเสถียรในพระราชูปถัมภ์),1,1,ttrs,OBJ,False
ชั้้นบน,1,1,th_sl,,False
ชาดา ไทยเศรษฐ์,1,1,th_sl,,False
ชาดำ,1,1,th_sl,,False
ชาติตระการ,1,1,th_sl,PLACE,False
ชาถุง,1,1,ttrs,,False
ชามผสมอาหาร,1,1,ttrs,,False
ชามอาหาร,1,1,ttrs,OBJ,False
ชามเล็ก,1,1,ttrs,,False
ชามแต่ง,1,1,th_sl,,False
ชาร์จมือถือ,1,1,th_sl,,False
ชาร์จไฟฟ้า,1,1,th_sl,,False
ชาวกะเหรี่ยง,1,1,th_sl,,False
ชาวประมง,1,1,ttrs,,False
ชาวม้ง,1,1,th_sl,,False
ชาวสวน,1,1,ttrs,,False
ชาวเขา,1,1,ttrs,,False
ชาวเขาเผ่าม้ง,1,1,ttrs,,False
ชาเขียวนม,1,1,th_sl,,False
ชาไทย,1,1,th_sl,,False
ชิกะ,1,1,th_sl,,False
ชิงเต่า,1,1,th_sl,,False
ชิงแชมป์โลก,1,1,th_sl,,False
ชิซูโอกะ,1,1,th_sl,,False
ชิดลม,1,1,th_sl,,False
ชิน,1,1,th_sl,VERB,False
ชิบะ,1,1,th_sl,,False
ชิม,1,1,ttrs,,False
ชิมาเนะ,1,1,th_sl,,False
ชิล,1,1,th_sl,,False
ชิลี,1,1,th_sl,PLACE,False
ชีพจร,1,1,ttrs,,False
ชีวประวัติ (ภาษามือโรงเรียนเศรษฐเสถียรในพระราชูปถัมภ์),1,1,ttrs,OBJ,False
ชีวิตประจำวัน (ภาษามือโรงเรียนเศรษฐเสถียรในพระราชูปถัมภ์),1,1,ttrs,OBJ,False
ชีส,1,1,th_sl,,False
ชีอิน,1,1,th_sl,,False
ชีเปลือย (ภาษามือโรงเรียนเศรษฐเสถียรในพระราชูปถัมภ์),1,1,ttrs,OBJ,False
ชี้,1,1,agent,,False
ชี้แจง,1,1,th_sl,,False
ชื่นชม,1,1,th_sl,VERB,False
ชื่นใจ,1,1,th_sl,,False
ชื่อ-นามสกุล,1,1,th_sl,GREET,False
ชื่อสะกดนิ้วมือ,1,1,th_sl,GREET,False
ชื่อสะกดนิ้วมืออักษรไทย,1,1,ttrs,OBJ,False
ชื่อหนังสือ,1,1,ttrs,,False
ชื่อเสียงโด่งดัง,1,1,ttrs,,False
ชุดข้อเหวี่ยง,1,1,th_sl,,False
ชุดคลุมท้อง,1,1,ttrs,,False
ชุดคาราเต้,1,1,ttrs,OBJ,False
ชุดชั้นใน,1,1,ttrs,,False
ชุดตรวจการตั้งครรภ์,1,1,th_sl,,False
ชุดทักซิโด้,1,1,ttrs,,False
ชุดนอน,1,1,ttrs,,False
ชุดพื้นเมืองภาคเหนือ,1,1,th_sl,,False
ชุดลูกเสือ,1,1,th_sl,,False
ชุดวงเวียน,1,1,th_sl,,False
ชุดว่ายน้ำสองชิ้นผู้หญิง,1,1,ttrs,,False
ชุดสลากกินแบ่งรัฐบาล,1,1,th_sl,,False
ชุดสูท,1,1,ttrs,,False
ชุดหม้อน้ำ,1,1,th_sl,,False
ชุดเครื่องแบบ,1,1,ttrs,,False
ชุดเสื้อกระโปรงติดกัน,1,1,ttrs,,False
ชุดเอี๊ยม,1,1,ttrs,,False
ชุดแต่งงาน,1,1,ttrs,,False
ชุดแบบจำลองของเล่น,1,1,ttrs,OBJ,False
ชุดแปรงแต่งหน้า,1,1,th_sl,,False
ชุดแผ่นเสียง,1,1,ttrs,,False
ชุมชน,1,1,th_sl,OBJ,False
ชุมชน (ภาษามือโรงเรียนเศรษฐเสถียรในพระราชูปถัมภ์),1,1,ttrs,OBJ,False
ชุมชนบ้านยายม่อม,1,1,th_sl,,False
ชุมตาบง,1,1,th_sl,PLACE,False
ชุมนุม,1,1,ttrs,VERB,False
ชุมพร,1,1,th_sl,PLACE,False
ชุมแสง,1,1,th_sl,PLACE,False
ชูวิทย์ กมลวิศิษฏ์,1,1,th_sl,SUBJ,False
ชูศักดิ์ ศิรินิล,1,1,th_sl,SUBJ,False
ชู้,1,1,th_sl,,False
ช็อก,1,1,th_sl,,False
ช็อกโกแลตร้อน,1,1,ttrs,,False
ช่วงค่ำ,1,1,ttrs,,False
ช่วงต่อเวลาพิเศษ,1,1,th_sl,,False
ช่วงบ่าย,1,1,ttrs,,False
ช่วงปิด (ภาษามือโรงเรียนเศรษฐเสถียรในพระราชูปถัมภ์),1,1,ttrs,OBJ,False
ช่วงเช้า,1,1,ttrs,,False
ช่วงเปิด (ภาษามือโรงเรียนเศรษฐเสถียรในพระราชูปถัมภ์),1,1,ttrs,OBJ,False
ช่วงเย็น,1,1,ttrs,,False
ช่วยเหลือ,1,1,th_sl,,False
ช่อง,1,1,th_sl,OBJ,False
ช่องคลอด (ภาษามือโรงเรียนเศรษฐเสถียรในพระราชูปถัมภ์),1,1,ttrs,OBJ,False
ช่องนนทรี,1,1,th_sl,,False
ช่างซ่อมนาฬิกา,1,1,th_sl,SUBJ,False
ช่างซ่อมเครื่องยนต์,1,1,th_sl,SUBJ,False
ช่างตัดผมชาย,1,1,ttrs,,False
ช่างปั้นหม้อ,1,1,ttrs,,False
ช่างพูดช่างคุย,1,1,ttrs,,False
ช่างภาพ,1,1,th_sl,SUBJ,False
ช่างยนต์,1,1,th_sl,,False
ช่างศิลป์,1,1,th_sl,SUBJ,False
ช่างสร้างสรรค์,1,1,ttrs,,False
ช่างสังเกต,1,1,th_sl,,False
ช่างเครื่อง,1,1,ttrs,,False
ช่างแต่งหน้า,1,1,ttrs,,False
ช่างไม่อายเลย,1,1,th_sl,,False
ช้อน (ภาษามือโรงเรียนเศรษฐเสถียรในพระราชูปถัมภ์),1,1,ttrs,OBJ,False
ช้อนชา,1,1,ttrs,,False
ช้อนโต๊ะ,1,1,ttrs,,False
ช้อปติ๊กตอก,1,1,th_sl,,False
ช้อปปิ้ง,1,1,th_sl,OBJ,False
ช้อปปี้,1,1,th_sl,,False
ช้างชนช้าง,1,1,th_sl,VERB,False
ช้างบิน,1,1,th_sl,,False
ซ โซ่,1,1,th_sl,,False
ซน,1,1,th_sl,,False
ซวย,1,1,th_sl,,False
ซองจดหมาย,1,1,th_sl,,False
ซองอั่งเปา,1,1,th_sl,,False
ซองแต่งงาน,1,1,th_sl,,False
ซอสปรุงรสฝาเขียว,1,1,th_sl,,False
ซอสามสาย,1,1,ttrs,OBJ,False
ซออู้,1,1,ttrs,,False
ซัก,1,1,ttrs,,True
ซักผ้า,1,1,th_sl,,False
ซับ,1,1,th_sl,,False
ซับซ้อน,1,1,th_sl,,False
ซัวเถา,1,1,th_sl,,False
ซากะ,1,1,th_sl,,False
ซานตาคลอส,1,1,ttrs,OBJ,False
ซาบีดา ไทยเศรษฐ์,1,1,th_sl,SUBJ,False
ซาร่า,1,1,th_sl,,False
ซาหริ่ม,1,1,th_sl,OBJ,False
ซิซซ์เล่อร์,1,1,th_sl,,False
ซิฟิลิส,1,1,th_sl,,False
ซิมบ้า,1,1,th_sl,,False
ซิลสกรีน,1,1,ttrs,,False
ซิโนฟาร์ม,1,1,th_sl,,False
ซิโนแวค,1,1,th_sl,,False
ซีคอนสแควร์,1,1,ttrs,OBJ,False
ซีอุย แซ่อึ้ง,1,1,th_sl,,False
ซีเรีย,1,1,th_sl,PLACE,False
ซึมเศร้า,1,1,th_sl,,False
ซื่อตรง,1,1,th_sl,VERB,False
ซื่อสัตย์สุจริต,1,1,ttrs,VERB,False
ซื้อขาย,1,1,th_sl,,False
ซื้อเสียง,1,1,th_sl,,False
ซุป,1,1,th_sl,,False
ซุ่มซ่าม,1,1,ttrs,,False
ซุ้มต้นลีลาวดี,1,1,th_sl,PLACE,False
ซูชิ,1,1,th_sl,OBJ,False
ซูซูกิ,1,1,th_sl,,False
ซูเปอร์มาร์เก็ต,1,1,ttrs,,False
ซูเปอร์แมน,1,1,th_sl,OBJ,False
ซ่อมแซม,1,1,ttrs,,False
ฌ เฌอ,1,1,th_sl,,False
ฌาปนกิจ,1,1,th_sl,,False
ญ หญิง,1,1,th_sl,,False
ญาติ (ภาษามือโรงเรียนเศรษฐเสถียรในพระราชูปถัมภ์),1,1,ttrs,OBJ,False
ฎ ชฎา,1,1,th_sl,,False
ฏ ปฏัก,1,1,th_sl,,False
ฐ ฐาน,1,1,th_sl,,False
ฐาน,1,1,ttrs,,False
ฐาน (ภาษามือโรงเรียนเศรษฐเสถียรในพระราชูปถัมภ์),1,1,ttrs,OBJ,False
ฑ นางมณโฑ,1,1,th_sl,,False
ฒ ผู้เฒ่า,1,1,th_sl,,False
ณ สัทธา อุทยานไทย,1,1,th_sl,,False
ณ เณร,1,1,th_sl,,False
ณัฏฐา มหัทธนา,1,1,th_sl,SUBJ,False
ณัฐชา บุญไชยอินสวัสดิ์,1,1,th_sl,SUBJ,False
ณัฐพงษ์ เรืองปัญญาวุฒิ,1,1,th_sl,SUBJ,False
ณัฐพล นาคพาณิชย์,1,1,th_sl,SUBJ,False
ณัฐวุฒิ ใสยเกื้อ,1,1,th_sl,,False
ด เด็ก,1,1,th_sl,,False
ดงเจริญ,1,1,th_sl,PLACE,False
ดนตรี,1,1,th_sl,,False
ดนตรีเร็กเก้,1,1,ttrs,,False
ดนตรีแจ๊ส,1,1,ttrs,,False
ดวง,1,1,th_sl,OBJ,False
ดวงจันทร์,1,1,agent,,False
ดวงจันทร์ (ภาษามือโรงเรียนเศรษฐเสถียรในพระราชูปถัมภ์),1,1,ttrs,OBJ,False
ดวงตา,1,1,agent,,False
ดวงอาทิตย์,1,1,agent,,False
ดวงอาทิตย์-พระอาทิตย์,1,1,ttrs,OBJ,False
ดวงไม่ดี,1,1,ttrs,,False
ดอกกุยช่าย,1,1,ttrs,,False
ดอกคำใต้,1,1,th_sl,PLACE,False
ดอกจัน,1,1,th_sl,,False
ดอกช่อกันภัยมหิดล,1,1,th_sl,,False
ดอกมะลิ,1,1,th_sl,,False
ดอกเบี้ย,1,1,th_sl,,False
ดอกเบี้ย (ธนาคาร),1,1,ttrs,,False
ดอกเหลืองอินเดีย,1,1,th_sl,PLACE,False
ดอกแค (ภาษามือโรงเรียนเศรษฐเสถียรในพระราชูปถัมภ์),1,1,ttrs,,False
ดอกไม้เพลิง,1,1,ttrs,,False
ดอง,1,1,ttrs,,False
ดอนตูม,1,1,th_sl,,False
ดอนหอยหลอด,1,1,th_sl,,False
ดอนเจดีย์,1,1,th_sl,PLACE,False
ดอนเมือง,1,1,th_sl,,False
ดอยช้าง,1,1,th_sl,PLACE,False
ดอยปุย,1,1,th_sl,PLACE,False
ดอยผาผึ้ง,1,1,th_sl,PLACE,False
ดอยผาหมี,1,1,th_sl,PLACE,False
ดอยมะม่วงสามหมื่น,1,1,th_sl,PLACE,False
ดอยสะเก็ด,1,1,th_sl,PLACE,False
ดอยสุเทพ,1,1,th_sl,PLACE,False
ดอยหลวง,1,1,th_sl,PLACE,False
ดอยหลวง ดอยหนอก,1,1,th_sl,PLACE,False
ดอยหล่อ,1,1,th_sl,PLACE,False
ดอยอ่างขาง,1,1,th_sl,PLACE,False
ดอยเขามุ้ง,1,1,th_sl,PLACE,False
ดอยเต่า,1,1,th_sl,PLACE,False
ดอยเสมอดาว,1,1,th_sl,PLACE,False
ดัง,1,1,th_sl,,False
ดับ,1,1,th_sl,,False
ดางหาง,1,1,ttrs,,False
ดารา,1,1,th_sl,,False
ดาราภาพยนตร์,1,1,ttrs,OBJ,False
ดาราศาสตร์,1,1,th_sl,,False
ดาว,1,1,th_sl,,False
ดาวตก,1,1,ttrs,,False
ดาวน์โหลด (Download),1,1,ttrs,,False
ดาวพฤหัสบดี,1,1,ttrs,OBJ,False
ดาวพุธ,1,1,ttrs,OBJ,False
ดาวยูเรนัส,1,1,ttrs,OBJ,False
ดาวฤกษ์,1,1,ttrs,OBJ,False
ดาวศุกร์,1,1,ttrs,OBJ,False
ดาวหาง,1,1,ttrs,OBJ,False
ดาวอังคาร,1,1,ttrs,OBJ,False
ดาวเคราะห์,1,1,ttrs,OBJ,False
ดาวเคราะห์น้อย,1,1,ttrs,,False
ดาวเทียม,1,1,ttrs,OBJ,False
ดาวเทียมสำรวจธรรมชาติ,1,1,ttrs,OBJ,False
ดาวเทียมสื่อสาร (ภาษามือโรงเรียนเศรษฐเสถียรในพระราชูปถัมภ์),1,1,ttrs,OBJ,False
ดาวเทียมอุตุนิยมวิทยา (ภาษามือโรงเรียนเศรษฐเสถียรในพระราชูปถัมภ์),1,1,ttrs,OBJ,False
ดาวเนปจูน,1,1,ttrs,OBJ,False
ดาวเสาร์,1,1,ttrs,OBJ,False
ดาวเหนือ,1,1,ttrs,,False
ดำ,1,1,th_sl,,False
ดำเนินการ,1,1,ttrs,,False
ดิน (ภาษามือโรงเรียนเศรษฐเสถียรในพระราชูปถัมภ์),1,1,ttrs,OBJ,False
ดินพอกหางหมู,1,1,th_sl,,False
ดินสอกด,1,1,ttrs,,False
ดินสอถ่าน,1,1,ttrs,,False
ดินสอสี,1,1,ttrs,,False
ดิบ,1,1,th_sl,,False
ดิสคอร์ด,1,1,th_sl,,False
ดิไอคอนกรุ๊ป,1,1,th_sl,,False
ดิ่งเหว,1,1,th_sl,,False
ดีกว่า,1,1,th_sl,,False
ดีกัน,1,1,ttrs,VERB,False
ดีพอ,1,1,ttrs,,False
ดีเจ,1,1,th_sl,,False
ดีเบต,1,1,th_sl,,False
ดีเยี่ยม,1,1,th_sl,,False
ดีเอ็นเอ (ภาษามือโรงเรียนเศรษฐเสถียรในพระราชูปถัมภ์),1,1,ttrs,OBJ,False
ดีแทค,1,1,th_sl,,False
ดีแทค หรือ บริษัท โทเทิ่ล แอ็คเซ็ส คอมมูนิเคชั่น จำกัด,1,1,th_sl,,False
ดีไซน์เนอร์,1,1,th_sl,,False
ดีไอวาย,1,1,th_sl,PLACE,False
ดี้,1,1,th_sl,,False
ดึก,1,1,th_sl,,False
ดึกดำบรรพ์,1,1,th_sl,,False
ดุ,1,1,th_sl,STATE,False
ดุด่า,1,1,agent,,False
ดุลพินิจโดยมิชอบ,1,1,ttrs,,False
ดุสิต,1,1,th_sl,,False
ดูก่อน,1,1,th_sl,,False
ดูคาติ,1,1,th_sl,,False
ดูดความร้อน (ภาษามือโรงเรียนเศรษฐเสถียรในพระราชูปถัมภ์),1,1,ttrs,VERB,False
ดูดซับ (ภาษามือโรงเรียนเศรษฐเสถียรในพระราชูปถัมภ์),1,1,ttrs,OBJ,False
ดูดนม,1,1,ttrs,,False
ดูดี,1,1,th_sl,,False
ดูภาพยนตร์,1,1,ttrs,,False
ดูหมิ่น,1,1,th_sl,,False
ดูอย่างเพลิดเพลิน,1,1,ttrs,,False
ดูแปลกประหลาด,1,1,ttrs,,False
ดูโทรทัศน์,1,1,ttrs,,False
ดูไบ,1,1,th_sl,,False
ด่วน (ภาษามือวิทยาลัยราชสุดา),1,1,ttrs,ADJ,False
ด่า,1,1,ttrs,,False
ด่านช้าง,1,1,th_sl,PLACE,False
ด่านท่าจอด,1,1,th_sl,,False
ด่านหน้า,1,1,ttrs,,False
ด่านเจดีย์สามองค์,1,1,th_sl,,False
ด้วง,1,1,ttrs,OBJ,False
ด้วย,1,1,th_sl,,True
ด้อย,1,1,th_sl,,False
ด้อยกว่า,1,1,ttrs,,False
ด้านข้าง,1,1,ttrs,,False
ด้านตรงข้ามมุมฉาก,1,1,ttrs,,False
ด้านนอก,1,1,ttrs,,False
ด้านล่าง,1,1,ttrs,,False
ด้านใน,1,1,ttrs,,False
ต เต่า,1,1,th_sl,,False
ตก,1,1,th_sl,VERB,False
ตกขาว,1,1,th_sl,,False
ตกงาน,1,1,ttrs,,False
ตกปลา,1,1,th_sl,,False
ตด,1,1,th_sl,VERB,False
ตบ,1,1,th_sl,VERB,False
ตรง,1,1,th_sl,,False
ตรง (เผชิญหน้าคนอื่นอย่างตรง ๆ),1,1,ttrs,,False
ตรงกลาง,1,1,ttrs,,False
ตรงกัน,1,1,th_sl,VERB,False
ตรงนี้,1,1,th_sl,,False
ตรงเวลา,1,1,ttrs,,False
ตรงไป,1,1,ttrs,OBJ,False
ตรงไปข้างหน้าแล้วเลี้ยวซ้าย,1,1,ttrs,OBJ,False
ตรรกยะ (ภาษามือโรงเรียนเศรษฐเสถียรในพระราชูปถัมภ์),1,1,ttrs,,False
ตรวจ,1,1,th_sl,VERB,False
ตรวจคนเข้าเมือง,1,1,th_sl,,False
ตรวจคำฟ้อง,1,1,ttrs,,False
ตรวจพบเชื้อ,1,1,ttrs,,False
ตรวจรักษา,1,1,ttrs,,False
ตรวจวัดอุณหภูมิ,1,1,ttrs,,False
ตรวจสอบข้อมูล,1,1,ttrs,,False
ตรวจหาเชื้อ HIV,1,1,th_sl,,False
ตรวจหาเชื้อเชิงรุก,1,1,ttrs,,False
ตรอกบ้านจีน,1,1,th_sl,PLACE,False
ตรอน,1,1,th_sl,PLACE,False
ตระกูลภิรมย์ภักดี,1,1,th_sl,,False
ตระหนัก,1,1,ttrs,VERB,False
ตระหนี่,1,1,ttrs,,False
ตรัง,1,1,th_sl,PLACE,False
ตรัสรู้ (ภาษามือโรงเรียนเศรษฐเสถียรในพระราชูปถัมภ์),1,1,ttrs,,False
ตราด,1,1,th_sl,PLACE,False
ตรีนุช เทียนทอง,1,1,th_sl,SUBJ,False
ตรีโกณมิติ (ภาษามือโรงเรียนเศรษฐเสถียรในพระราชูปถัมภ์),1,1,ttrs,OBJ,False
ตลก,1,1,th_sl,VERB,False
ตลอด,1,1,th_sl,VERB,False
ตลอดกาล,1,1,ttrs,,False
ตลอดคืน (ภาษามือโรงเรียนเศรษฐเสถียรในพระราชูปถัมภ์),1,1,ttrs,OBJ,False
ตลอดวัน,1,1,ttrs,ADJ,False
ตลอดวันตลอดคืน,1,1,ttrs,,False
ตลับเมตร (ภาษามือโรงเรียนเศรษฐเสถียรในพระราชูปถัมภ์),1,1,ttrs,OBJ,False
ตลาด (ภาษามือโรงเรียนเศรษฐเสถียรในพระราชูปถัมภ์),1,1,ttrs,,False
ตลาดกลางกุ้ง,1,1,ttrs,,False
ตลาดคำเที่ยง,1,1,th_sl,,False
ตลาดค้าส่งชายแดนบ้านหาดเล็ก,1,1,th_sl,,False
ตลาดชุมชนห้วยเดี่อ,1,1,th_sl,,False
ตลาดซอยไร่รั้ง,1,1,th_sl,,False
ตลาดท่าเสด็จ,1,1,th_sl,,False
ตลาดนกฮูก,1,1,th_sl,,False
ตลาดน้ำดอนหวาย,1,1,th_sl,,False
ตลาดน้ำดำเนินสะดวก (ภาษามือโรงเรียนเศรษฐเสถียรในพระราชูปถัมภ์),1,1,ttrs,,False
ตลาดน้ำท่าคา,1,1,th_sl,,False
ตลาดน้ำอัมพวา,1,1,th_sl,,False
ตลาดน้ำไทรน้อย,1,1,th_sl,,False
ตลาดบางใหญ่,1,1,th_sl,,False
ตลาดพลู,1,1,th_sl,,False
ตลาดมีนบุรี,1,1,th_sl,,False
ตลาดย้อนยุคนครชุม,1,1,th_sl,PLACE,False
ตลาดริมยม,1,1,th_sl,PLACE,False
ตลาดร่มหุบ,1,1,th_sl,,False
ตลาดร้อยปีชุมแสง,1,1,th_sl,PLACE,False
ตลาดสามชุก (ตลาดร้อยปี),1,1,th_sl,,False
ตลาดหัวดง,1,1,th_sl,PLACE,False
ตลาดเจ้าพระยาแลนด์,1,1,th_sl,,False
ตลาดแม่สาย,1,1,th_sl,PLACE,False
ตลาดไทยย้อนยุคบ้านระจัน,1,1,th_sl,,False
ตองสอง,1,1,th_sl,,False
ตองสาม,1,1,th_sl,,False
ตอน,1,1,th_sl,,False
ตอนนี้,1,1,th_sl,VERB,True
ตอนเย็น,1,1,th_sl,TIME,False
ตอบกลับ,1,1,th_sl,VERB,False
ตอบคำถามจากเรื่องที่ดู,1,1,ttrs,VERB,False
ตอแหล,1,1,th_sl,,False
ตะกร้า,1,1,ttrs,,False
ตะกวด,1,1,th_sl,,False
ตะกอน,1,1,ttrs,,False
ตะครุบ,1,1,ttrs,VERB,False
ตะพานหิน,1,1,th_sl,PLACE,False
ตะลิงปลิง,1,1,th_sl,,False
ตะเกียงแอลกอฮอล์,1,1,ttrs,OBJ,False
ตะแกรงร่อน,1,1,ttrs,,False
ตะโกน,1,1,th_sl,VERB,False
ตะโพน,1,1,ttrs,,False
ตะไคร้ (ภาษามือโรงเรียนเศรษฐเสถียรในพระราชูปถัมภ์),1,1,ttrs,,False
ตักน้ำด้วยมือ,1,1,ttrs,VERB,False
ตักบาตร,1,1,th_sl,VERB,False
ตักบาตร (ภาษามือโรงเรียนเศรษฐเสถียรในพระราชูปถัมภ์),1,1,ttrs,,False
ตักบาตรทางเรือ,1,1,th_sl,,False
ตักเตือน,1,1,th_sl,VERB,False
ตัดคอ,1,1,th_sl,,False
ตัดคอ (คน),1,1,ttrs,,False
ตัดต่อ,1,1,th_sl,,False
ตัดผมชาย,1,1,th_sl,,False
ตัดผมหญิง,1,1,th_sl,,False
ตัดสิน,1,1,th_sl,VERB,False
ตัดออก,1,1,ttrs,,False
ตัน,1,1,ttrs,,False
ตับ (ภาษามือโรงเรียนเศรษฐเสถียร),1,1,ttrs,,False
ตับอ่อน (ภาษามือโรงเรียนเศรษฐเสถียร),1,1,ttrs,,False
ตัวขี้วัด,1,1,th_sl,,False
ตัวคูณ (ภาษามือโรงเรียนเศรษฐเสถียรในพระราชูปถัมภ์),1,1,ttrs,OBJ,False
ตัวตั้ง (ภาษามือโรงเรียนเศรษฐเสถียรในพระราชูปถัมภ์),1,1,ttrs,OBJ,False
ตัวต่อไม้,1,1,ttrs,OBJ,False
ตัวถูกละลาย (ภาษามือโรงเรียนเศรษฐเสถียรในพระราชูปถัมภ์),1,1,ttrs,OBJ,False
ตัวทำละลาย (ภาษามือโรงเรียนเศรษฐเสถียรในพระราชูปถัมภ์),1,1,ttrs,OBJ,False
ตัวบรรจงครึ่งบรรทัด (ภาษามือโรงเรียนเศรษฐเสถียรในพระราชูปถัมภ์),1,1,ttrs,OBJ,False
ตัวบรรจงเต็มบรรทัด (ภาษามือโรงเรียนเศรษฐเสถียรในพระราชูปถัมภ์),1,1,ttrs,OBJ,False
ตัวยูนิคอร์น,1,1,ttrs,,False
ตัวหาร (ภาษามือโรงเรียนเศรษฐเสถียรในพระราชูปถัมภ์),1,1,ttrs,OBJ,False
ตัวอย่าง,1,1,th_sl,OBJ,False
ตัวอย่าง (ภาษามือวิทยาลัยราชสุดา),1,1,ttrs,OBJ,False
ตัวอย่าง (ภาษามือโรงเรียนเศรษฐเสถียรในพระราชูปถัมภ์),1,1,ttrs,OBJ,False
ตัวอักษร,1,1,ttrs,,False
ตัวเงินตัวทอง,1,1,th_sl,,False
ตัวโน๊ต,1,1,ttrs,,False
ตั้งค่า,1,1,th_sl,,False
ตั้งแต่,1,1,th_sl,,False
ตั้งแต่ (ภาษามือโรงเรียนเศรษฐเสถียรในพระราชูปถัมภ์),1,1,ttrs,,False
ตั้งใจแน่วแน่,1,1,ttrs,,False
ตั๋ว,1,1,th_sl,,False
ตาก,1,1,th_sl,PLACE,False
ตากผ้า,1,1,th_sl,,False
ตากฟ้า,1,1,th_sl,PLACE,False
ตาข่าย,1,1,ttrs,,False
ตาข่ายสาน,1,1,ttrs,,False
ตาคลี,1,1,th_sl,PLACE,False
ตาค้าง,1,1,ttrs,,False
ตาชั่ง,1,1,agent,,False
ตาทวด,1,1,th_sl,,False
ตาปรือ(ง่วงนอน),1,1,ttrs,,False
ตาผิด,1,1,th_sl,,False
ตาฝาด,1,1,th_sl,,False
ตาพร่า,1,1,ttrs,,False
ตาม,1,1,th_sl,VERB,False
ตามสบาย,1,1,th_sl,,False
ตามสั่ง,1,1,th_sl,VERB,False
ตามเข็มนาฬิกา,1,1,ttrs,,False
ตาราง,1,1,th_sl,OBJ,False
ตารางธาตุ,1,1,ttrs,,False
ตารางเซนติเมตร,1,1,ttrs,,False
ตารางเมตร,1,1,ttrs,,False
ตารางเรียน,1,1,ttrs,OBJ,False
ตาลีบัน,1,1,th_sl,,False
ตาเบลอ,1,1,th_sl,,False
ตาเหลือง,1,1,th_sl,,False
ตาแฉะ,1,1,ttrs,,False
ตำนาน (ภาษามือโรงเรียนเศรษฐเสถียรในพระราชูปถัมภ์),1,1,ttrs,OBJ,False
ตำบล,1,1,th_sl,PLACE,False
ตำบล (ภาษามือโรงเรียนเศรษฐเสถียรในพระราชูปถัมภ์),1,1,ttrs,OBJ,False
ตำบลคลองใหญ่,1,1,th_sl,,False
ตำบลชำราก,1,1,th_sl,,False
ตำบลช้างทูน,1,1,th_sl,,False
ตำบลด่านชุมพล,1,1,th_sl,,False
ตำบลตะกาง,1,1,th_sl,,False
ตำบลทุ่งนนทรีย์,1,1,th_sl,,False
ตำบลท่ากุ่ม,1,1,th_sl,,False
ตำบลท่าพริก,1,1,th_sl,,False
ตำบลท่าโสม,1,1,th_sl,,False
ตำบลนนทรี,1,1,th_sl,,False
ตำบลบางปิด,1,1,th_sl,,False
ตำบลบางพระ,1,1,th_sl,,False
ตำบลบ่อพลอย,1,1,th_sl,,False
ตำบลประณีต,1,1,th_sl,,False
ตำบลวังกะแจะ,1,1,th_sl,,False
ตำบลวังตะเคียน,1,1,th_sl,,False
ตำบลสะตอ,1,1,th_sl,,False
ตำบลหนองคันทรง,1,1,th_sl,,False
ตำบลหนองบอน,1,1,th_sl,,False
ตำบลหนองเสม็ด,1,1,th_sl,,False
ตำบลหนองโสน,1,1,th_sl,,False
ตำบลหาดเล็ก,1,1,th_sl,,False
ตำบลห้วงน้ำขาว,1,1,th_sl,,False
ตำบลห้วยแร้ง,1,1,th_sl,,False
ตำบลอ่าวใหญ่,1,1,th_sl,,False
ตำบลเกาะช้าง,1,1,th_sl,,False
ตำบลเกาะช้างใต้,1,1,th_sl,,False
ตำบลเกาะหมาก,1,1,th_sl,,False
ตำบลเขาสมิง,1,1,th_sl,,False
ตำบลเทพนิมิต,1,1,th_sl,,False
ตำบลเนินทราย,1,1,th_sl,,False
ตำบลแสนตุ้ง,1,1,th_sl,,False
ตำบลแหลมกลัด,1,1,th_sl,,False
ตำบลแหลมงอบ,1,1,th_sl,,False
ตำบลไม้รูด,1,1,th_sl,,False
ตำรา (ภาษามือโรงเรียนเศรษฐเสถียรในพระราชูปถัมภ์),1,1,ttrs,OBJ,False
ตำราอาหาร,1,1,ttrs,,False
ตำลึง,1,1,th_sl,,False
ตำลึง (ภาษามือโรงเรียนเศรษฐเสถียรในพระราชูปถัมภ์),1,1,ttrs,,False
ตำแหน่ง,1,1,th_sl,OBJ,False
ตำแหน่ง (ภาษามือโรงเรียนเศรษฐเสถียรในพระราชูปถัมภ์),1,1,ttrs,OBJ,False
ติด,1,1,th_sl,,False
ติดกับ,1,1,ttrs,,False
ติดคุก,1,1,th_sl,,False
ติดต่อ,1,1,th_sl,VERB,False
ติดลบ,1,1,th_sl,,False
ติดเชื้อจากต่างประเทศ,1,1,ttrs,,False
ติมอร์-เลสเต,1,1,th_sl,PLACE,False
ติ่ง,1,1,th_sl,,False
ติ่มซำ,1,1,th_sl,,False
ติ๊กต็อก TikTok,1,1,th_sl,,False
ติ๊กต๊อก,1,1,th_sl,,False
ตีกัน,1,1,ttrs,,False
ตีน,1,1,th_sl,,False
ตีนไก่,1,1,th_sl,OBJ,False
ตีลังกาเตะ จักรยานอากาศ,1,1,th_sl,,False
ตีสองหน้า,1,1,ttrs,,False
ตึก,1,1,th_sl,PLACE,False
ตึกสิบชั้น,1,1,ttrs,,False
ตึกแถว,1,1,th_sl,PLACE,False
ตึกแถว (ภาษามือโรงเรียนเศรษฐเสถียรในพระราชูปถัมภ์),1,1,ttrs,,False
ตื่นตระหนก,1,1,ttrs,,False
ตุ้มหู,1,1,ttrs,,False
ตุ๊กตาหมี,1,1,ttrs,OBJ,False
ตุ๊กตาหิมะ,1,1,ttrs,OBJ,False
ตุ๊ด,1,1,th_sl,OBJ,False
ตูด,1,1,th_sl,,False
ตูนิเซีย,1,1,th_sl,PLACE,False
ตู้น้ำหยอดเหรียญ,1,1,th_sl,,False
ตู้ปันสุข,1,1,ttrs,,False
ตู้ยา,1,1,ttrs,OBJ,False
ตู้รองเท้า,1,1,th_sl,,False
ตู้หนังสือ,1,1,ttrs,,False
ตู้เก็บของ,1,1,ttrs,OBJ,False
ตู้เก็บบัตรรายการหนังสือ,1,1,ttrs,,False
ต่อมน้ำลา (ภาษามือโรงเรียนเศรษฐเสถียรในพระราชูปถัมภ์),1,1,ttrs,OBJ,False
ต่อมน้ำเหลือง,1,1,th_sl,,False
ต่อย,1,1,th_sl,VERB,False
ต่อรอง,1,1,th_sl,,False
ต่อศักดิ์ สุขวิมล,1,1,th_sl,SUBJ,False
ต่อสู้,1,1,th_sl,VERB,False
ต่อไป,1,1,th_sl,,False
ต่างกัน,1,1,ttrs,,False
ต่างจังหวัด,1,1,th_sl,,False
ต่างหู,1,1,th_sl,,False
ต่างหูแบบหนีบ,1,1,th_sl,,False
ต่างหูแบบเกี่ยว,1,1,th_sl,,False
ต่างๆ,1,1,th_sl,,False
ต่ำกว่า (ภาษามือโรงเรียนเศรษฐเสถียรในพระราชูปถัมภ์),1,1,ttrs,ADJ,False
ต้นคริสต์มาส,1,1,ttrs,OBJ,False
ต้นจามจุรียักษ์,1,1,th_sl,,False
ต้นชมพูภูคา,1,1,th_sl,PLACE,False
ต้นดิกเดียม วัดปรางค์,1,1,th_sl,PLACE,False
ต้นทุน,1,1,th_sl,,False
ต้นสักใหญ่ จ.อุตรดิตถ์,1,1,th_sl,PLACE,False
ต้นหอม (ภาษามือโรงเรียนเศรษฐเสถียรในพระราชูปถัมภ์),1,1,ttrs,,False
ต้นอ้อย,1,1,ttrs,,False
ต้มจนเดือด,1,1,ttrs,,False
ต้มยำ,1,1,th_sl,OBJ,False
ต้มยำปลานิล,1,1,th_sl,,False
ต้อง,1,1,th_sl,VERB,True
ต้องการ,1,1,th_sl,,True
ต้อนรับ,1,1,th_sl,,False
ถ ถุง,1,1,th_sl,,False
ถกเถียงกัน,1,1,th_sl,,False
ถนนคนเดิน,1,1,th_sl,PLACE,False
ถนนคนเดินข่วงเมืองน่าน,1,1,th_sl,PLACE,False
ถนนคนเดินประตูท่าแพ,1,1,th_sl,PLACE,False
ถนนคนเดินพะเยา,1,1,th_sl,PLACE,False
ถนนคนเดินวันศุกร์,1,1,th_sl,,False
ถนนที่คดเคี้ยว,1,1,ttrs,ADJ,False
ถนนนิมมานเหมินท์,1,1,th_sl,,False
ถนนพัฒน์พงศ์,1,1,ttrs,,False
ถนนเพชรบุรีตัดใหม่,1,1,ttrs,,False
ถนนโค้งเลข3,1,1,th_sl,PLACE,False
ถนัดมือขวา,1,1,ttrs,,False
ถนัดมือซ้าย,1,1,ttrs,,False
ถวายสังฆทาน (ภาษามือโรงเรียนเศรษฐเสถียรในพระราชูปถัมภ์),1,1,ttrs,,False
ถอนรากถอนโคน,1,1,th_sl,,False
ถอนเงิน,1,1,ttrs,,False
ถอนเงินบ่อยๆ,1,1,ttrs,VERB,False
ถักโครเชต์,1,1,ttrs,,False
ถักไหมพรม,1,1,ttrs,,False
ถังน้ำ,1,1,ttrs,,False
ถั่วงอก (ภาษามือโรงเรียนเศรษฐเสถียรในพระราชูปถัมภ์),1,1,ttrs,,False
ถั่วทอดลอนศิลป อ.ศรีสำโรง,1,1,th_sl,PLACE,False
ถั่วฝักยาว (ภาษามือโรงเรียนเศรษฐเสถียรในพระราชูปถัมภ์),1,1,ttrs,,False
ถั่วพู (ภาษามือโรงเรียนเศรษฐเสถียรในพระราชูปถัมภ์),1,1,ttrs,,False
ถั่วลันเตา (ภาษามือโรงเรียนเศรษฐเสถียรในพระราชูปถัมภ์),1,1,ttrs,,False
ถั่วแขก,1,1,th_sl,,False
ถั่วแขก (ภาษามือโรงเรียนเศรษฐเสถียรในพระราชูปถัมภ์),1,1,ttrs,,False
ถั่วแระ,1,1,th_sl,,False
ถั่วแระ (ภาษามือโรงเรียนเศรษฐเสถียรในพระราชูปถัมภ์),1,1,ttrs,,False
ถาดทำน้ำแข็ง,1,1,ttrs,,False
ถาวร,1,1,th_sl,,False
ถึง,1,1,th_sl,,False
ถุงกระดาษ,1,1,th_sl,,False
ถุงผ้า,1,1,th_sl,OBJ,False
ถุงมือกันความร้อน,1,1,ttrs,,False
ถุงมือผู้รักษาประตู,1,1,th_sl,,False
ถุงยังชีพ,1,1,ttrs,,False
ถุงยางอนามัยผู้หญิง,1,1,th_sl,,False
ถุงอัณฑะ,1,1,ttrs,OBJ,False
ถุย,1,1,th_sl,,False
ถูก,1,1,th_sl,,True
ถูกจับ,1,1,ttrs,,False
ถูกจำคุก,1,1,ttrs,,False
ถูกจูบ,1,1,th_sl,,False
ถูกด่า,1,1,ttrs,,False
ถูกตา,1,1,ttrs,,False
ถูกส่งลง,1,1,ttrs,,False
ถูกหลายคนจูบที่แก้ม,1,1,ttrs,,False
ถูกหวย,1,1,th_sl,,False
ถูกเจาะจง,1,1,ttrs,ADJ,False
ถูกเรียก,1,1,ttrs,ADJ,False
ถูกแบน,1,1,th_sl,,False
ถูกใจ,1,1,ttrs,,False
ถูบ้าน (ภาษามือวิทยาลัยราชสุดา),1,1,ttrs,VERB,False
ถูผิว,1,1,ttrs,,False
ถูพื้น,1,1,th_sl,,False
ถ่วงดุล (ภาษามือโรงเรียนเศรษฐเสถียรในพระราชูปถัมภ์),1,1,ttrs,VERB,False
ถ่านหิน,1,1,ttrs,,False
ถ่านไฟฉาย,1,1,ttrs,,False
ถ่านไม้ ฟืน,1,1,th_sl,OBJ,False
ถ่ายทอดสด,1,1,th_sl,,False
ถ่ายทอดหรือกระจายข่าว,1,1,ttrs,,False
ถ่ายปัสสาวะ,1,1,th_sl,,False
ถ่ายรูป,1,1,ttrs,,False
ถ้วยตวง,1,1,ttrs,,False
ถ้วยรางวัล,1,1,th_sl,,False
ถ้า,1,1,th_sl,OBJ,True
ถ้ำ,1,1,th_sl,OBJ,False
ถ้ำกระเซ,1,1,th_sl,,False
ถ้ำค้างคาว,1,1,th_sl,,False
ถ้ำดินเพียง,1,1,th_sl,,False
ถ้ำผาเจาะ,1,1,th_sl,,False
ถ้ำพระยานคร,1,1,th_sl,,False
ถ้ำสีฟ้า,1,1,th_sl,PLACE,False
ถ้ำหลวงขุนน้ำนางนอน,1,1,th_sl,PLACE,False
ถ้ำเขาบิน,1,1,th_sl,,False
ถ้ำเขาหลวง,1,1,th_sl,,False
ถ้ำเจ้ารามถ้ำพระราม,1,1,th_sl,PLACE,False
ถ้ำแม่อุสุ,1,1,th_sl,PLACE,False
ท ทหาร,1,1,th_sl,,False
ทตโตริ,1,1,th_sl,,False
ทน,1,1,th_sl,VERB,False
ทนายเดชา,1,1,th_sl,SUBJ,False
ทบทวน,1,1,ttrs,,False
ทบทวนสิทธิ,1,1,ttrs,,False
ทรงกรวย,1,1,ttrs,,False
ทรงกระบอก,1,1,ttrs,,False
ทรงกลม,1,1,ttrs,,False
ทรงชิว,1,1,th_sl,,False
ทรงตื่น,1,1,th_sl,,False
ทรงบำเพ็ญพระราชกุศล - ทำบุญ,1,1,th_sl,,False
ทรงปริซึม,1,1,ttrs,,False
ทรงพระกรุณา,1,1,th_sl,,False
ทรงพระราชดำริ,1,1,th_sl,,False
ทรงพระวิริยะอุตสาหะ,1,1,th_sl,,False
ทรงพระอักษร,1,1,th_sl,,False
ทรงพีระมิด,1,1,ttrs,,False
ทรงยืน,1,1,th_sl,,False
ทรงศักดิ์ ทองศรี,1,1,th_sl,SUBJ,False
ทรงโปรด,1,1,th_sl,,False
ทรงใช้,1,1,th_sl,,False
ทรยศ,1,1,th_sl,VERB,False
ทรัพยากรธรรมชาติ,1,1,ttrs,OBJ,False
ทรัพย์,1,1,th_sl,OBJ,False
ทรัพย์สิน,1,1,th_sl,,False
ทรัพย์สินทางปัญญา,1,1,th_sl,,False
ทรัมเป็ด,1,1,ttrs,,False
ทรัมโบน,1,1,ttrs,,False
ทราบ,1,1,th_sl,VERB,False
ทราย (ภาษามือโรงเรียนเศรษฐเสถียรในพระราชูปถัมภ์),1,1,ttrs,OBJ,False
ทรายทองวัฒนา,1,1,th_sl,PLACE,False
ทรู,1,1,th_sl,,False
ทรู หรือ บริษัท ทรู คอร์ปอเรชั่น,1,1,th_sl,,False
ทรู แบงค็อก ยูไนเต็ด,1,1,th_sl,,False
ทฤษฎี,1,1,th_sl,,False
ทวงหนี้,1,1,th_sl,,False
ทวนเข็มนาฬิกา,1,1,ttrs,,False
ทวารหนัก,1,1,ttrs,OBJ,False
ทวิภาค (ภาษามือโรงเรียนเศรษฐเสถียรในพระราชูปถัมภ์),1,1,ttrs,OBJ,False
ทวี สอดส่อง,1,1,th_sl,SUBJ,False
ทวีคูณ,1,1,th_sl,,False
ทวีป,1,1,th_sl,,False
ทวีป (ภาษามือโรงเรียนเศรษฐเสถียรในพระราชูปถัมภ์),1,1,ttrs,OBJ,False
ทศนิยม (ภาษามือโรงเรียนเศรษฐเสถียรในพระราชูปถัมภ์),1,1,ttrs,OBJ,False
ทศพร เสรีรัตน์,1,1,th_sl,SUBJ,False
ทศวรรษ,1,1,ttrs,,False
ทหารเรือ,1,1,ttrs,OBJ,False
ทอง,1,1,th_sl,,False
ทองหยอด,1,1,th_sl,OBJ,False
ทองหยิบ,1,1,th_sl,OBJ,False
ทองหล่อ,1,1,th_sl,,False
ทองแสนขัน,1,1,th_sl,PLACE,False
ทอดกฐน,1,1,th_sl,VERB,False
ทอดพระเนตร,1,1,th_sl,,False
ทอผ้า,1,1,ttrs,,False
ทอมเกย์,1,1,th_sl,,False
ทอมเกย์ควีน,1,1,th_sl,,False
ทอมเกย์คิง,1,1,th_sl,,False
ทะเยอทะยาน,1,1,ttrs,,False
ทะเลาะวิวาท,1,1,ttrs,,False
ทักษะ (ภาษามือโรงเรียนเศรษฐเสถียรในพระราชูปถัมภ์),1,1,ttrs,OBJ,False
ทักษิณ ชินวัตร,1,1,th_sl,,False
ทันตแพทย์,1,1,ttrs,OBJ,False
ทันที,1,1,th_sl,,False
ทันสมัย,1,1,th_sl,,False
ทับ,1,1,ttrs,VERB,False
ทับคล้อ,1,1,th_sl,PLACE,False
ทับทิม (ภาษามือโรงเรียนเศรษฐเสถียรในพระราชูปถัมภ์),1,1,ttrs,,False
ทัวร์ลง,1,1,th_sl,,False
ทั่วกรุง,1,1,ttrs,,False
ทั่วไป,1,1,th_sl,,False
ทั้งวัน,1,1,th_sl,,False
ทั้งหมด (ภาษามือโรงเรียนเศรษฐเสถียรในพระราชูปถัมภ์),1,1,ttrs,ADJ,False
ทางการ,1,1,th_sl,,False
ทางคดเคี้ยว,1,1,th_sl,,False
ทางชัน,1,1,th_sl,,False
ทางช้างเผือก,1,1,ttrs,,False
ทางช้างเผือก (ภาษามือโรงเรียนเศรษฐเสถียรในพระราชูปถัมภ์),1,1,ttrs,OBJ,False
ทางด่วน m81,1,1,th_sl,,False
ทางตัน,1,1,th_sl,,False
ทางสายกลาง (ภาษามือโรงเรียนเศรษฐเสถียรในพระราชูปถัมภ์),1,1,ttrs,,False
ทางเข้าประตู,1,1,ttrs,OBJ,False
ทางโค้ง,1,1,agent,,False
ทาจิกิสถาน,1,1,th_sl,PLACE,False
ทานอาหารแยกจาก (ภาษามือวิทยาลัยราชสุดา),1,1,ttrs,VERB,False
ทาวน์เมตริก,1,1,th_sl,,False
ทาส,1,1,th_sl,,False
ทาเล็บ,1,1,th_sl,,False
ทำงานว่าง,1,1,th_sl,,False
ทำงานหลายอย่าง,1,1,th_sl,,False
ทำงานอยู่บ้าน (work from home),1,1,ttrs,,False
ทำงานอย่างต่อเนื่อง,1,1,ttrs,,False
ทำงานเดียว,1,1,th_sl,,False
ทำงานไม่ดี,1,1,ttrs,VERB,False
ทำผิดกติกา,1,1,th_sl,,False
ทำลาย,1,1,th_sl,,False
ทำหมัน (ชาย),1,1,ttrs,,False
ทำหมัน (หญิง),1,1,ttrs,,False
ทำเล,1,1,th_sl,,False
ทำแตก,1,1,ttrs,,False
ทำแท้ง,1,1,ttrs,,False
ทำให้ร้อน,1,1,ttrs,,False
ทิชชู่เปียก,1,1,th_sl,OBJ,False
ทิศตะวันตกเฉียงเหนือ,1,1,ttrs,,False
ทิศตะวันตกเฉียงใต้,1,1,ttrs,,False
ทิศตะวันออกเฉียงเหนือ,1,1,ttrs,,False
ทิศตะวันออกเฉียงใต้,1,1,ttrs,,False
ทิศทาง (ภาษามือโรงเรียนเศรษฐเสถียรในพระราชูปถัมภ์),1,1,ttrs,OBJ,False
ทิศทางการหันของฝ่ามือ,1,1,th_sl,,False
ทิ้งอาหารที่เสีย,1,1,ttrs,,False
ทีม,1,1,th_sl,,False
ทีมชาติ,1,1,th_sl,,False
"ทีละตอน, ทีละส่วน",1,1,ttrs,,False
ทีหลัง,1,1,ttrs,ADJ,False
ทีโอที หรือ บริษัท ทีโอที่ จำกัด,1,1,th_sl,,False
ที่ขูด,1,1,ttrs,,False
ที่คว่ำจาน,1,1,ttrs,,False
ที่คั้นน้ำผลไม้,1,1,ttrs,,False
ที่จอดรถ,1,1,th_sl,,False
ที่ตักผง,1,1,ttrs,,False
ที่ตัดเล็บ,1,1,ttrs,,False
ที่ตีไข่,1,1,ttrs,,False
ที่ปรึกษาราชการแผ่นดิน,1,1,ttrs,,False
ที่ปอกเปลือก,1,1,ttrs,,False
ที่ปิดหูกันหนาว,1,1,ttrs,,False
ที่พักอาศัย,1,1,ttrs,,False
"ที่ว่าง, โล่ง",1,1,ttrs,OBJ,False
ที่สุด,1,1,th_sl,,False
ที่อยู่,1,1,th_sl,,False
ที่เปิดกระป๋อง,1,1,ttrs,,False
ที่เปิดขวด,1,1,th_sl,,False
ที่เป่าฟอง,1,1,ttrs,OBJ,False
ที่เย็บกระดาษ,1,1,ttrs,,False
ที่โกยผง,1,1,ttrs,,False
ที่ไหน (ภาษามือโรงเรียนเศรษฐเสถียรในพระราชูปถัมภ์),1,1,ttrs,ADJ,False
ที่่คั่นหนังสือ,1,1,ttrs,,False
ทุกข์,1,1,ttrs,OBJ,False
ทุกจังหวัด,1,1,th_sl,,False
ทุจริตทางการเมือง,1,1,th_sl,VERB,False
ทุน,1,1,th_sl,,False
ทุนสีเทา,1,1,th_sl,VERB,False
ทุบ,1,1,ttrs,,False
ทุเรศ,1,1,th_sl,VERB,False
ทุเรียนหมอนทอง,1,1,th_sl,,False
ทุ่งครุ,1,1,th_sl,,False
ทุ่งช้าง,1,1,th_sl,PLACE,False
ทุ่งดอกปอเทืองไร่ธรรมชัย,1,1,th_sl,PLACE,False
ทุ่งทานตะวัน เขาจีนแล,1,1,th_sl,,False
ทุ่งทานตะวันเป๋าตุงฟาร์ม,1,1,th_sl,PLACE,False
ทุ่งนา,1,1,agent,,False
ทุ่งบัวแดง กว๊านพะเยา,1,1,th_sl,PLACE,False
ทุ่งหัวช้าง,1,1,th_sl,PLACE,False
ทุ่งหินเทิน,1,1,th_sl,PLACE,False
ทุ่งเสลี่ยม,1,1,th_sl,PLACE,False
ทุ่มเท,1,1,th_sl,,False
ทูต,1,1,th_sl,,False
ทูลกระหม่อมหญิงอุบลรัตนราชกัญญา สิริวัฒนาพรรณวดี,1,1,th_sl,,False
ท่อดัง,1,1,th_sl,,False
ท่อไอเสีย,1,1,th_sl,,False
ท่ากบ,1,1,th_sl,,False
ท่ากรรเชียง,1,1,th_sl,,False
ท่าตะโก,1,1,th_sl,PLACE,False
ท่าปลา,1,1,th_sl,PLACE,False
ท่าพระ,1,1,th_sl,,False
ท่าฟรีสไตล์,1,1,th_sl,,False
ท่ามกลาง,1,1,ttrs,,False
ท่ามือ,1,1,th_sl,,False
ท่าวังผา,1,1,th_sl,PLACE,False
ท่าสองยาง,1,1,th_sl,PLACE,False
ท่าอากาศยาน,1,1,ttrs,,False
ท่าเรือเฟอรี่เกาะช้าง อ่าวธรรมชาติ,1,1,th_sl,,False
ท่าเรือเฟอรี่เกาะช้าง เซนเตอร์พ้อยต์,1,1,th_sl,,False
ท้องผูก,1,1,th_sl,,False
ท้องฟ้าจำลอง,1,1,ttrs,,False
ท้องฟ้ามืดลงเรื่อย ๆ,1,1,ttrs,,False
ท้องฟ้าสว่างขึ้นเรื่อย ๆ,1,1,ttrs,,False
ท้องร่วง,1,1,th_sl,,False
ท้องเสีย,1,1,th_sl,,False
ท้อใจ,1,1,th_sl,,False
ท้าคนอื่นสองคน,1,1,ttrs,VERB,False
ธ ธง,1,1,th_sl,,False
ธง,1,1,th_sl,OBJ,False
ธงชาติ,1,1,ttrs,,False
ธนกร วังบุญคงชนะ,1,1,th_sl,SUBJ,False
ธนบัตร,1,1,th_sl,,False
ธนบัตร (ภาษามือวิทยาลัยราชสุดา),1,1,ttrs,OBJ,False
ธนบุรี,1,1,th_sl,,False
ธนาคารทีทีบี,1,1,th_sl,OBJ,False
ธนาคารยูโอบี,1,1,th_sl,,False
ธนาคารอาคารสงเคราะห์,1,1,th_sl,,False
ธนาคารอิสลาม,1,1,th_sl,,False
ธนาคารเพื่อการเกษตรและสหกรณ์การเกษตร (ธ.ก.ส.),1,1,ttrs,,False
ธนาคารเอเซีย,1,1,th_sl,PLACE,False
ธนาคารไทยพาณิชย์,1,1,ttrs,OBJ,False
ธนาธร จึงรุ่งเรืองกิจ,1,1,th_sl,SUBJ,False
ธนู,1,1,th_sl,,False
ธรณีวิทยา (ภาษามือโรงเรียนเศรษฐเสถียรในพระราชูปถัมภ์),1,1,ttrs,OBJ,False
ธรรมจักร (ภาษามือโรงเรียนเศรษฐเสถียรในพระราชูปถัมภ์),1,1,ttrs,,False
ธรรมดา (ภาษามือโรงเรียนเศรษฐเสถียรในพระราชูปถัมภ์),1,1,ttrs,OBJ,False
ธรรมนัส พรหมเผ่า,1,1,th_sl,SUBJ,False
ธรรมศาสตร์ สแดลเลี่ยน,1,1,th_sl,,False
ธรรมะ,1,1,th_sl,,False
ธีม,1,1,th_sl,,False
ธีรรัตน์ สำเร็จวาณิชย์,1,1,th_sl,SUBJ,False
ธุรกิจบัณฑิตย์ - มหาวิทยาลัยธุรกิจบัณฑิตย์,1,1,th_sl,PLACE,False
ธุระ,1,1,th_sl,OBJ,False
น หนู,1,1,th_sl,,False
น.ต.ศิธา ทิวารี,1,1,th_sl,SUBJ,False
น.อ.อนุดิษฐ์ นาครทรรพ,1,1,th_sl,SUBJ,False
นกกระจอกบ้าน,1,1,th_sl,,False
นกกระจอกใหญ่,1,1,th_sl,,False
นกกระจาบทอง,1,1,th_sl,,False
นกกระติ๊ดขี้หมู,1,1,th_sl,,False
นกกระปูดใหญ่,1,1,th_sl,,False
นกกระแตแต้แว้ด,1,1,th_sl,,False
นกกวัก,1,1,th_sl,,False
นกกะรางหัวขวาน,1,1,th_sl,,False
นกกางเขนบ้าน,1,1,th_sl,,False
นกกาน้ำเล็ก,1,1,th_sl,,False
นกกาเหว่า,1,1,th_sl,,False
นกกิ้งโครงคอดำ,1,1,th_sl,,False
นกขมิ้นท้ายทอยดำ,1,1,th_sl,,False
นกขมิ้นน้อยธรรมดา,1,1,th_sl,,False
นกขมิ้นน้อยปีกสีเรียบ,1,1,th_sl,,False
นกขมิ้นน้อยสีเขียว,1,1,th_sl,,False
นกจาบคาหัวเขียว,1,1,th_sl,,False
นกจาบคาเล็ก,1,1,th_sl,,False
นกตะขาบทุ่ง,1,1,th_sl,,False
นกตีทอง,1,1,th_sl,,False
นกตีนเทียน,1,1,th_sl,,False
นกปรอดสวน,1,1,th_sl,,False
นกปรอดหน้านวล,1,1,th_sl,,False
นกปรอดหัวโขน,1,1,th_sl,,False
นกปากห่าง,1,1,th_sl,,False
นกพญาไฟเล็ก,1,1,th_sl,,False
นกพิราบป่า,1,1,th_sl,,False
นกยางกรอก,1,1,th_sl,,False
นกยางควาย,1,1,th_sl,,False
นกยางเปีย,1,1,th_sl,,False
นกยางโทนน้อย,1,1,th_sl,,False
นกยางโทนใหญ่,1,1,th_sl,,False
นกสีชมพูสวน,1,1,th_sl,,False
นกหงส์หยก,1,1,ttrs,OBJ,False
นกหวีดหมดเวลา,1,1,th_sl,,False
นกอินทรี,1,1,ttrs,OBJ,False
นกอีเสือสีน้ำตาล,1,1,th_sl,,False
นกอีแพรดแถบอกดำ,1,1,th_sl,,False
นกเค้าจุด,1,1,th_sl,,False
นกเอี้ยงด่าง,1,1,th_sl,,False
นกเอี้ยงสาลิกา,1,1,th_sl,,False
นกเอี้ยงหงอน,1,1,th_sl,,False
นกแซงหางปลา,1,1,th_sl,,False
นกแซงแซวสีเทา,1,1,th_sl,,False
นกแซงแซวหางบ่วงเล็ก,1,1,th_sl,,False
นกแซงแซวหางบ่วงใหญ่,1,1,th_sl,,False
นครนายก,1,1,th_sl,PLACE,False
นครราชสีมา เอฟซี,1,1,th_sl,,False
นครศรีธรรมราช,1,1,th_sl,PLACE,False
นครไทย,1,1,th_sl,PLACE,False
นนทบุรี,1,1,th_sl,PLACE,False
นนทบุรี เอฟซี,1,1,th_sl,,False
นภินทร ศรีสรรพางค์,1,1,th_sl,SUBJ,False
นมข้น,1,1,ttrs,,False
นมชมพู,1,1,th_sl,OBJ,False
นมถั่วเหลือง,1,1,ttrs,,False
นมปังกรอบ,1,1,th_sl,,False
นมปั่น,1,1,ttrs,,False
นมสด,1,1,th_sl,,False
นมไขมันต่ำ,1,1,ttrs,,False
นรก,1,1,th_sl,OBJ,False
นราธิวาส,1,1,th_sl,PLACE,False
นราพัฒน์ แก้วทอง,1,1,th_sl,SUBJ,False
นฤมล ภิญโญสินวัฒน์,1,1,th_sl,,False
นวนิยาย,1,1,ttrs,,False
นวลพรรณ ล่ำซำ,1,1,th_sl,,False
นอกใจ,1,1,th_sl,,False
นอน,1,1,ttrs,,True
นอนไบนารี่,1,1,th_sl,,False
นอนไม่หลับ,1,1,ttrs,,False
นักการทูต,1,1,ttrs,OBJ,False
นักกีฬา,1,1,ttrs,,False
นักจัดรายการวิทยุ,1,1,ttrs,,False
นักดาราศาสตร์,1,1,ttrs,OBJ,False
นักธุรกิจ,1,1,ttrs,OBJ,False
นักธุรกิจหญิง,1,1,ttrs,,False
นักบินอวกาศ,1,1,ttrs,OBJ,False
นักบุญ,1,1,ttrs,OBJ,False
นักประดิษฐ์,1,1,ttrs,,False
นักประพันธ์,1,1,ttrs,,False
นักปีน,1,1,th_sl,,False
นักพากย์บอล,1,1,th_sl,,False
นักวิทยาศาสตร์,1,1,ttrs,OBJ,False
นักศึกษา,1,1,th_sl,OBJ,False
นักสืบ,1,1,ttrs,OBJ,False
นักออกแบบ,1,1,ttrs,OBJ,False
"นักออกแบบ, สถาปนิก",1,1,ttrs,,False
นักเขียน,1,1,th_sl,,False
นักเขียนการ์ตูน,1,1,ttrs,,False
นักเขียนข่าวผู้หญิง,1,1,ttrs,,False
นักเขียนโปรแกรมคอมพิวเตอร์,1,1,ttrs,OBJ,False
นักเคมี,1,1,ttrs,OBJ,False
นักเต้น,1,1,ttrs,,False
นักเทศน์,1,1,th_sl,,False
นักเรียนประจำ,1,1,th_sl,,False
นักเรียนไปกลับ,1,1,th_sl,,False
นักเลง,1,1,th_sl,,False
นักแปล,1,1,ttrs,,False
นักแสดง,1,1,th_sl,,False
นักแสดงชาย,1,1,ttrs,,False
นักแสดงผาดโผน,1,1,ttrs,,False
นักแสดงหญิง,1,1,ttrs,,False
นัดหมาย,1,1,ttrs,VERB,False
นับคะแนน,1,1,th_sl,VERB,False
นับจำนวนจากล่างขึ้นบน,1,1,th_sl,,False
นับแต่วันที่รู้,1,1,ttrs,,False
นั่งสมาธิ,1,1,ttrs,OBJ,False
นั่งหมอบ,1,1,ttrs,VERB,False
นั่น,1,1,th_sl,,False
นา,1,1,agent,,False
นากาโน่,1,1,th_sl,,False
นาง,1,1,ttrs,,False
นางผีเสื้อสมุทร (ภาษามือโรงเรียนเศรษฐเสถียรในพระราชูปถัมภ์),1,1,ttrs,OBJ,False
นางฟ้า,1,1,ttrs,,False
นางสาว,1,1,ttrs,,False
นางาซากิ,1,1,th_sl,,False
นางเงือก,1,1,ttrs,,False
นางไม้,1,1,ttrs,,False
นานมาแล้ว,1,1,ttrs,,False
นานา,1,1,th_sl,,False
นานาชาติ,1,1,th_sl,,False
นาน้อย,1,1,th_sl,PLACE,False
นาม,1,1,th_sl,,False
นามธรรม,1,1,th_sl,,False
นามบัตร,1,1,ttrs,OBJ,False
นามสมมติ,1,1,ttrs,,False
นามิเบีย,1,1,th_sl,PLACE,False
นายก,1,1,th_sl,SUBJ,False
นายกรัฐมนตรี (ประยุทธ์ จันโอชา),1,1,ttrs,,False
นายจ้าง,1,1,th_sl,,False
นายทะเบียน,1,1,th_sl,,False
นายธนาคาร,1,1,ttrs,OBJ,False
นายแบบ,1,1,th_sl,,False
นายโชคชัย วิเชียรชัยยะ,1,1,th_sl,SUBJ,False
นารา,1,1,th_sl,,False
นาลา,1,1,th_sl,,False
นาหมื่น,1,1,th_sl,PLACE,False
นาฬิกาจับเวลา,1,1,ttrs,OBJ,False
นาฬิกาทราย,1,1,ttrs,,False
นาฬิกาวิทยุ,1,1,ttrs,,False
นาฬิกาแขวน,1,1,th_sl,OBJ,False
นาฬิกาแขวน (ภาษามือโรงเรียนเศรษฐเสถียรในพระราชูปถัมภ์),1,1,ttrs,OBJ,False
นาฬิกาโรเล็กซ์,1,1,th_sl,,False
นำกลับมาใช้ซ้ำ,1,1,ttrs,,False
นำกลับมาใช้ใหม่,1,1,ttrs,,False
นำเสนอ,1,1,ttrs,VERB,False
นิกร โสมกลาง,1,1,th_sl,SUBJ,False
นิดหน่อย,1,1,ttrs,,False
นิดเดียวเอง,1,1,th_sl,,False
นิตยสาร,1,1,ttrs,,False
นิตยสาร (ภาษามือโรงเรียนเศรษฐเสถียรในพระราชูปถัมภ์),1,1,ttrs,OBJ,False
นิติกรรม,1,1,th_sl,,False
นิติกรรมทางปกครอง,1,1,ttrs,,False
นิติกรรมสัญญา (ภาษามือโรงเรียนเศรษฐเสถียรในพระราชูปถัมภ์),1,1,ttrs,OBJ,False
นิติบัญญัติ (ภาษามือโรงเรียนเศรษฐเสถียรในพระราชูปถัมภ์),1,1,ttrs,OBJ,False
นิติบุคคล,1,1,th_sl,OBJ,False
นิทรรศการ,1,1,ttrs,,False
นิทรรศการ (ภาษามือโรงเรียนเศรษฐเสถียรในพระราชูปถัมภ์),1,1,ttrs,OBJ,False
นิทาน,1,1,th_sl,,False
นิทาน (ภาษามือโรงเรียนเศรษฐเสถียรในพระราชูปถัมภ์),1,1,ttrs,OBJ,False
นิทานคติธรรม (ภาษามือโรงเรียนเศรษฐเสถียรในพระราชูปถัมภ์),1,1,ttrs,OBJ,False
นิทานชาดก (ภาษามือโรงเรียนเศรษฐเสถียรในพระราชูปถัมภ์),1,1,ttrs,OBJ,False
นิทานพื้นบ้าน (ภาษามือโรงเรียนเศรษฐเสถียรในพระราชูปถัมภ์),1,1,ttrs,OBJ,False
นิทานอีสป (ภาษามือโรงเรียนเศรษฐเสถียรในพระราชูปถัมภ์),1,1,ttrs,OBJ,False
นิยาย (ภาษามือโรงเรียนเศรษฐเสถียรในพระราชูปถัมภ์),1,1,ttrs,OBJ,False
นิวตรอน (ภาษามือโรงเรียนเศรษฐเสถียรในพระราชูปถัมภ์),1,1,ttrs,OBJ,False
นิวยอร์ก,1,1,th_sl,,False
นิวเคลียส (ภาษามือโรงเรียนเศรษฐเสถียรในพระราชูปถัมภ์),1,1,ttrs,OBJ,False
นิวโหวตเตอร์,1,1,th_sl,,False
นิสสัน,1,1,th_sl,,False
นิสัย,1,1,th_sl,OBJ,False
นิสัย (ภาษามือโรงเรียนเศรษฐเสถียรในพระราชูปถัมภ์),1,1,ttrs,OBJ,False
นิโรธ (ภาษามือโรงเรียนเศรษฐเสถียรในพระราชูปถัมภ์),1,1,ttrs,VERB,False
นิ่ง,1,1,ttrs,,False
นิ้วหัวแม่มือ,1,1,ttrs,OBJ,False
นิ้วเท้า,1,1,ttrs,OBJ,False
นี่,1,1,th_sl,,False
นี้,1,1,th_sl,OBJ,False
นึ่ง,1,1,ttrs,,False
นุ่งผ้ากระโจมอก,1,1,ttrs,,False
นโยบายการคลัง (ภาษามือโรงเรียนเศรษฐเสถียรในพระราชูปถัมภ์),1,1,ttrs,OBJ,False
นโยบายการเงิน (ภาษามือโรงเรียนเศรษฐเสถียรในพระราชูปถัมภ์),1,1,ttrs,OBJ,False
น่ากลัว ปรบมือ สะกดนิ้วมือไทย (ภาษามือวิทยาลัยราชสุดา),1,1,ttrs,VERB,False
น่าชม,1,1,ttrs,,False
น่าดู,1,1,th_sl,,False
น่ารังเกียจ,1,1,th_sl,VERB,False
น่ารู้,1,1,agent,,False
น้องสะใภ้,1,1,ttrs,OBJ,False
น้องเขย,1,1,ttrs,OBJ,False
น้อย,1,1,th_sl,,True
น้อยกว่าหรือเท่ากับ,1,1,ttrs,,False
น้อยลง,1,1,ttrs,,False
น้อยใจ,1,1,th_sl,STATE,False
น้า (ภาษามือโรงเรียนเศรษฐเสถียรในพระราชูปถัมภ์),1,1,ttrs,OBJ,False
น้ำ (ภาษามือโรงเรียนเศรษฐเสถียรในพระราชูปถัมภ์),1,1,ttrs,OBJ,False
น้ำขิง,1,1,ttrs,,False
น้ำค้าง (ภาษามือโรงเรียนเศรษฐเสถียรในพระราชูปถัมภ์),1,1,ttrs,,False
น้ำค้างแข็ง,1,1,ttrs,,False
น้ำตก (ภาษามือโรงเรียนเศรษฐเสถียรในพระราชูปถัมภ์),1,1,ttrs,,False
น้ำตกก้อหลวง,1,1,th_sl,PLACE,False
น้ำตกคลองพลู,1,1,th_sl,,False
น้ำตกคลองเจ้า,1,1,th_sl,,False
น้ำตกคลองแก้ว,1,1,th_sl,,False
น้ำตกทีลอซู,1,1,th_sl,PLACE,False
น้ำตกธารทอง,1,1,th_sl,,False
น้ำตกธารทิพย์,1,1,th_sl,,False
น้ำตกธารมะยม,1,1,th_sl,,False
น้ำตกนางรอง,1,1,th_sl,,False
น้ำตกปิตุ๊โกร,1,1,th_sl,PLACE,False
น้ำตกวังก้านเหลือง,1,1,th_sl,,False
น้ำตกสายรุ้ง,1,1,th_sl,PLACE,False
น้ำตกหมู,1,1,th_sl,,False
น้ำตกหมู (ภาษามือโรงเรียนเศรษฐเสถียรในพระราชูปถัมภ์),1,1,ttrs,,False
น้ำตกเต่าดำ,1,1,th_sl,PLACE,False
น้ำตกเนื้อ,1,1,th_sl,OBJ,False
น้ำตกแม่พูล,1,1,th_sl,PLACE,False
น้ำตกไทรโยคน้อย(น้ำตกเขาพัง) จังหวัดกาญจนบุรี,1,1,th_sl,,False
น้ำตา,1,1,ttrs,OBJ,False
น้ำตาซึม,1,1,th_sl,,False
น้ำตาลปี๊บ,1,1,ttrs,,False
น้ำตาลแดง,1,1,th_sl,,False
น้ำปาด,1,1,th_sl,PLACE,False
น้ำผลไม้รวม,1,1,ttrs,,False
น้ำผึ้ง,1,1,ttrs,,False
น้ำพริกน้ำย้อย,1,1,th_sl,,False
น้ำพุร้อน,1,1,th_sl,,False
น้ำพุร้อนสันกำแพง,1,1,th_sl,PLACE,False
น้ำมะพร้าว,1,1,ttrs,OBJ,False
น้ำมัน,1,1,ttrs,,False
น้ำมันงา,1,1,ttrs,,False
น้ำมันดีเซล (ภาษามือโรงเรียนเศรษฐเสถียรในพระราชูปถัมภ์),1,1,ttrs,OBJ,False
น้ำมันพืช (ภาษามือโรงเรียนเศรษฐเสถียรในพระราชูปถัมภ์),1,1,ttrs,OBJ,False
น้ำมันมะกอก,1,1,ttrs,,False
น้ำมันหล่อลื่น (ภาษามือโรงเรียนเศรษฐเสถียรในพระราชูปถัมภ์),1,1,ttrs,OBJ,False
น้ำมันเตา (ภาษามือโรงเรียนเศรษฐเสถียรในพระราชูปถัมภ์),1,1,ttrs,OBJ,False
น้ำมันเบนซิน (ภาษามือโรงเรียนเศรษฐเสถียรในพระราชูปถัมภ์),1,1,ttrs,OBJ,False
น้ำมูก,1,1,ttrs,OBJ,False
น้ำยาฆ่าเชื้อ,1,1,ttrs,,False
น้ำยาถนอมผิว,1,1,ttrs,,False
น้ำยาทาสี,1,1,th_sl,,False
น้ำยาทาเล็บ,1,1,ttrs,,False
น้ำยาทำความสะอาด,1,1,ttrs,,False
น้ำยาล้างจาน,1,1,ttrs,,False
น้ำยาหล่อเย็น,1,1,th_sl,,False
น้ำยาเช็ดกระจก,1,1,ttrs,,False
น้ำร้อน,1,1,th_sl,,False
น้ำลายไหล,1,1,th_sl,,False
น้ำลำไย,1,1,ttrs,OBJ,False
"น้ำลึก (ทะเลสาป, ทะเล)",1,1,ttrs,,False
น้ำวน,1,1,ttrs,,False
น้ำสตรอว์เบอร์รี่,1,1,ttrs,,False
น้ำสลัด,1,1,ttrs,,False
น้ำส้ม,1,1,ttrs,,False
น้ำหนัก (ภาษามือโรงเรียนเศรษฐเสถียรในพระราชูปถัมภ์),1,1,ttrs,OBJ,False
น้ำหนักลดลง,1,1,ttrs,,False
น้ำหนักเพิ่มขึ้นอย่างรวดเร็ว,1,1,ttrs,,False
น้ำหนาว,1,1,th_sl,PLACE,False
น้ำหมึก,1,1,ttrs,OBJ,False
น้ำหยด,1,1,ttrs,,False
น้ำหยดจากรอยรั่ว,1,1,ttrs,,False
น้ำหวาน,1,1,ttrs,,False
น้ำองุ่น,1,1,ttrs,,False
น้ำอบไทย,1,1,ttrs,,False
น้ำอสุจิ,1,1,th_sl,,False
น้ำอัดลมรสครีมโซดา,1,1,th_sl,,False
น้ำอัดลมรสสตรอว์เบอร์,1,1,th_sl,,False
น้ำอัดลมรสส้ม,1,1,th_sl,,False
น้ำเกลือ,1,1,th_sl,,False
น้ำเต้า,1,1,th_sl,,False
น้ำเต้า (ภาษามือโรงเรียนเศรษฐเสถียรในพระราชูปถัมภ์),1,1,ttrs,,False
น้ำเต้าหู้,1,1,th_sl,,False
น้ำเปล่า (ภาษามือโรงเรียนเศรษฐเสถียรในพระราชูปถัมภ์),1,1,ttrs,,False
น้ำเย็น,1,1,th_sl,,False
น้ำแกง,1,1,ttrs,,False
น้ำแข็งก้อน,1,1,ttrs,,False
น้ำแข็งบดหยาบ,1,1,th_sl,,False
น้ำแข็งหลอดเล็ก,1,1,th_sl,,False
น้ำแข็งหลอดใหญ่,1,1,th_sl,,False
น้ำแข็งไส,1,1,th_sl,OBJ,False
น้ำแตงโม,1,1,ttrs,OBJ,False
น้ำแร่,1,1,ttrs,,False
น้ำแอปเปิ้ล,1,1,ttrs,,False
บ ใบไม้,1,1,th_sl,,False
บกพร่องทางร่างกาย,1,1,ttrs,,False
บงการ,1,1,th_sl,,False
บด,1,1,ttrs,,False
บทของหนังสือหรืองานเขียน,1,1,ttrs,,False
บทนำ (ภาษามือโรงเรียนเศรษฐเสถียรในพระราชูปถัมภ์),1,1,ttrs,OBJ,False
บรรจุลงโลง,1,1,th_sl,,False
บรรณาธิการ,1,1,ttrs,,False
บรรณารักษ์,1,1,ttrs,,False
บรรทม,1,1,th_sl,,False
บรรทัดฐานทางสังคม (ภาษามือโรงเรียนเศรษฐเสถียรในพระราชูปถัมภ์),1,1,ttrs,OBJ,False
บรรทัดทอง,1,1,th_sl,,False
บรรพตพิสัย,1,1,th_sl,PLACE,False
บรรยากาศ,1,1,th_sl,,False
บรรยายอังกฤษ,1,1,th_sl,,False
บรรยายไทย,1,1,th_sl,,False
บริกรชาย,1,1,ttrs,,False
บริกรหญิง,1,1,ttrs,,False
บริการสาธารณะ,1,1,ttrs,,False
บริษัท,1,1,ttrs,,False
บริสุทธิ์,1,1,th_sl,,False
บริหาร,1,1,th_sl,VERB,False
บลอนด์,1,1,th_sl,,False
บลูทูธ,1,1,th_sl,,False
บลูเวฟ ชลบุรี,1,1,th_sl,,False
บล็อก,1,1,th_sl,,False
บล็อกโคลี (ภาษามือโรงเรียนเศรษฐเสถียรในพระราชูปถัมภ์),1,1,ttrs,,False
บล็อค,1,1,th_sl,,False
บวบเหลี่ยม,1,1,th_sl,,False
บวบเหลี่ยม (ภาษามือโรงเรียนเศรษฐเสถียรในพระราชูปถัมภ์),1,1,ttrs,,False
บวรศักดิ์ อุวรรณโณ,1,1,th_sl,SUBJ,False
บอกปัดข้อเสนอ,1,1,ttrs,VERB,False
บอกลา,1,1,agent,,False
บอดี้การ์ด,1,1,th_sl,,False
บอร์นมัธ,1,1,th_sl,,False
บะหมี่,1,1,th_sl,OBJ,False
บะหมี่ (ภาษามือโรงเรียนเศรษฐเสถียรในพระราชูปถัมภ์),1,1,ttrs,,False
บังกลาเทศ,1,1,th_sl,PLACE,False
บังกะโล,1,1,ttrs,,False
บังคับ,1,1,th_sl,,False
บังเอิญ,1,1,th_sl,OBJ,False
บัญชีพร้อมเพย์,1,1,ttrs,,False
บัญชีม้า,1,1,th_sl,,False
บัญญัติ,1,1,ttrs,,False
บัตร,1,1,th_sl,OBJ,False
บัตรดี,1,1,th_sl,,False
บัตรตอกเวลา,1,1,ttrs,OBJ,False
บัตรทางด่วน,1,1,th_sl,,False
บัตรบุณธรรม,1,1,th_sl,,False
บัตรประกันสังคม,1,1,ttrs,,False
บัตรประจำตัวคนพิการ,1,1,ttrs,,False
บัตรผ่านประตู,1,1,ttrs,,False
บัตรรายการ,1,1,ttrs,,False
บัตรลงคะแนน,1,1,ttrs,OBJ,False
บัตรลงเวลา,1,1,ttrs,OBJ,False
บัตรห้องสมุด,1,1,ttrs,,False
บัตรเครดิต,1,1,th_sl,,False
บัตรเสีย,1,1,th_sl,,False
บันทึกผล,1,1,ttrs,VERB,False
บันไดปีน,1,1,ttrs,,False
บัลลังก์,1,1,ttrs,,False
บัวลอยน้ำขัง,1,1,th_sl,OBJ,False
บาง,1,1,th_sl,,False
บางกระทุ่ม,1,1,th_sl,PLACE,False
บางกอกน้อย,1,1,th_sl,,False
บางขุนเทียน,1,1,th_sl,,False
บางจาก,1,1,th_sl,PLACE,False
บางจาก (ภาษามือโรงเรียนเศรษฐเสถียรในพระราชูปถัมภ์),1,1,ttrs,,False
บางซ่อน,1,1,th_sl,,False
บางที,1,1,th_sl,,False
บางบัว,1,1,th_sl,,False
บางปลาม้า,1,1,th_sl,PLACE,False
บางพลู,1,1,th_sl,,False
บางมด,1,1,th_sl,,False
บางมูลนาก,1,1,th_sl,PLACE,False
บางระกำ,1,1,th_sl,PLACE,False
บางรัก,1,1,th_sl,,False
บางลำพู (ภาษามือโรงเรียนเศรษฐเสถียร),1,1,ttrs,,False
บางเบ้า,1,1,th_sl,,False
บางเลน,1,1,th_sl,PLACE,False
บางและยาวมาก,1,1,ttrs,,False
บางและสั้น,1,1,ttrs,,False
บางไผ่,1,1,th_sl,,False
บาท,1,1,th_sl,,False
บานหน้าต่าง,1,1,ttrs,OBJ,False
บารมี,1,1,th_sl,,False
บาร์โค้ด,1,1,th_sl,,False
บาห์เรน,1,1,th_sl,PLACE,False
บำบัดทุกข์บำรุงสุข,1,1,ttrs,,False
บิงซู,1,1,th_sl,,False
บินรอบโลก,1,1,ttrs,,False
บิ๊กซี (ภาษามือโรงเรียนเศรษฐเสถียร),1,1,ttrs,,False
บิ๊กไบค์,1,1,th_sl,,False
บีกเกอร์ (ภาษามือโรงเรียนเศรษฐเสถียรในพระราชูปถัมภ์),1,1,ttrs,OBJ,False
บีจี ปทุม ยูไนเต็ด,1,1,th_sl,,False
บีบ,1,1,ttrs,,False
บีบผ้า,1,1,th_sl,,False
บึงฉวากเฉลิมพระเกียรติ,1,1,th_sl,PLACE,False
บึงตะเคร็ง,1,1,th_sl,PLACE,False
บึงนาราง,1,1,th_sl,PLACE,False
บึงสามพัน,1,1,th_sl,PLACE,False
บึงสามัคคี,1,1,th_sl,PLACE,False
บุกรุก,1,1,ttrs,,False
บุคคล,1,1,th_sl,SUBJ,False
บุคคลข้ามเพศ,1,1,th_sl,,False
บุคคลที่มีความหลากหลายทางเพศ,1,1,th_sl,,False
บุคคลธรรมดา,1,1,th_sl,OBJ,False
บุคลากรทางการแพทย์,1,1,ttrs,,False
บุคลิกภาพ (ภาษามือโรงเรียนเศรษฐเสถียรในพระราชูปถัมภ์),1,1,ttrs,OBJ,False
บุตร,1,1,th_sl,,False
บุตรบุญธรรม,1,1,ttrs,OBJ,False
บุฟเฟต์,1,1,th_sl,OBJ,False
บุรีรัมย์ ยูไนเต็ด,1,1,th_sl,,False
บูรพา - มหาวิทยาลัยบูรพา,1,1,th_sl,PLACE,False
บูร์กินาฟาโซ,1,1,th_sl,PLACE,False
บู๊ทส์,1,1,th_sl,,False
บ่อน,1,1,ttrs,,False
บ่อน้ำพุร้อนพระร่วง,1,1,th_sl,PLACE,False
บ่อน้ำพุร้อนแม่จอก,1,1,th_sl,,False
บ่อน้ำร้อน,1,1,th_sl,TIME,False
บ่อน้ำสีฟ้า,1,1,th_sl,PLACE,False
บ่อสร้าง เชียงใหม่,1,1,th_sl,PLACE,False
บ่อสิบสอง,1,1,th_sl,PLACE,False
บ่อเกลือ,1,1,th_sl,PLACE,False
บ่อเกลือ โบราณ เกลือภูเขา,1,1,th_sl,PLACE,False
บ่อเหล็กน้ำพี้,1,1,th_sl,PLACE,False
บ่า,1,1,ttrs,OBJ,False
บ้านกระท่อม,1,1,th_sl,,False
บ้านด่านลานหอย,1,1,th_sl,PLACE,False
บ้านทับช้าง,1,1,th_sl,,False
บ้านทุ่งโฮ้ง,1,1,th_sl,,False
บ้านท่าระแนะ,1,1,th_sl,,False
บ้านธิ,1,1,th_sl,PLACE,False
บ้านนาตันจั่น ศรีสัชนาลัย,1,1,th_sl,PLACE,False
บ้านน้ำเชี่ยว,1,1,th_sl,,False
บ้านบังกะโล,1,1,th_sl,,False
บ้านป่าเมี้ยง,1,1,th_sl,PLACE,False
บ้านพักรับรองแขก,1,1,ttrs,,False
บ้านมุง,1,1,th_sl,PLACE,False
บ้านม้าเฟอร์นิเจอร์,1,1,th_sl,,False
บ้านริมธารปูกะแหยม,1,1,th_sl,PLACE,False
บ้านสั่นสะเทือน,1,1,ttrs,,False
บ้านสิงห์ธรรม,1,1,th_sl,PLACE,False
บ้านหลวง,1,1,th_sl,PLACE,False
บ้านหุ่นเหล็ก,1,1,th_sl,,False
บ้านเช่า (ภาษามือโรงเรียนเศรษฐเสถียร),1,1,ttrs,,False
บ้านโคก,1,1,th_sl,PLACE,False
บ้านโฮ่ง,1,1,th_sl,PLACE,False
บ้านใหญ่,1,1,th_sl,VERB,False
บ้านใหม่,1,1,th_sl,VERB,False
บ้านไม้ขนาดเล็ก,1,1,ttrs,,False
บ้านไร่,1,1,ttrs,,False
บ้านไร่รั้วไทรงาม,1,1,th_sl,PLACE,False
บ๊ายบาย,1,1,th_sl,,False
ป ปลา,1,1,th_sl,,False
ป.1,1,1,th_sl,,False
ป.2,1,1,th_sl,,False
ป.3,1,1,th_sl,,False
ป.4,1,1,th_sl,,False
ป.5,1,1,th_sl,,False
ป.6,1,1,th_sl,,False
ปก,1,1,ttrs,,False
ปกปิด,1,1,th_sl,,False
ปกปิดข้อมูล,1,1,ttrs,,False
ปกป้อง,1,1,th_sl,,False
ปกป้องคุ้มครอง,1,1,ttrs,,False
ปง,1,1,th_sl,PLACE,False
ปฎัก,1,1,agent,,False
ปฎิญญาสากล (ภาษามือโรงเรียนเศรษฐเสถียรในพระราชูปถัมภ์),1,1,ttrs,OBJ,False
ปฎิทินตามจันทรคติ,1,1,ttrs,,False
ปฏิคม,1,1,th_sl,,False
ปฏิบัติ,1,1,th_sl,,False
ปฏิบัติการ,1,1,th_sl,,False
ปฏิบัติราชการ,1,1,ttrs,,False
ปฏิบัติศาสนกิจ,1,1,ttrs,,False
ปฏิบัติหน้าที่ล่าช้า,1,1,ttrs,,False
ปฏิรูป,1,1,th_sl,,False
ปฏิเสธอย่างแข็งขัน,1,1,ttrs,,False
ปดิพัทธ์ สันติภาดา,1,1,th_sl,SUBJ,False
ปตท,1,1,th_sl,PLACE,False
ปตท (ภาษามือโรงเรียนเศรษฐเสถียร),1,1,ttrs,,False
ปทานุกรมภาษามือไทย,1,1,ttrs,OBJ,False
ปทุมธานี,1,1,th_sl,PLACE,False
ปน,1,1,th_sl,,False
ปรสิต,1,1,th_sl,,False
ปรอยๆ,1,1,th_sl,,False
ประกวด,1,1,th_sl,OBJ,False
ประกันชีวิตเอไอเอ,1,1,th_sl,,False
ประกันรถ,1,1,th_sl,,False
ประกันโควิด,1,1,ttrs,,False
ประกาศนียบัตร,1,1,th_sl,,False
ประจวบ เอฟซี,1,1,th_sl,,False
ประจวบคีรีขันธ์,1,1,th_sl,PLACE,False
ประจำ,1,1,th_sl,OBJ,False
ประจำวัน,1,1,th_sl,,False
ประจำเดือน (ภาษามือโรงเรียนเศรษฐเสถียรในพระราชูปถัมภ์),1,1,ttrs,,False
ประชด,1,1,th_sl,VERB,False
ประชาธิปไตย,1,1,th_sl,,False
ประชาธิปไตย (ภาษามือโรงเรียนเศรษฐเสถียรในพระราชูปถัมภ์),1,1,ttrs,OBJ,False
ประชาสัมพันธ์,1,1,th_sl,,False
ประชุมทางไกล,1,1,ttrs,,False
ประดิษฐ์,1,1,ttrs,,False
ประตูกระจกบานเลื่อน,1,1,th_sl,,False
ประตูตีเสมอ,1,1,th_sl,,False
ประตูท่าแพ,1,1,th_sl,PLACE,False
ประตูฟุตบอล,1,1,ttrs,,False
ประตูมุ้งลวด,1,1,ttrs,OBJ,False
ประตูรั้ว,1,1,ttrs,OBJ,False
ประตูลับ,1,1,ttrs,OBJ,False
ประตูเมืองลับแล,1,1,th_sl,PLACE,False
ประตูใหญ่,1,1,ttrs,OBJ,False
ประถมศึกษาปีที่ 1 (ป.1),1,1,ttrs,OBJ,False
ประทับ,1,1,th_sl,,False
ประท้วง,1,1,ttrs,VERB,False
ประธาน,1,1,th_sl,OBJ,False
ประธาน กริยา กรรม,1,1,th_sl,,False
ประธานของประโยค (ภาษามือโรงเรียนเศรษฐเสถียรในพระราชูปถัมภ์),1,1,ttrs,OBJ,False
ประธานศาลปกครองสูงสุด,1,1,ttrs,,False
ประพันธ์ จงสงวน,1,1,th_sl,SUBJ,False
ประมง,1,1,th_sl,,False
ประมาทเลินเล่อ,1,1,th_sl,,False
ประมูล,1,1,th_sl,,False
ประยุกต์ใช้,1,1,ttrs,VERB,False
ประยุทธ์ จันทร์โอชา,1,1,th_sl,,False
ประวัติ (ภาษามือโรงเรียนเศรษฐเสถียรในพระราชูปถัมภ์),1,1,ttrs,OBJ,False
ประวัติการเดินทาง,1,1,ttrs,,False
ประวัติศาสตร์ไทย (ภาษามือโรงเรียนเศรษฐเสถียรในพระราชูปถัมภ์),1,1,ttrs,OBJ,False
ประวิงเวลา,1,1,th_sl,,False
ประสบการณ์ที่เรียนรู้,1,1,ttrs,,False
ประสบความสำเร็จ,1,1,ttrs,,False
ประสานงาน,1,1,th_sl,VERB,False
ประสูติ (ภาษามือโรงเรียนเศรษฐเสถียรในพระราชูปถัมภ์),1,1,ttrs,,False
ประหลาด,1,1,th_sl,,False
ประหลาดใจ,1,1,th_sl,,False
ประหารชีวิต,1,1,ttrs,,False
ประเด็น,1,1,th_sl,,False
ประเทศออสเตรีย,1,1,ttrs,OBJ,False
ประเทศเบลเยี่ยม,1,1,ttrs,OBJ,False
ประเทศเยอรมันนี,1,1,ttrs,,False
ประเทศแคนาดา,1,1,ttrs,,False
ประเพณี (ภาษามือโรงเรียนเศรษฐเสถียรในพระราชูปถัมภ์),1,1,ttrs,,False
ประเพณีลอยกระทง (ภาษามือโรงเรียนเศรษฐเสถียรในพระราชูปถัมภ์),1,1,ttrs,,False
ประเพณีสารทไทยกล้วยไข่,1,1,th_sl,PLACE,False
ประเภท,1,1,th_sl,OBJ,False
ประเภทธุรกิจ,1,1,th_sl,,False
ประเมิน,1,1,ttrs,VERB,False
ประเมินตัวเอง,1,1,ttrs,,False
ประเมินผล,1,1,th_sl,,False
ประเมินสถานการณ์ Covid-19,1,1,ttrs,,False
ประเสริฐ จันทรรวงทอง,1,1,th_sl,SUBJ,False
ประโยค,1,1,th_sl,,False
ประโยค (ภาษามือโรงเรียนเศรษฐเสถียรในพระราชูปถัมภ์),1,1,ttrs,OBJ,False
ประโยคคำถาม (ภาษามือโรงเรียนเศรษฐเสถียรในพระราชูปถัมภ์),1,1,ttrs,OBJ,False
ประโยคปฏิเสธ,1,1,ttrs,OBJ,False
ปรับ (ภาษามือวิทยาลัยราชสุดา),1,1,ttrs,VERB,False
ปรับตัว,1,1,ttrs,,False
ปรับปรุง,1,1,th_sl,,False
ปรัศนี (ภาษามือโรงเรียนเศรษฐเสถียรในพระราชูปถัมภ์),1,1,ttrs,,False
ปราจีนบุรี,1,1,th_sl,PLACE,False
"ปรารถนา, โลภ",1,1,ttrs,,False
ปริญญาตรี,1,1,th_sl,OBJ,False
ปริญญาเอก,1,1,th_sl,OBJ,False
ปริญญาโท,1,1,th_sl,OBJ,False
ปริมาณ,1,1,th_sl,,False
ปริมาตร (ภาษามือโรงเรียนเศรษฐเสถียรในพระราชูปถัมภ์),1,1,ttrs,OBJ,False
ปริ้น,1,1,th_sl,,False
ปริ้นเตอร์,1,1,th_sl,OBJ,False
ปรึกษา,1,1,th_sl,,False
ปรุงรส,1,1,ttrs,,False
ปลดพนักงาน,1,1,ttrs,,False
"ปลดล็อก,คลายล็อก",1,1,ttrs,,False
ปลดล็อค,1,1,th_sl,VERB,False
ปลอกคอสุนัข,1,1,ttrs,OBJ,False
ปลอกแขน,1,1,th_sl,,False
ปลอบโยน,1,1,th_sl,,False
ปลอม,1,1,th_sl,,False
ปลอมลายมือ,1,1,ttrs,,False
ปลั๊กหัวเสียบ,1,1,ttrs,OBJ,False
ปลาคาร์ป,1,1,ttrs,OBJ,False
ปลาดุกย่าง (ภาษามือโรงเรียนเศรษฐเสถียรในพระราชูปถัมภ์),1,1,ttrs,,False
ปลาทอง,1,1,ttrs,OBJ,False
ปลาทู นึ่ง,1,1,th_sl,OBJ,False
ปลานึ่ง,1,1,ttrs,,False
ปลานึ่งมะนาว,1,1,th_sl,,False
ปลาหมอคางดำ,1,1,th_sl,,False
ปลาเค็ม,1,1,th_sl,,False
ปลาเค็มทอด,1,1,th_sl,,False
ปลีก,1,1,th_sl,,False
ปลุก,1,1,th_sl,,False
ปลูก,1,1,th_sl,VERB,False
ปลูกป่าชายเลนถีบกระดานหาหอยหลอดโอน,1,1,th_sl,,False
ปลูกฝัง,1,1,ttrs,VERB,False
ปล่องไฟ,1,1,ttrs,OBJ,False
ปล่อย,1,1,th_sl,VERB,False
ปล่อยมือ,1,1,th_sl,,False
ปล่อยลง,1,1,ttrs,,False
ปวดขากรรไกร,1,1,ttrs,VERB,False
ปวดที่แขน,1,1,ttrs,,False
ปวดท้อง,1,1,th_sl,VERB,False
ปวดหัว (ไมเกรน),1,1,ttrs,,False
ปวดแสบท้อง,1,1,ttrs,VERB,False
ปวท.,1,1,th_sl,,False
ปอก,1,1,th_sl,,False
ปอกเปลือก,1,1,ttrs,,False
ปอดอักเสบ,1,1,ttrs,,False
ปอยเปต,1,1,th_sl,,False
ปอร์เช่,1,1,th_sl,,False
ปะปน,1,1,th_sl,,False
ปะป๊า,1,1,th_sl,,False
ปะยาง,1,1,th_sl,,False
ปักหมุด,1,1,th_sl,,False
ปังตอ,1,1,ttrs,,False
ปัจจัยภายนอก,1,1,th_sl,,False
ปัจจัยภายใน,1,1,th_sl,,False
ปัจจุบัน,1,1,th_sl,,False
ปัญญา (ภาษามือโรงเรียนเศรษฐเสถียรในพระราชูปถัมภ์),1,1,ttrs,OBJ,False
ปัญหา,1,1,th_sl,OBJ,True
ปัญหา (ภาษามือโรงเรียนเศรษฐเสถียรในพระราชูปถัมภ์),1,1,ttrs,OBJ,False
ปัดคิ้ว,1,1,th_sl,,False
ปัดแป้ง,1,1,th_sl,,False
ปัดโธ่!,1,1,th_sl,,False
ปัว,1,1,th_sl,PLACE,False
ปัสสาะแสบชัด,1,1,th_sl,,False
ปั่น,1,1,ttrs,,False
ปั้นจั่นยกน้ำหนัก,1,1,ttrs,OBJ,False
ปั้นดิน (ภาษามือวิทยาลัยราชสุดา),1,1,ttrs,VERB,False
ปั้นดินเผา,1,1,th_sl,,False
ปั้มน้ำมันดาว Caltex,1,1,th_sl,,False
ปั้มน้ำมันบางจาก,1,1,th_sl,,False
ปั้มน้ำมันปตท.,1,1,th_sl,,False
ปั้มน้ำมันพี ที,1,1,th_sl,,False
ปั้มน้ำมันเชลล์,1,1,th_sl,,False
ปั๊มน้ำมัน,1,1,th_sl,,False
ปากกาหมึกซึม,1,1,ttrs,OBJ,False
ปากกาเน้นข้อความ,1,1,ttrs,OBJ,False
ปากกาเมจิก,1,1,th_sl,,False
ปากกาไวท์บอร์ด,1,1,th_sl,OBJ,False
ปากคำ,1,1,th_sl,,False
ปากค้าง,1,1,th_sl,,False
ปากซอย,1,1,th_sl,OBJ,False
ปากสั่น,1,1,th_sl,,False
ปากแข็ง,1,1,th_sl,,False
ปากแตก,1,1,th_sl,,False
ปางมะผ้า,1,1,th_sl,PLACE,False
ปางศิลาทอง,1,1,th_sl,PLACE,False
ปานามา,1,1,th_sl,PLACE,False
ปาย,1,1,th_sl,PLACE,False
ปาล์ม,1,1,th_sl,OBJ,False
ปาเลสไตน์,1,1,th_sl,PLACE,False
ปิดกิจการ,1,1,ttrs,,False
ปิดบัง,1,1,th_sl,,False
ปิดประตู,1,1,agent,,False
ปิดปาก,1,1,ttrs,,False
ปิดปากเงียบ,1,1,ttrs,,False
ปิดพรมแดน,1,1,ttrs,,False
ปิดเทอม,1,1,th_sl,,False
ปิดแมสอนามัย,1,1,th_sl,,False
ปิดไฟ,1,1,th_sl,,False
ปิยบุตร แสงกนกกุล,1,1,th_sl,SUBJ,False
ปิยะพงศ์ ผิวอ่อน,1,1,th_sl,,False
ปิโตรเลียม (ภาษามือโรงเรียนเศรษฐเสถียรในพระราชูปถัมภ์),1,1,ttrs,OBJ,False
ปีกขวา,1,1,th_sl,,False
ปีกซ้าย,1,1,th_sl,,False
ปีกมดลูก (ภาษามือโรงเรียนเศรษฐเสถียรในพระราชูปถัมภ์),1,1,ttrs,,False
ปีชง,1,1,th_sl,,False
ปีน,1,1,th_sl,,False
ปีนเขา,1,1,ttrs,,False
ปีหน้า,1,1,agent,,False
ปี่ชวา,1,1,ttrs,,False
ปี่นอก,1,1,ttrs,,False
ปี่มอญ,1,1,ttrs,,False
ปี่ใน,1,1,ttrs,,False
ปืน,1,1,th_sl,,False
ปืนของเล่น,1,1,ttrs,OBJ,False
ปืนจุดแก๊ส,1,1,th_sl,OBJ,False
ปืนสั้น,1,1,ttrs,,False
ปืนอัดลม,1,1,ttrs,OBJ,False
ปืนใหญ่,1,1,ttrs,,False
ปุ่ม,1,1,ttrs,,False
ปูนึ่ง,1,1,ttrs,,False
ปูเสฉวน,1,1,th_sl,,False
ปูเสื่อ,1,1,th_sl,,False
ปู่-ตา,1,1,ttrs,OBJ,False
ปู่ย่า-ตายาย,1,1,ttrs,OBJ,False
ป่วย,1,1,ttrs,VERB,True
ป่าซาง,1,1,th_sl,PLACE,False
ป่าแดด,1,1,th_sl,PLACE,False
ป้องปาก,1,1,th_sl,,False
ป้อมยาม,1,1,ttrs,,False
ป้า (ภาษามือโรงเรียนเศรษฐเสถียรในพระราชูปถัมภ์),1,1,ttrs,SUBJ,False
ป้า น้า อาผู้หญิง,1,1,ttrs,OBJ,False
ป้ายทะเบียนรถ,1,1,th_sl,,False
ป้ายบอกคะแนน,1,1,ttrs,OBJ,False
ป้ายประกาศทางด้านกฎหมาย,1,1,ttrs,,False
ผ ผึ้ง,1,1,th_sl,,False
ผงซักฟอก,1,1,th_sl,,False
ผงละเอียด,1,1,ttrs,,False
ผงเข้าตา,1,1,ttrs,,False
ผนังมดลูก,1,1,th_sl,,False
ผนังมดลูก (ภาษามือโรงเรียนเศรษฐเสถียรในพระราชูปถัมภ์),1,1,ttrs,,False
ผนังเซลล์ (ภาษามือโรงเรียนเศรษฐเสถียรในพระราชูปถัมภ์),1,1,ttrs,OBJ,False
ผมบาง,1,1,th_sl,,False
ผมปลอม,1,1,th_sl,OBJ,False
ผมปัดข้าง,1,1,th_sl,,False
ผมฟู,1,1,th_sl,,False
ผมมัน,1,1,th_sl,,False
ผมยุ่งเหยิง,1,1,th_sl,,False
ผมเปียคาด,1,1,th_sl,,False
ผมเปียสองข้าง,1,1,th_sl,,False
ผมแตกปลาย,1,1,th_sl,,False
ผล,1,1,th_sl,,False
ผลกระทบ,1,1,ttrs,,False
ผลกระทบ (ภาษามือโรงเรียนเศรษฐเสถียรในพระราชูปถัมภ์),1,1,ttrs,,False
ผลตรวจแล็บ,1,1,th_sl,,False
ผลต่างร่วม (ภาษามือโรงเรียนเศรษฐเสถียรในพระราชูปถัมภ์),1,1,ttrs,OBJ,False
ผลบวก,1,1,ttrs,,False
ผลบวก (ภาษามือโรงเรียนเศรษฐเสถียรในพระราชูปถัมภ์),1,1,ttrs,OBJ,False
ผลรวม,1,1,ttrs,,False
ผลวิจัย,1,1,ttrs,,False
ผลักดันไปข้างหน้า,1,1,ttrs,,False
ผลัดกันแพ้ผลัดกันชนะ,1,1,ttrs,VERB,False
ผลิต,1,1,th_sl,,False
ผลิตภัณฑ์,1,1,th_sl,,False
ผลเป็นลบ,1,1,ttrs,,False
ผอมลงทั้งคู่,1,1,ttrs,,False
ผอมสูงเก้งก้าง,1,1,ttrs,,False
ผอมหนังหุ้มกระดูก,1,1,ttrs,,False
ผอมแห้ง,1,1,ttrs,,False
ผักกระเฉด (ภาษามือโรงเรียนเศรษฐเสถียรในพระราชูปถัมภ์),1,1,ttrs,,False
ผักกวางตุ้ง,1,1,th_sl,,False
ผักกวางตุ้ง (ภาษามือโรงเรียนเศรษฐเสถียรในพระราชูปถัมภ์),1,1,ttrs,,False
ผักกะเฉด,1,1,ttrs,,False
ผักกาดขาวปลี,1,1,th_sl,,False
ผักกาดขาวปลี (ภาษามือโรงเรียนเศรษฐเสถียรในพระราชูปถัมภ์),1,1,ttrs,,False
ผักกาดหอม (ภาษามือโรงเรียนเศรษฐเสถียรในพระราชูปถัมภ์),1,1,ttrs,,False
ผักกาดแก้ว,1,1,ttrs,,False
ผักขม,1,1,ttrs,,False
ผักคะน้า (ภาษามือโรงเรียนเศรษฐเสถียรในพระราชูปถัมภ์),1,1,ttrs,,False
ผักชี (ภาษามือโรงเรียนเศรษฐเสถียรในพระราชูปถัมภ์),1,1,ttrs,,False
ผักชีฝรั่ง,1,1,ttrs,,False
ผักชีลาว,1,1,ttrs,,False
ผักตำลึง,1,1,ttrs,,False
ผักบุ้ง (ภาษามือโรงเรียนเศรษฐเสถียรในพระราชูปถัมภ์),1,1,ttrs,,False
ผังความคิด,1,1,ttrs,OBJ,False
ผัดวุ้นเส้นใส่ไข่,1,1,th_sl,,False
ผัดไทย,1,1,th_sl,OBJ,False
ผับ,1,1,th_sl,,False
ผัว,1,1,th_sl,,False
ผางประทีป,1,1,th_sl,,False
ผิดหวัง,1,1,th_sl,,False
ผิว,1,1,th_sl,,False
ผิวมัน,1,1,th_sl,,False
"ผิวหน้าเรียบไม่มีริ้วรอย (กำแพง, ม่านและอื่น ๆ)",1,1,ttrs,,False
ผิวเรียบเนียน,1,1,th_sl,,False
ผิวแห้ง,1,1,th_sl,,False
ผีกระสือ,1,1,th_sl,,False
ผีกระหัง,1,1,th_sl,,False
ผีดูดเลือด,1,1,ttrs,,False
ผีตายโหง,1,1,th_sl,,False
ผีนางรำ,1,1,th_sl,,False
ผีน้อย,1,1,th_sl,,False
ผีบ้านผีเรือน,1,1,th_sl,,False
ผีป่า,1,1,th_sl,,False
ผีเปรต,1,1,th_sl,,False
ผีเสื้อสมุทร,1,1,ttrs,,False
ผูกพัน,1,1,th_sl,OBJ,False
ผูกโบว์,1,1,th_sl,,False
ผู้,1,1,th_sl,,False
ผู้กู้,1,1,th_sl,,False
ผู้คนทยอยเข้ามาเรื่อยๆ จากทุกทาง,1,1,ttrs,,False
ผู้คุมนักโทษ,1,1,ttrs,,False
ผู้จำนอง,1,1,th_sl,OBJ,False
ผู้ช่วยครู,1,1,th_sl,,False
ผู้ช่วยธุรการ,1,1,th_sl,OBJ,False
ผู้ช่วยผู้พิพากษา,1,1,th_sl,,False
ผู้ช่วยผู้ใหญ่บ้าน,1,1,th_sl,,False
ผู้ตรวจสอบบัญชี,1,1,ttrs,,False
ผู้ตัดสิน,1,1,th_sl,,False
ผู้ติดเชื้อรายใหม่,1,1,ttrs,,False
ผู้ติดเชื้อสะสม,1,1,ttrs,,False
ผู้ต้องสงสัย,1,1,th_sl,,False
ผู้ต้องหา,1,1,th_sl,OBJ,False
ผู้นำ,1,1,ttrs,,False
ผู้นำท้องถิ่น,1,1,ttrs,,False
ผู้นำเชียร์,1,1,ttrs,,False
ผู้บรรลุนิตภาวะ,1,1,th_sl,,False
ผู้บริการ,1,1,th_sl,OBJ,False
ผู้บริจาค,1,1,th_sl,OBJ,False
ผู้บริหาร,1,1,th_sl,OBJ,False
ผู้ปกครอง,1,1,th_sl,OBJ,False
ผู้ปกครอง (ภาษามือโรงเรียนเศรษฐเสถียรในพระราชูปถัมภ์),1,1,ttrs,SUBJ,False
ผู้ประกาศ,1,1,ttrs,,False
ผู้ป่วยเข้าเกณฑ์,1,1,ttrs,,False
ผู้พิพากษาสมทบ,1,1,th_sl,OBJ,False
ผู้พิพากษาหรือศาล,1,1,th_sl,,False
ผู้พิพากษาอาวุโส,1,1,th_sl,,False
ผู้รักษาประตู,1,1,ttrs,OBJ,False
ผู้รับจำนอง,1,1,th_sl,OBJ,False
ผู้รับจำนำ,1,1,th_sl,OBJ,False
ผู้รับประกันภัย,1,1,th_sl,OBJ,False
ผู้ร้าย,1,1,ttrs,,False
ผู้ว่าจ้าง,1,1,th_sl,OBJ,False
ผู้ว่าราชการกรุงเทพมหานคร,1,1,th_sl,,False
ผู้ว่าราชการจังหวัด,1,1,ttrs,,False
ผู้สื่อข่าว,1,1,ttrs,,False
ผู้อาวุโส,1,1,th_sl,SUBJ,False
ผู้อาศัย,1,1,ttrs,OBJ,False
ผู้อำนวยการ,1,1,th_sl,,False
ผู้อำนวยการโรงเรียน,1,1,ttrs,,False
ผู้อื่นส่งของให้อย่างสุภาพ,1,1,ttrs,VERB,False
ผู้เช่า,1,1,th_sl,OBJ,False
ผู้เช่าซื้อ,1,1,th_sl,,False
ผู้เยาว์,1,1,th_sl,OBJ,False
ผู้เล่น,1,1,ttrs,,False
ผู้เสียหาย,1,1,th_sl,OBJ,False
ผู้เอากำไรเกินตัว,1,1,ttrs,ADJ,False
ผู้เอาประกันภัย,1,1,th_sl,OBJ,False
ผู้โดยสารลดน้อยลงในขณะที่รถเดินทางไป,1,1,ttrs,,False
ผู้โดยสารเพิ่มขึ้นในขณะที่รถเดินทางไป,1,1,ttrs,,False
ผู้ใช้บริการห้องสมุด,1,1,ttrs,,False
ผู้ใหญ่ (ภาษามือโรงเรียนเศรษฐเสถียรในพระราชูปถัมภ์),1,1,ttrs,SUBJ,False
ผู้ใหญ่บ้าน,1,1,th_sl,,False
ผู้ให้กู้ยืมเงิน,1,1,th_sl,,False
ผู้ให้เช่า,1,1,th_sl,OBJ,False
ผู้ให้เช่าซื้อ,1,1,th_sl,,False
ผ่อน,1,1,th_sl,,False
ผ่อนชำระ,1,1,th_sl,,False
ผ่อนปรน,1,1,ttrs,,False
ผ่าน,1,1,th_sl,VERB,False
ผ้าขี้ริ้ว,1,1,ttrs,,False
ผ้าครัชคาร์บอน,1,1,th_sl,,False
ผ้าคลุมเตียง,1,1,ttrs,OBJ,False
ผ้าถุง,1,1,th_sl,,False
ผ้านวม,1,1,ttrs,OBJ,False
ผ้าปู,1,1,th_sl,,False
ผ้าปูที่นอน,1,1,ttrs,,False
ผ้าปูโต๊ะ,1,1,ttrs,OBJ,False
ผ้าป่า,1,1,th_sl,OBJ,False
ผ้าพันคอ,1,1,ttrs,,False
ผ้าอ้อม,1,1,ttrs,,False
ผ้าอ้อมเด็กเล็ก,1,1,ttrs,OBJ,False
ผ้าเช็ดเลนส์แว่นตา,1,1,th_sl,,False
ผ้าเบรค,1,1,th_sl,,False
ฝ ฝา,1,1,th_sl,,False
ฝนกรด (ภาษามือโรงเรียนเศรษฐเสถียรในพระราชูปถัมภ์),1,1,ttrs,OBJ,False
ฝนตกปรอย ๆ,1,1,ttrs,,False
ฝนตกหนัก,1,1,th_sl,,False
ฝนตกหนักมาก,1,1,ttrs,,False
ฝนปรอย,1,1,th_sl,,False
ฝรั่ง (ภาษามือโรงเรียนเศรษฐเสถียรในพระราชูปถัมภ์),1,1,ttrs,,False
ฝอยขัดหมอ,1,1,ttrs,,False
ฝอยทอง,1,1,th_sl,OBJ,False
ฝักกระถิน,1,1,th_sl,,False
ฝักกระถิน (ภาษามือโรงเรียนเศรษฐเสถียรในพระราชูปถัมภ์),1,1,ttrs,,False
ฝักถั่ว,1,1,th_sl,,False
ฝักบัว,1,1,ttrs,,False
ฝัง,1,1,th_sl,,False
ฝังศพ,1,1,th_sl,,False
ฝันดี,1,1,th_sl,,True
ฝันร้าย,1,1,ttrs,,False
ฝากขาย,1,1,th_sl,,False
ฝากดู,1,1,ttrs,,False
ฝาขวดน้ำ,1,1,th_sl,,False
ฝาง,1,1,th_sl,PLACE,False
ฝาปิด,1,1,ttrs,,False
ฝาสี่ด้าน,1,1,ttrs,OBJ,False
ฝาหม้อ,1,1,ttrs,,False
ฝิ่น,1,1,th_sl,,False
ฝีมือ,1,1,th_sl,,False
ฝีมือดี,1,1,th_sl,,False
ฝืนใจ,1,1,th_sl,,False
ฝุ่น,1,1,th_sl,TIME,False
ฝุ่น (ภาษามือวิทยาลัยราชสุดา),1,1,ttrs,OBJ,False
ฝุ่น pm 2.5,1,1,th_sl,,False
ฝ่าฝืน,1,1,th_sl,,False
ฝ่ามือ,1,1,ttrs,OBJ,False
ฝ่าย,1,1,th_sl,,False
ฝ่ายค้าน,1,1,th_sl,OBJ,False
ฝ่ายปกครอง,1,1,ttrs,,False
ฝ้า,1,1,th_sl,,False
ฝ้ามัว,1,1,ttrs,,False
พ พาน,1,1,th_sl,,False
พจนานุกรม (ภาษามือโรงเรียนเศรษฐเสถียรในพระราชูปถัมภ์),1,1,ttrs,OBJ,False
พจนานุุกรมภาพภาษาอังกฤษ,1,1,ttrs,,False
พจน์ทั่วไป (ภาษามือโรงเรียนเศรษฐเสถียรในพระราชูปถัมภ์),1,1,ttrs,OBJ,False
พญาเม็งราย,1,1,th_sl,PLACE,False
พญาไท,1,1,th_sl,,False
พญาไท - โรงพยาบาลพญาไท,1,1,th_sl,PLACE,False
พนมมือ,1,1,th_sl,,False
พนักงานขาย,1,1,th_sl,SUBJ,False
พนักงานต้อนรับบนเครื่องบิน (ชาย),1,1,ttrs,,False
พนักงานต้อนรับบนเครื่องบิน (หญิง),1,1,ttrs,,False
พนักงานทำความสะอาด,1,1,th_sl,SUBJ,False
พนักงานรับส่งเอกสาร,1,1,ttrs,OBJ,False
พนักงานสอบสวน,1,1,th_sl,OBJ,False
พนักงานสืบสวน,1,1,th_sl,OBJ,False
พนักงานอัยการ,1,1,th_sl,OBJ,False
พนักงานเก็บเงิน,1,1,ttrs,OBJ,False
พนันกัน,1,1,ttrs,VERB,False
พนันออนไลน์,1,1,th_sl,OBJ,False
พบ (ภาษามือโรงเรียนเศรษฐเสถียรในพระราชูปถัมภ์),1,1,ttrs,VERB,False
พบกันใหม่,1,1,agent,,True
พบกันใหม่ (ภาษามือโรงเรียนเศรษฐเสถียรในพระราชูปถัมภ์),1,1,ttrs,VERB,False
พบกันไม่นาน,1,1,ttrs,VERB,False
พบผู้ติดเชื้อ,1,1,ttrs,,False
พบพระ,1,1,th_sl,PLACE,False
พบอุปสรรค,1,1,ttrs,,False
พยักหน้าเรียก,1,1,ttrs,VERB,False
พยัญชนะ (ภาษามือโรงเรียนเศรษฐเสถียรในพระราชูปถัมภ์),1,1,ttrs,OBJ,False
พยางค์ (ภาษามือโรงเรียนเศรษฐเสถียรในพระราชูปถัมภ์),1,1,ttrs,OBJ,False
พยานบุคคล,1,1,th_sl,,False
พยายาม,1,1,th_sl,,False
พยุหะคีรี,1,1,th_sl,PLACE,False
พรก.ฉุกเฉิน,1,1,ttrs,,False
พรทิพย์ โรจนสุนันท์,1,1,th_sl,SUBJ,False
พรม,1,1,ttrs,,False
พรมเช็ดเท้า,1,1,ttrs,OBJ,False
พรมแดง,1,1,th_sl,,False
พรมแดน,1,1,ttrs,,False
พรรค ส.ว.,1,1,th_sl,,False
พรรคกรีน,1,1,th_sl,,False
พรรคกล้าธรรม,1,1,th_sl,,False
พรรคกิจสังคม,1,1,th_sl,,False
พรรคก้าวอิสระ,1,1,th_sl,,False
พรรคก้าวไกล,1,1,th_sl,,False
พรรคคมหาชน,1,1,th_sl,,False
พรรคครูไทยเพื่อประชาชน,1,1,th_sl,,False
พรรคคลองไทย,1,1,th_sl,,False
พรรคความหวังใหม่,1,1,th_sl,,False
พรรคชาติพัฒนา,1,1,th_sl,,False
พรรคชาติพัฒนากล้า,1,1,th_sl,PLACE,False
พรรคชาติไทยพัฒนา,1,1,th_sl,,False
พรรคชาราช,1,1,th_sl,,False
พรรคทวงคืนผืนป่าประเทศไทย,1,1,th_sl,,False
พรรคทางเลือกใหม่,1,1,th_sl,,False
พรรคท้องที่ไทย,1,1,th_sl,,False
พรรคประชากรไทย,1,1,th_sl,,False
พรรคประชาชน,1,1,th_sl,,False
พรรคประชาชนปฏิรูป,1,1,th_sl,,False
พรรคประชาชาติ,1,1,th_sl,,False
พรรคประชาธิปัตย์,1,1,th_sl,,False
พรรคประชาธิปไตยใหม่,1,1,th_sl,,False
พรรคประชานิยม,1,1,th_sl,,False
พรรคประชาภิวัฒน์,1,1,th_sl,,False
พรรคประชาอาสาชาติ,1,1,th_sl,,False
พรรคประชาไทย,1,1,th_sl,,False
พรรคปวงชนไทย,1,1,th_sl,,False
พรรคพร้อม,1,1,th_sl,,False
พรรคพลวัต,1,1,th_sl,,False
พรรคพลังท้องถิ่นไท,1,1,th_sl,,False
พรรคพลังธรรมใหม่,1,1,th_sl,,False
พรรคพลังเพื่อไทย,1,1,th_sl,,False
พรรคพลังไทยรักชาติ,1,1,th_sl,,False
พรรคฟิวชั่น,1,1,th_sl,,False
พรรคภราดรภาพ,1,1,th_sl,,False
พรรคภูมิใจไทย,1,1,th_sl,,False
พรรคมิติใหม่,1,1,th_sl,,False
พรรครวมพลังประชาชน,1,1,th_sl,,False
พรรครวมพลังประชาชาติไทย,1,1,th_sl,,False
พรรครวมใจไทย,1,1,th_sl,,False
พรรครวมไทยยูในเต็ด,1,1,th_sl,,False
พรรครวมไทยสร้างชาติ,1,1,th_sl,PLACE,False
พรรครักชาติ,1,1,th_sl,,False
พรรครักประเทศไทย,1,1,th_sl,,False
พรรคร่วมค้าน,1,1,th_sl,VERB,False
พรรคร่วมรัฐบาล,1,1,th_sl,VERB,False
พรรควิชชั่นใหม่,1,1,th_sl,,False
พรรคสังคมประชาธิปไตยไทย,1,1,th_sl,,False
พรรคสัม,1,1,th_sl,VERB,False
พรรคสีน้ำเงิน,1,1,th_sl,,False
พรรคส้ม,1,1,th_sl,,False
พรรคอนาคตใหม่,1,1,th_sl,,False
พรรคอนาคตไทย,1,1,th_sl,,False
พรรคเครือข่ายชาวนาแห่งประเทศไทย,1,1,th_sl,,False
พรรคเป็นธรรม,1,1,th_sl,,False
พรรคเพื่อชาติ,1,1,th_sl,,False
พรรคเพื่อชาติไทย,1,1,th_sl,,False
พรรคเพื่อชีวิตใหม่,1,1,th_sl,,False
พรรคเพื่อบ้านเมือง,1,1,th_sl,,False
พรรคเพื่อฟ้าดิน,1,1,th_sl,,False
พรรคเพื่อไทย,1,1,th_sl,,False
พรรคเศรษฐกิจ,1,1,th_sl,,False
พรรคเศรษฐกิจใหม่,1,1,th_sl,,False
พรรคเศรษฐกิจไทย,1,1,th_sl,,False
พรรคเสรีนิยม,1,1,th_sl,,False
พรรคเสรีรวมไทย,1,1,th_sl,,False
พรรคแผ่นดินธรรม,1,1,th_sl,,False
พรรคแรงงานสร้างชาติ,1,1,th_sl,,False
พรรคโอกาสใหม่,1,1,th_sl,,False
พรรคใหม่,1,1,th_sl,,False
พรรคไทยก้าวหน้า,1,1,th_sl,,False
พรรคไทยก้าวใหม่,1,1,th_sl,,False
พรรคไทยชนะ,1,1,th_sl,,False
พรรคไทยทรัพย์ทวี,1,1,th_sl,,False
พรรคไทยพร้อม,1,1,th_sl,,False
พรรคไทยพิทักษ์ธรรม,1,1,th_sl,,False
พรรคไทยภักดี,1,1,th_sl,,False
พรรคไทยรวมไทย,1,1,th_sl,,False
พรรคไทยรักษาชาติ,1,1,th_sl,,False
พรรคไทยศิวิไลซ์,1,1,th_sl,,False
พรรคไทยสร้างไทย,1,1,th_sl,,False
พรรคไทรวมพลัง,1,1,th_sl,,False
พรรณิการ์ วานิช,1,1,th_sl,SUBJ,False
พรหมพิราม,1,1,th_sl,PLACE,False
พระ,1,1,th_sl,OBJ,False
พระขนิษฐา - น้องสาว,1,1,th_sl,,False
พระจันทร์ (ภาษามือวิทยาลัยราชสุดา),1,1,ttrs,OBJ,False
พระจันทร์กับดาว (ภาษามือโรงเรียนเศรษฐเสถียรในพระราชูปถัมภ์),1,1,ttrs,OBJ,False
พระตำหนักดอยตุง,1,1,th_sl,PLACE,False
พระที่นั่งวิมานเมฆ,1,1,th_sl,PLACE,False
พระที่นั่งวิมานเมฆ (ภาษามือโรงเรียนเศรษฐเสถียรในพระราชูปถัมภ์),1,1,ttrs,OBJ,False
พระที่นั่งอนันตสมาคม (ภาษามือโรงเรียนเศรษฐเสถียรในพระราชูปถัมภ์),1,1,ttrs,OBJ,False
พระธรรม,1,1,th_sl,OBJ,False
พระธรรมคำสอน,1,1,th_sl,OBJ,False
พระธาตุกลางน้ำ,1,1,th_sl,,False
พระธาตุบังพวน,1,1,th_sl,,False
พระนครศรีอยุธยา,1,1,th_sl,PLACE,False
พระบรมชนก-พ่อ,1,1,th_sl,,False
พระบรมราชชนนี - แม่,1,1,th_sl,,False
พระบรมราชนุสาวรีย์พระบาทสมเด็จพระมงกุฎเกล้าเจ้าอยู่หัว,1,1,th_sl,PLACE,False
พระบรมราชานุสาวรีย์ สมเด็จพระนารายณ์มหาราช ลพบุรี,1,1,th_sl,,False
พระบรมราชานุสาวรีย์พระบาทสมเด็จพระพุทธยอดฟ้าจุฬาโลก,1,1,th_sl,PLACE,False
พระบรมราชานุสาวรีย์รัชกาลที่ 5,1,1,th_sl,,False
พระบรมราชานุสาวรีย์สมเด็จพระพุทธยอดฟ้าจุฬาโลก(รัชกาลที่ 1) (ภาษามือโรงเรียนเศรษฐเสถียรในพระราชูปถัมภ์),1,1,ttrs,OBJ,False
พระบรมราชานุสาวรีย์สมเด็จพระมงกุฎเกล้าเจ้าอยู่หัว(รัชกาลที่ 6) (ภาษามือโรงเรียนเศรษฐเสถียรในพระราชูปถัมภ์),1,1,ttrs,OBJ,False
พระบรมราชานุสาวรีย์สมเด็จพระเจ้าตากสิน,1,1,th_sl,PLACE,False
พระบรมราชานุสาวรีย์สมเด็จพระเจ้าตากสิน (ภาษามือโรงเรียนเศรษฐเสถียรในพระราชูปถัมภ์),1,1,ttrs,OBJ,False
พระบรมราชโองการ,1,1,th_sl,,False
พระบาทสมเด็จพระจอมเกล้าเจ้าอยู่หัว รัชกาลที่ 4,1,1,th_sl,,False
พระบาทสมเด็จพระจุลจอมเกล้าเจ้าอยู่หัว,1,1,ttrs,,False
พระบาทสมเด็จพระจุลจอมเกล้าเจ้าอยู่หัว รัชกาลที่ 5,1,1,th_sl,,False
พระบาทสมเด็จพระนั่งเกล้าเจ้าอยู่หัว รัชกาลที่ 3,1,1,th_sl,,False
พระบาทสมเด็จพระปกเกล้าเจ้าอยู่หัว รัชกาลที่ 7,1,1,th_sl,,False
พระบาทสมเด็จพระปรเมนทรมหาอานันทมหิดล พระอัฐมรามาธิบดินทร รัชกาลที่ 8,1,1,th_sl,,False
พระบาทสมเด็จพระพุทธยอดฟ้าจุฬาโลกมหาราช รัชกาลที่ 1,1,1,th_sl,,False
พระบาทสมเด็จพระพุทธเลิศหล้านภาลัย รัชกาลที่ 2,1,1,th_sl,,False
พระบาทสมเด็จพระมงกุฎเกล้าเจ้าอยู่หัว รัชกาลที่ 6,1,1,th_sl,,False
พระบาทสมเด็จพระมหาภูมิพลอดุลยเดชมหาราช บรมนาถบพิตร รัชกาลที่ 9,1,1,th_sl,,False
พระบาทสมเด็จพระวชิรเกล้าเจ้าอยู่หัว,1,1,th_sl,,False
พระประแดง,1,1,ttrs,,False
พระปรางค์สามยอด,1,1,th_sl,,False
พระพุทธชยันดี,1,1,th_sl,,False
พระพุทธปุษยดีรีศรีสุวรรณภูมิ,1,1,th_sl,PLACE,False
พระพุทธศาสนา (ภาษามือโรงเรียนเศรษฐเสถียรในพระราชูปถัมภ์),1,1,ttrs,,False
พระพุทธเจ้า (ภาษามือโรงเรียนเศรษฐเสถียรในพระราชูปถัมภ์),1,1,ttrs,,False
พระมกุฏเกล้า - โรงพยาบาลพระมกุฏเกล้า,1,1,th_sl,PLACE,False
พระมหากษัตริย์,1,1,ttrs,,False
พระมูฮัมหมัด (ภาษามือโรงเรียนเศรษฐเสถียรในพระราชูปถัมภ์),1,1,ttrs,,False
พระรัตนไตร (ภาษามือโรงเรียนเศรษฐเสถียรในพระราชูปถัมภ์),1,1,ttrs,,False
พระราชกฤษฎีกา,1,1,ttrs,,False
พระราชกฤษฎีกา (ภาษามือโรงเรียนเศรษฐเสถียรในพระราชูปถัมภ์),1,1,ttrs,OBJ,False
พระราชกำหนด,1,1,ttrs,,False
พระราชดำรัสตอบ,1,1,th_sl,,False
พระราชทาน,1,1,th_sl,,False
พระราชธิดา,1,1,th_sl,,False
พระราชนิพนธ์ (ภาษามือโรงเรียนเศรษฐเสถียรในพระราชูปถัมภ์),1,1,ttrs,OBJ,False
พระราชบัญญัติจัดตั้งศาลปกครอง,1,1,ttrs,,False
พระราชบัญญัติฟื้นฟูสมรรถภาพคนพิการ,1,1,ttrs,,False
พระราชประสงค์,1,1,th_sl,,False
พระราชโอรส,1,1,th_sl,,False
พระราม 2,1,1,th_sl,,False
พระราม 9,1,1,th_sl,,False
พระรามเก้า - โรงพยาบาลพระรามเก้า,1,1,th_sl,PLACE,False
พระวิญญาณสมเด็จพระนะศวรมหาราช,1,1,th_sl,,False
พระวินัยปิฏก (ภาษามือโรงเรียนเศรษฐเสถียรในพระราชูปถัมภ์),1,1,ttrs,,False
พระศรีศากยะทศพลญาณ ประธานพุทธมณฑลสุทรรศน์,1,1,th_sl,,False
พระอนุชา - น้องชาย,1,1,th_sl,,False
พระอภัยมณี (ภาษามือโรงเรียนเศรษฐเสถียรในพระราชูปถัมภ์),1,1,ttrs,OBJ,False
พระอัยยา,1,1,th_sl,,False
พระอาทิตย์,1,1,th_sl,,False
พระเจ้า,1,1,th_sl,,False
พระเจ้าวรวงศ์เธอ พระองค์เจ้าโสมสวลี กรมหมื่นสุทธนารีนาถ,1,1,th_sl,,False
พระเจ้าแผ่นดิน,1,1,ttrs,,False
พระเชษฐภคินี - พี่สาว,1,1,th_sl,,False
พระเชษฐา - พี่ชาย,1,1,th_sl,,False
พระแม่ย่า,1,1,th_sl,PLACE,False
พระไตรปิฏก (ภาษามือโรงเรียนเศรษฐเสถียรในพระราชูปถัมภ์),1,1,ttrs,,False
พรานกระต่าย,1,1,th_sl,PLACE,False
พริก (ภาษามือโรงเรียนเศรษฐเสถียรในพระราชูปถัมภ์),1,1,ttrs,,False
พริกขี้หนู,1,1,th_sl,,False
พริกขี้หนู (ภาษามือโรงเรียนเศรษฐเสถียรในพระราชูปถัมภ์),1,1,ttrs,,False
พริกชี้ฟ้า,1,1,ttrs,,False
พริกชี้ฟ้าเขียว (ภาษามือโรงเรียนเศรษฐเสถียรในพระราชูปถัมภ์),1,1,ttrs,,False
พริกชี้ฟ้าแดง (ภาษามือโรงเรียนเศรษฐเสถียรในพระราชูปถัมภ์),1,1,ttrs,,False
พริกชี้ี้ฟ้าเหลือง,1,1,ttrs,,False
พริกหยวก,1,1,th_sl,,False
พริกหยวก (ภาษามือโรงเรียนเศรษฐเสถียรในพระราชูปถัมภ์),1,1,ttrs,,False
พริกหวาน (ภาษามือโรงเรียนเศรษฐเสถียรในพระราชูปถัมภ์),1,1,ttrs,,False
พริกเหลือง,1,1,th_sl,,False
พริกเหลือง (ภาษามือโรงเรียนเศรษฐเสถียรในพระราชูปถัมภ์),1,1,ttrs,,False
พริกไทย (ภาษามือโรงเรียนเศรษฐเสถียรในพระราชูปถัมภ์),1,1,ttrs,,False
พริกไทยสด,1,1,th_sl,,False
พริกไทยสด (ภาษามือโรงเรียนเศรษฐเสถียรในพระราชูปถัมภ์),1,1,ttrs,,False
พริษฐ์ ชิวารักษ์,1,1,th_sl,SUBJ,False
พริษฐ์ วัชรสินธุ,1,1,th_sl,,False
พรีเมียร์ชิพ,1,1,th_sl,,False
พรีเมียร์ลีก,1,1,th_sl,,False
พรีเมี่ยม,1,1,th_sl,,False
พรเพชร วิชิตชลชัย,1,1,th_sl,SUBJ,False
พร้อม,1,1,th_sl,VERB,True
พร้อมพงษ์,1,1,th_sl,,False
พฤกษศาสตร์,1,1,th_sl,,False
พฤติกรรม,1,1,th_sl,OBJ,False
พลบค่ำคืน,1,1,th_sl,,False
พลศึกษา,1,1,th_sl,,False
พลอย,1,1,th_sl,,False
พละ,1,1,th_sl,,False
พลัง,1,1,th_sl,OBJ,False
พลังกาญจน์ เอฟซี,1,1,th_sl,,False
พลังงาน (ภาษามือโรงเรียนเศรษฐเสถียรในพระราชูปถัมภ์),1,1,ttrs,OBJ,False
พลังงานนิวเคลียร์,1,1,ttrs,,False
พลังงานลม,1,1,ttrs,,False
พลังงานแสงอาทิตย์,1,1,ttrs,,False
พลาสติก,1,1,th_sl,,False
พลิก,1,1,ttrs,,False
พลเมือง,1,1,ttrs,OBJ,False
พลเอกประวิตร วงษ์สุวรรณ,1,1,th_sl,,False
พวกเขา (ภาษามือโรงเรียนเศรษฐเสถียรในพระราชูปถัมภ์),1,1,ttrs,SUBJ,False
พวกเธอทุกคนตัวเล็ก ๆ ทั้งนั้นเลย,1,1,ttrs,,False
พวกเธอทุกคนตัวโต ๆ ทั้งนั้นเลย,1,1,ttrs,,False
พวกเรา,1,1,th_sl,,True
พวกเรา (ภาษามือโรงเรียนเศรษฐเสถียรในพระราชูปถัมภ์),1,1,ttrs,SUBJ,False
พวงกุญแจ,1,1,ttrs,OBJ,False
พวงมาลัย,1,1,ttrs,,False
พวงมาลัยดอกไม้,1,1,ttrs,,False
พวงหรีด,1,1,th_sl,,False
พหุนาม (ภาษามือโรงเรียนเศรษฐเสถียรในพระราชูปถัมภ์),1,1,ttrs,OBJ,False
พอ (ไหม),1,1,ttrs,,False
"พอ, หยุด",1,1,ttrs,,False
พอดี,1,1,th_sl,,False
พอประมาณ (ภาษามือโรงเรียนเศรษฐเสถียรในพระราชูปถัมภ์),1,1,ttrs,OBJ,False
พอเพียง,1,1,th_sl,,False
พอใจ,1,1,th_sl,,False
พอใช้,1,1,th_sl,,False
พัก,1,1,th_sl,,True
พักชำระหนี้,1,1,ttrs,,False
พักผ่อน,1,1,th_sl,VERB,False
พัฒนา (ภาษามือโรงเรียนเศรษฐเสถียรในพระราชูปถัมภ์),1,1,ttrs,VERB,False
พัฒนาขึ้น,1,1,ttrs,,False
พัฒนาเศรษฐกิจ (ภาษามือโรงเรียนเศรษฐเสถียรในพระราชูปถัมภ์),1,1,ttrs,VERB,False
พัฒน์พงษ์,1,1,th_sl,,False
พัด,1,1,th_sl,VERB,False
พัดพับ,1,1,th_sl,,False
พัดลมชนิดที่มีขาตั้งสูง,1,1,ttrs,OBJ,False
พัดลมตั้งพื้น,1,1,th_sl,,False
พัทยา,1,1,th_sl,PLACE,False
พัทยากลาง,1,1,th_sl,,False
พัทยาเหนือ,1,1,th_sl,,False
พัทยาใต้,1,1,th_sl,,False
พัทลุง,1,1,th_sl,PLACE,False
พันธกิจ,1,1,th_sl,,False
พันธะเคมี (ภาษามือโรงเรียนเศรษฐเสถียรในพระราชูปถัมภ์),1,1,ttrs,OBJ,False
พันธุกรรม,1,1,th_sl,,False
พันล้าน,1,1,th_sl,,False
พันวิสัย,1,1,th_sl,,False
พัศดี,1,1,ttrs,,False
พัสดุ,1,1,ttrs,,False
พา,1,1,th_sl,VERB,False
พาณิภัค วงศ์พัฒนกิจ,1,1,th_sl,SUBJ,False
พาต้า,1,1,th_sl,PLACE,False
พาต้า (ภาษามือโรงเรียนเศรษฐเสถียร),1,1,ttrs,,False
พาต้า สาขาประตูน้ำ,1,1,th_sl,PLACE,False
พาน,1,1,th_sl,PLACE,False
พายุฝน,1,1,ttrs,,False
พายุลูกเห็บ,1,1,ttrs,,False
พายุหมุน,1,1,ttrs,,False
พายุหิมะ,1,1,ttrs,,False
พายุเทอร์นาโด,1,1,ttrs,,False
พายุเฮอร์ริเคน,1,1,ttrs,,False
พายุใต้ฝุ่น,1,1,ttrs,,False
พายุไซโคลน,1,1,ttrs,,False
พาสต้า,1,1,ttrs,,False
พาสาน,1,1,th_sl,PLACE,False
พิจารณา,1,1,th_sl,VERB,False
พิจิตร,1,1,th_sl,PLACE,False
พิชัย,1,1,th_sl,PLACE,False
พิชัย ชุณหวชิร,1,1,th_sl,SUBJ,False
พิชัย นริพทะพันธุ์,1,1,th_sl,SUBJ,False
พิซซ่า คอมปานี,1,1,th_sl,,False
พิซซ่า ฮัท,1,1,th_sl,,False
พิซซ่า โดมิโน,1,1,th_sl,,False
พิณ,1,1,ttrs,,False
พิธา ลิ้มเจริญรัตน์,1,1,th_sl,,False
พิธีหมั้น,1,1,th_sl,,False
พินิจพิจารณา,1,1,th_sl,,False
พิพัฒน์ รัชกิจประการ,1,1,th_sl,SUBJ,False
พิพากษา,1,1,ttrs,,False
พิพาท,1,1,th_sl,,False
พิพิธภัณฑสถานแห่งชาติเชียงใหม่,1,1,th_sl,,False
พิพิธภัณฑ์การแพทย์แผนไทยอภัยภูเบศร,1,1,th_sl,,False
พิพิธภัณฑ์ช้างเอราวัณ (ช้างสามเศียร),1,1,th_sl,,False
พิพิธภัณฑ์บ้านดำ,1,1,th_sl,PLACE,False
พิพิธภัณฑ์บ้านเขายี่สาร,1,1,th_sl,,False
พิพิธภัณฑ์วิทยาศาสตร์,1,1,th_sl,,False
พิพิธภัณฑ์สถานเมืองตราด,1,1,th_sl,,False
พิพิธภัณฑ์สัตว์น้ำ,1,1,th_sl,,False
พิพิธภัณฑ์หอยหิน150ล้านปี,1,1,th_sl,,False
พิพิธภัณฑ์หุ่นขี้ผึ้งไทย,1,1,th_sl,,False
พิพิธภัณฑ์เซรามิกธนบดี,1,1,th_sl,PLACE,False
พิพิธภัณฑ์เมืองลับแล,1,1,th_sl,PLACE,False
พิพิธภัณฑ์เมืองอัญมณี,1,1,th_sl,,False
พิมพ์ข้อความทางโทรศัพท์มือถือ,1,1,th_sl,,False
พิมพ์คีย์บอร์ด (ภาษามือวิทยาลัยราชสุดา),1,1,ttrs,VERB,False
พิมพ์นิ้ว,1,1,th_sl,,False
พิมรี่พาย,1,1,th_sl,SUBJ,False
พิลึก,1,1,th_sl,,False
พิษ,1,1,th_sl,OBJ,False
พิษณุโลก,1,1,th_sl,PLACE,False
พิสูจน์,1,1,th_sl,VERB,False
พิเชษฐ์ เชื้อเมืองพาน,1,1,th_sl,SUBJ,False
พีชคณิต (ภาษามือโรงเรียนเศรษฐเสถียรในพระราชูปถัมภ์),1,1,ttrs,OBJ,False
พีระพันธุ์ สาลีรัฐวิภาค,1,1,th_sl,,False
พี่ชาย-น้องชาย ร่วมบิดาหรือมารดาเดียวกัน,1,1,ttrs,OBJ,False
พี่น้อง (ภาษามือโรงเรียนเศรษฐเสถียรในพระราชูปถัมภ์),1,1,ttrs,SUBJ,False
พี่สาว-น้องสาว ร่วมบิดาหรือมารดาเดียวกัน,1,1,ttrs,OBJ,False
พี่เลี้ยง,1,1,th_sl,,False
พืช,1,1,ttrs,,False
พืชผัก,1,1,th_sl,,False
พืชสวน โลก เชียงใหม่,1,1,th_sl,PLACE,False
พื้น,1,1,ttrs,OBJ,False
พื้นฐาน,1,1,th_sl,OBJ,False
พื้นที่ควบคุม,1,1,ttrs,,False
พื้นที่ควบคุมสูงสุด,1,1,ttrs,,False
พื้นที่ควบคุมสูงสุดและเข้มงวด,1,1,ttrs,,False
พื้นที่ผิว (ภาษามือโรงเรียนเศรษฐเสถียรในพระราชูปถัมภ์),1,1,ttrs,OBJ,False
พื้นที่ห้องสี่เหลี่ยม,1,1,ttrs,,False
พื้นที่เฝ้าระวัง,1,1,ttrs,,False
พื้นที่เฝ้าระวังสูง,1,1,ttrs,,False
พื้นที่เสี่ยง,1,1,ttrs,,False
พื้นที่แคบ,1,1,ttrs,,False
พื้นราบ เช่น โต๊ะ หรือ พื้น,1,1,th_sl,,False
พื้นหลังบนจอคอมพิวเตอร์,1,1,ttrs,,False
พื้นโลก (ภาษามือโรงเรียนเศรษฐเสถียรในพระราชูปถัมภ์),1,1,ttrs,OBJ,False
พุง,1,1,th_sl,,False
พุทธประวัติ (ภาษามือโรงเรียนเศรษฐเสถียรในพระราชูปถัมภ์),1,1,ttrs,,False
พุทธมณฑล,1,1,th_sl,PLACE,False
พุทธมณฑล (ภาษามือโรงเรียนเศรษฐเสถียร),1,1,ttrs,,False
พุทธมณฑล - โรงพยาบาลพุทธมณฑล,1,1,th_sl,PLACE,False
พุทธมณฑลจังหวัดตราด,1,1,th_sl,,False
พุทธมลฑล จ.นครปฐม,1,1,th_sl,PLACE,False
พุทธศาสนา,1,1,th_sl,,False
พุธ,1,1,th_sl,TIME,False
พุ่มไม้,1,1,ttrs,OBJ,False
พูดดี,1,1,th_sl,,False
พูดมาก สำหรับคนหูดี,1,1,th_sl,,False
พูดมาก สำหรับคนหูหนวก,1,1,th_sl,,False
พูดสั้น ๆ,1,1,ttrs,,False
พูดเสียงดัง,1,1,ttrs,,False
พูดแล้ว,1,1,ttrs,,False
พูดโต้แย้ง,1,1,ttrs,VERB,False
พูดไม่ชัด,1,1,th_sl,VERB,False
พูดไม่สุภาพ,1,1,th_sl,,False
พูมา,1,1,th_sl,,False
พู่กันทาปาก,1,1,th_sl,,False
พ่อ (ภาษามือโรงเรียนเศรษฐเสถียรในพระราชูปถัมภ์),1,1,ttrs,SUBJ,False
พ่อม่าย,1,1,ttrs,OBJ,False
พ่อหม้าย,1,1,th_sl,,False
พ่ายแพ้,1,1,th_sl,VERB,False
พ้น,1,1,th_sl,,False
พ้นกำหนด,1,1,ttrs,,False
พ้นข้อหา,1,1,ttrs,,False
พ้นสภาพ,1,1,th_sl,,False
ฟ ฟัน,1,1,th_sl,,False
ฟรี,1,1,th_sl,,False
ฟรีวีซ่า,1,1,th_sl,,False
ฟลุต,1,1,ttrs,,False
ฟองน้ำ,1,1,ttrs,,False
ฟองน้ำถูพื้น,1,1,ttrs,,False
ฟองน้ำแต่งหน้า,1,1,th_sl,,False
ฟองเบียร์,1,1,ttrs,,False
ฟอร์ด,1,1,th_sl,,False
ฟอเรสต์,1,1,th_sl,,False
ฟัก,1,1,ttrs,,False
ฟักข้าว,1,1,th_sl,,False
ฟักทอง (ภาษามือโรงเรียนเศรษฐเสถียรในพระราชูปถัมภ์),1,1,ttrs,,False
ฟักทองแกงบวด,1,1,th_sl,OBJ,False
ฟักเขียว,1,1,th_sl,,False
ฟักเขียว (ภาษามือโรงเรียนเศรษฐเสถียรในพระราชูปถัมภ์),1,1,ttrs,,False
ฟังก์ชั่น (ภาษามือโรงเรียนเศรษฐเสถียรในพระราชูปถัมภ์),1,1,ttrs,OBJ,False
ฟังก์ชั่นกำลังสอง (ภาษามือโรงเรียนเศรษฐเสถียรในพระราชูปถัมภ์),1,1,ttrs,OBJ,False
ฟังก์ชั่นขั้นบันได (ภาษามือโรงเรียนเศรษฐเสถียรในพระราชูปถัมภ์),1,1,ttrs,OBJ,False
ฟังก์ชั่นค่าสมบูรณ์ (ภาษามือโรงเรียนเศรษฐเสถียรในพระราชูปถัมภ์),1,1,ttrs,OBJ,False
ฟังก์ชั่นเชิงเส้น (ภาษามือโรงเรียนเศรษฐเสถียรในพระราชูปถัมภ์),1,1,ttrs,OBJ,False
ฟังก์ชั่นเอกซ์เพเนนเชียล (ภาษามือโรงเรียนเศรษฐเสถียรในพระราชูปถัมภ์),1,1,ttrs,OBJ,False
ฟังเพลง,1,1,ttrs,,False
ฟันคอ,1,1,th_sl,,False
ฟันคัด,1,1,th_sl,,False
ฟันดาบ,1,1,ttrs,,False
ฟันผุ,1,1,th_sl,,False
ฟันหลอ,1,1,ttrs,,False
ฟันแขน,1,1,th_sl,,False
ฟากท่า,1,1,th_sl,PLACE,False
ฟาร์มแกะทหารช่างค่ายจิรประวัติ,1,1,th_sl,PLACE,False
ฟาร์มโคนม ไทย-เดนมาร์ค,1,1,th_sl,,False
ฟิจิ,1,1,th_sl,PLACE,False
ฟิล์ม,1,1,th_sl,,False
ฟิล์มถ่ายรูป,1,1,ttrs,,False
ฟิวเจอร์ปาร์ค (ภาษามือโรงเรียนเศรษฐเสถียร),1,1,ttrs,,False
ฟุกุชิมา,1,1,th_sl,,False
ฟุกุอิ,1,1,th_sl,,False
ฟุ่มเฟีอย,1,1,th_sl,,False
ฟุ้งเฟ้อ,1,1,ttrs,,False
ฟูก,1,1,ttrs,OBJ,False
ฟูจิ,1,1,th_sl,,False
ฟ้อง,1,1,th_sl,,False
ฟ้องหย่า,1,1,th_sl,VERB,False
ฟ้า,1,1,th_sl,,False
ฟ้าแลบและฟ้าร้อง,1,1,ttrs,,False
ภ สำเภา,1,1,th_sl,,False
ภรรยาคนที่สาม,1,1,ttrs,OBJ,False
ภราดร พัฒนถาบุตร,1,1,th_sl,SUBJ,False
ภัย,1,1,th_sl,,False
ภัยคุกคาม,1,1,th_sl,,False
ภัยพิบัติ (ภาษามือโรงเรียนเศรษฐเสถียรในพระราชูปถัมภ์),1,1,ttrs,OBJ,False
ภัยพิบัติทางธรรมชาติ,1,1,th_sl,,False
ภาคกลาง,1,1,th_sl,,False
ภาคกลาง (ภาษามือโรงเรียนเศรษฐเสถียรในพระราชูปถัมภ์),1,1,ttrs,,False
ภาคการเกษตร (ภาษามือโรงเรียนเศรษฐเสถียรในพระราชูปถัมภ์),1,1,ttrs,OBJ,False
ภาคตะวันออก,1,1,th_sl,PLACE,False
ภาคตะวันออกเฉียงเหนือ,1,1,th_sl,PLACE,False
ภาคภูมิใจ,1,1,agent,,False
ภาคอุตสาหกรรม (ภาษามือโรงเรียนเศรษฐเสถียรในพระราชูปถัมภ์),1,1,ttrs,OBJ,False
ภาคเรียน,1,1,th_sl,,False
ภาคเรียนที่ 1,1,1,th_sl,,False
ภาคเรียนที่ 2,1,1,th_sl,,False
ภาคเหนือ,1,1,th_sl,PLACE,False
ภาคเหนือ (ภาษามือโรงเรียนเศรษฐเสถียรในพระราชูปถัมภ์),1,1,ttrs,,False
ภาคเอกชน,1,1,ttrs,,False
ภาคใต้,1,1,th_sl,PLACE,False
ภาคใต้ (ภาษามือโรงเรียนเศรษฐเสถียรในพระราชูปถัมภ์),1,1,ttrs,,False
ภาพ,1,1,agent,,False
ภาพถ่ายดาวเทียม (ภาษามือโรงเรียนเศรษฐเสถียรในพระราชูปถัมภ์),1,1,ttrs,OBJ,False
ภาพร่าง,1,1,ttrs,,False
ภาพวาดบุคคล,1,1,ttrs,,False
ภาพเลื่อน,1,1,ttrs,,False
ภายใน,1,1,ttrs,,False
ภารกิจ,1,1,th_sl,,False
ภาระ,1,1,th_sl,OBJ,False
ภาวนา,1,1,th_sl,,False
ภาวะเรือนกระจก (ภาษามือโรงเรียนเศรษฐเสถียรในพระราชูปถัมภ์),1,1,ttrs,OBJ,False
ภาวะโลกร้อน,1,1,ttrs,,False
ภาษา,1,1,th_sl,OBJ,True
ภาษา (ภาษามือโรงเรียนเศรษฐเสถียรในพระราชูปถัมภ์),1,1,ttrs,OBJ,False
ภาษากึ่งทางการ (ภาษามือโรงเรียนเศรษฐเสถียรในพระราชูปถัมภ์),1,1,ttrs,OBJ,False
ภาษาต่างประเทศ (ภาษามือโรงเรียนเศรษฐเสถียรในพระราชูปถัมภ์),1,1,ttrs,OBJ,False
ภาษาถิ่น (ภาษามือโรงเรียนเศรษฐเสถียรในพระราชูปถัมภ์),1,1,ttrs,OBJ,False
ภาษาทางการ (ภาษามือโรงเรียนเศรษฐเสถียรในพระราชูปถัมภ์),1,1,ttrs,OBJ,False
ภาษามือ (ภาษามือโรงเรียนเศรษฐเสถียรในพระราชูปถัมภ์),1,1,ttrs,OBJ,False
ภาษาอังกฤษ,1,1,th_sl,,False
ภาษาไทย (ภาษามือโรงเรียนเศรษฐเสถียรในพระราชูปถัมภ์),1,1,ttrs,OBJ,False
ภาษาไม่เป็นทางการ (ภาษามือโรงเรียนเศรษฐเสถียรในพระราชูปถัมภ์),1,1,ttrs,OBJ,False
ภาษีมูลค่าเพิ่ม,1,1,th_sl,OBJ,False
ภาษีหัก ณ ที่จ่าย,1,1,th_sl,,False
ภาษีเงินได้,1,1,th_sl,OBJ,False
ภาษีเงินได้นิติบุคคล,1,1,th_sl,,False
ภาษีเงินได้บุคคลธรรมดา,1,1,th_sl,,False
ภูกามยาว,1,1,th_sl,PLACE,False
ภูชี้ฟ้า,1,1,th_sl,PLACE,False
ภูซาง,1,1,th_sl,PLACE,False
ภูฏาน,1,1,th_sl,PLACE,False
ภูตะวัน,1,1,th_sl,PLACE,False
ภูพานน้อย,1,1,th_sl,,False
ภูมะเขือ จ.ศรีสะเกษ,1,1,th_sl,PLACE,False
ภูมิคุ้มกัน,1,1,ttrs,,False
ภูมิธรรม เวชยชัย,1,1,th_sl,SUBJ,False
ภูมิปัญญา,1,1,agent,,False
ภูมิภาคต่างๆ (ภาษามือโรงเรียนเศรษฐเสถียรในพระราชูปถัมภ์),1,1,ttrs,OBJ,False
ภูมิลำเนา,1,1,ttrs,,False
ภูมิศาสตร์,1,1,th_sl,,False
ภูลมโล,1,1,th_sl,PLACE,False
ภูสอยดาว,1,1,th_sl,,False
ภูสะนาว,1,1,th_sl,PLACE,False
ภูเก็ต,1,1,th_sl,PLACE,False
ภูเขาไฟระเบิด,1,1,ttrs,OBJ,False
ภูเพียง,1,1,th_sl,PLACE,False
ม ม้า,1,1,th_sl,,False
ม.1,1,1,th_sl,,False
ม.2,1,1,th_sl,,False
ม.3,1,1,th_sl,,False
ม.4,1,1,th_sl,,False
ม.5,1,1,th_sl,,False
ม.6,1,1,th_sl,,False
มงกุฎประดับเพชร,1,1,ttrs,,False
มณเฑียร บุญตัน,1,1,th_sl,SUBJ,False
มดลูก (ภาษามือโรงเรียนเศรษฐเสถียรในพระราชูปถัมภ์),1,1,ttrs,,False
มดลูกแตก,1,1,th_sl,,False
มติ,1,1,th_sl,,False
มติครม.,1,1,ttrs,,False
มนพร เจริญศรี,1,1,th_sl,SUBJ,False
มนุษย์,1,1,th_sl,,False
มนุษย์หมาป่า,1,1,ttrs,,False
มนุษย์อวกาศ,1,1,ttrs,OBJ,False
มรณบัตร,1,1,ttrs,,False
มรรค (ภาษามือโรงเรียนเศรษฐเสถียรในพระราชูปถัมภ์),1,1,ttrs,,False
มลพิษทางเสียง (ภาษามือโรงเรียนเศรษฐเสถียรในพระราชูปถัมภ์),1,1,ttrs,OBJ,False
มหภาค (ภาษามือโรงเรียนเศรษฐเสถียรในพระราชูปถัมภ์),1,1,ttrs,OBJ,False
มหาวิทยาลัย,1,1,th_sl,PLACE,True
มหาวิทยาลัย (ภาษามือโรงเรียนเศรษฐเสถียรในพระราชูปถัมภ์),1,1,ttrs,OBJ,False
มหาวิทยาลัยพายัพ,1,1,th_sl,,False
มหาวิทยาลัยเกษตรศาสตร์,1,1,ttrs,,False
มหาวิทยาลัยเทคโนโลยีราชมงคลพระนคร,1,1,th_sl,,False
มหาวิทยาลัยเทคโนโลยีราชมงคลล้านนา,1,1,th_sl,,False
มหาวิทยาลัยแม่โจ้,1,1,th_sl,,False
มหาสารคาม - มหาวิทยาลัยมหาสารคาม,1,1,th_sl,PLACE,False
มหิดล - มหาวิทยาลัยมหิดล,1,1,th_sl,PLACE,False
มหิดลสิทธาคาร,1,1,th_sl,,False
มหึมา,1,1,th_sl,,False
มองดูจากล่างขึ้นบน,1,1,th_sl,,False
มองเห็นผิด,1,1,ttrs,,False
มองเห็นลดลงเรื่อยๆ,1,1,th_sl,,False
มองโลกให้กว้างขึ้น,1,1,ttrs,ADJ,False
มองไม่เห็นทีละน้อย,1,1,ttrs,,False
มอนเตเนโกร,1,1,th_sl,PLACE,False
มอบ,1,1,th_sl,,False
มอบหมาย,1,1,ttrs,,False
มอบหมายหน้าที่ประจำ,1,1,ttrs,VERB,False
มอริเตเนีย,1,1,th_sl,PLACE,False
มอลตา,1,1,th_sl,PLACE,False
มอลโดวา,1,1,th_sl,PLACE,False
มอเตอร์ไซค์ไฟฟ้า,1,1,th_sl,OBJ,False
มอเตอร์ไซต์รับจ้าง,1,1,th_sl,,False
มะกอก,1,1,th_sl,OBJ,False
มะขามป้อม,1,1,th_sl,,False
มะขามเทศ,1,1,th_sl,OBJ,False
มะขามเทศ (ภาษามือโรงเรียนเศรษฐเสถียรในพระราชูปถัมภ์),1,1,ttrs,,False
มะนาว (ภาษามือโรงเรียนเศรษฐเสถียรในพระราชูปถัมภ์),1,1,ttrs,,False
มะนาวฝรั่ง,1,1,ttrs,,False
มะนิลา,1,1,th_sl,,False
มะม่วงงอม,1,1,ttrs,OBJ,False
"มะม่วงงอม, มะม่วงสุกเกินไป",1,1,ttrs,,False
มะม่วงดิบ,1,1,ttrs,OBJ,False
มะม่วงสุก,1,1,ttrs,OBJ,False
มะม่วงหิมพานต์,1,1,th_sl,OBJ,False
มะม่วงหิมพานต์ (ภาษามือโรงเรียนเศรษฐเสถียรในพระราชูปถัมภ์),1,1,ttrs,,False
มะยม (ภาษามือโรงเรียนเศรษฐเสถียรในพระราชูปถัมภ์),1,1,ttrs,,False
มะระจีน,1,1,th_sl,,False
มะระจีน (ภาษามือโรงเรียนเศรษฐเสถียรในพระราชูปถัมภ์),1,1,ttrs,,False
มะระไทย,1,1,th_sl,,False
มะระไทย (ภาษามือโรงเรียนเศรษฐเสถียรในพระราชูปถัมภ์),1,1,ttrs,,False
มะรืนนี้ (ภาษามือโรงเรียนเศรษฐเสถียรในพระราชูปถัมภ์),1,1,ttrs,,False
มะเขือ (ภาษามือโรงเรียนเศรษฐเสถียรในพระราชูปถัมภ์),1,1,ttrs,,False
มะเขือพวง (ภาษามือโรงเรียนเศรษฐเสถียรในพระราชูปถัมภ์),1,1,ttrs,,False
มะเขือม่วง,1,1,ttrs,,False
มะเขือเทศเล็ก,1,1,th_sl,,False
มะเขือเทศเล็ก (ภาษามือโรงเรียนเศรษฐเสถียรในพระราชูปถัมภ์),1,1,ttrs,,False
มะเขือเทศใหญ่ (ภาษามือโรงเรียนเศรษฐเสถียรในพระราชูปถัมภ์),1,1,ttrs,,False
มะเขือเปราะ,1,1,th_sl,,False
มะเดื่อ,1,1,ttrs,,False
มะเมีย,1,1,th_sl,,False
มะเร็ง,1,1,th_sl,OBJ,False
มะเส็ง,1,1,th_sl,,False
มะแม,1,1,th_sl,,False
มะโรง,1,1,th_sl,,False
มักกะสัน,1,1,th_sl,,False
มักกะโรนี,1,1,ttrs,,False
มัคคุเทศก์,1,1,ttrs,,False
มัด,1,1,agent,,False
มัดจำ,1,1,th_sl,,False
มัดจุก,1,1,th_sl,,False
มัทฉะ,1,1,th_sl,,False
มัธยฐาน (ภาษามือโรงเรียนเศรษฐเสถียรในพระราชูปถัมภ์),1,1,ttrs,OBJ,False
มัธยมศึกษา,1,1,ttrs,,False
มัธยมศึกษาตอนต้น,1,1,th_sl,,False
มัธยมศึกษาตอนปลาย,1,1,th_sl,,False
มัธยมศึกษาปีที่ 1 (ม.1),1,1,ttrs,OBJ,False
มัน,1,1,ttrs,,False
มันฝรั่งทอด,1,1,ttrs,,False
มันฝรั่งบด,1,1,ttrs,,False
มันฝรั่งแผ่นทอดกรอบ,1,1,ttrs,,False
มันเทศ,1,1,ttrs,,False
มันแกว (ภาษามือโรงเรียนเศรษฐเสถียรในพระราชูปถัมภ์),1,1,ttrs,,False
มัลดีฟส์,1,1,th_sl,PLACE,False
มั่ว,1,1,th_sl,VERB,False
มากกว่า,1,1,ttrs,,False
มากกว่า (ภาษามือโรงเรียนเศรษฐเสถียรในพระราชูปถัมภ์),1,1,ttrs,ADJ,False
มากกว่าหรือเท่ากับ,1,1,ttrs,,False
มาจากไหน,1,1,th_sl,,False
มาซิโดเนียเหนือ,1,1,th_sl,PLACE,False
มาตรการ,1,1,ttrs,,False
มาตรการ (ภาษามือโรงเรียนเศรษฐเสถียรในพระราชูปถัมภ์),1,1,ttrs,OBJ,False
มาตรฐาน,1,1,th_sl,,False
มาตรา,1,1,th_sl,OBJ,False
มาตราส่วน (ภาษามือโรงเรียนเศรษฐเสถียรในพระราชูปถัมภ์),1,1,ttrs,OBJ,False
มาบุญครอง (ภาษามือโรงเรียนเศรษฐเสถียร),1,1,ttrs,,False
มาม่า,1,1,th_sl,,False
มาร,1,1,th_sl,,False
มารดา,1,1,th_sl,,False
มารยาท,1,1,th_sl,OBJ,False
มารยาท (ภาษามือโรงเรียนเศรษฐเสถียรในพระราชูปถัมภ์),1,1,ttrs,OBJ,False
มารยาทในการดู (ภาษามือโรงเรียนเศรษฐเสถียรในพระราชูปถัมภ์),1,1,ttrs,OBJ,False
มารยาทในการพูด (ภาษามือโรงเรียนเศรษฐเสถียรในพระราชูปถัมภ์),1,1,ttrs,OBJ,False
มารยาทในการฟัง (ภาษามือโรงเรียนเศรษฐเสถียรในพระราชูปถัมภ์),1,1,ttrs,OBJ,False
มารับตัวผู้ทำท่ามือ,1,1,th_sl,,False
มาร์คโฟร์ พลาซ่า,1,1,th_sl,,False
มาลี,1,1,th_sl,PLACE,False
มาสด้า,1,1,th_sl,,False
มาสาย,1,1,th_sl,VERB,False
มาได้จังหวะพอดี,1,1,ttrs,VERB,False
มิกกี้เมาส์,1,1,th_sl,,False
มิตซูบิชิ,1,1,th_sl,,False
มิตรภาพ,1,1,ttrs,,False
มินนี่เมาส์,1,1,th_sl,,False
มิยาซากิ,1,1,th_sl,,False
มิรินต้า,1,1,th_sl,,False
มิลลิลิตร,1,1,ttrs,,False
มิลลิเมตร,1,1,ttrs,,False
มิสเจนเดอร์,1,1,th_sl,,False
มิสเตอร์ โดนัท,1,1,th_sl,,False
มิสเตอร์ดีไอวาย,1,1,th_sl,,False
มิเอะ,1,1,th_sl,,False
มีคนมาบอกฉัน,1,1,ttrs,VERB,False
มีความสุข,1,1,ttrs,,True
มีดคัตเตอร์,1,1,th_sl,,False
มีดโกนกันคิ้ว,1,1,th_sl,,False
มีดโกนไฟฟ้า,1,1,ttrs,OBJ,False
มีนบุรี,1,1,th_sl,,False
มีประโยชน์,1,1,ttrs,VERB,False
มีผู้โดยสารจำนวนน้อยในรถที่กำลังแล่นอยู่,1,1,ttrs,,False
มีผู้โดยสารจำนวนมากในรถที่กำลังแล่นอยู่,1,1,ttrs,,False
มีภูมิคุ้มกัน,1,1,ttrs,VERB,False
มีมากในกลุ่มหนึ่ง,1,1,ttrs,,False
มีระเบียบ,1,1,ttrs,,False
มีลมแรง,1,1,ttrs,,False
มีเงินมาก,1,1,ttrs,,False
มีเมตตา,1,1,ttrs,,False
มีเสมหะ,1,1,ttrs,,False
มีเหตุผล,1,1,ttrs,VERB,False
มีแดดจัด,1,1,ttrs,,False
มึง,1,1,th_sl,,False
มึนศีรษะ,1,1,ttrs,,False
มืด,1,1,ttrs,ADJ,False
มือถือ,1,1,th_sl,OBJ,False
มือถือแบบกด,1,1,th_sl,,False
มือสอง,1,1,th_sl,,False
มือหนึ่ง,1,1,th_sl,,False
มืออาชีพ,1,1,th_sl,,False
มือใหม่,1,1,th_sl,,False
มุดเข้าถ้ำ,1,1,ttrs,,False
มุม (ภาษามือโรงเรียนเศรษฐเสถียรในพระราชูปถัมภ์),1,1,ttrs,OBJ,False
มุมก้ม (ภาษามือโรงเรียนเศรษฐเสถียรในพระราชูปถัมภ์),1,1,ttrs,OBJ,False
มุมฉาก,1,1,ttrs,OBJ,False
มุมป้าน,1,1,ttrs,OBJ,False
มุมมอง,1,1,th_sl,,False
มุมยอด,1,1,ttrs,OBJ,False
มุมเงย (ภาษามือโรงเรียนเศรษฐเสถียรในพระราชูปถัมภ์),1,1,ttrs,OBJ,False
มุมแหลม,1,1,ttrs,OBJ,False
มุสา,1,1,th_sl,,False
มูลนิธินวัตกรรมทางสังคม,1,1,th_sl,,False
มูลนิธิส่งเสริมและพัฒนาคนหูหนวกไทย,1,1,th_sl,,False
มูลนิธิเพื่อคนพิการ,1,1,ttrs,,False
มโหฬาร,1,1,th_sl,,False
ม่อนลับแล,1,1,th_sl,PLACE,False
ม่อนหมอกตะวัน,1,1,th_sl,PLACE,False
ม่อนแจ่ม,1,1,th_sl,PLACE,False
ม่านกันแดด,1,1,ttrs,OBJ,False
ม่านบังอาบน้ำ,1,1,ttrs,,False
ม้าก้านกล้วย,1,1,agent,,False
ม้าดีดกะโหลก - แรงจัง,1,1,th_sl,,False
ม้านั่งสำรอง,1,1,th_sl,,False
ม้านิลมังกร (ภาษามือโรงเรียนเศรษฐเสถียรในพระราชูปถัมภ์),1,1,ttrs,OBJ,False
ย ยักษ์,1,1,th_sl,,False
ยก,1,1,th_sl,VERB,False
ยกน้ำหนัก,1,1,ttrs,,False
ยกมือ,1,1,th_sl,,False
ยกมือไหว้,1,1,th_sl,,False
ยกระดับ,1,1,th_sl,,False
ยติภังค์,1,1,ttrs,OBJ,False
ยศชนัน วงศ์สวัสดิ์,1,1,th_sl,SUBJ,False
ยอด,1,1,ttrs,,False
ยอดนิยม,1,1,th_sl,,False
ยอดเขา,1,1,th_sl,,False
ยอดเยี่ยม,1,1,th_sl,,False
ยอดเสียชีวิตสะสม,1,1,ttrs,,False
ยอม,1,1,th_sl,,False
ยอมความ,1,1,th_sl,VERB,False
ยอมแพ้,1,1,th_sl,,False
ยักยอก,1,1,th_sl,,False
ยังมีเวลาเหลืออยู่อีกนาน,1,1,ttrs,,False
ยังไม่ได้แต่งงาน,1,1,ttrs,,False
ยัดไส้,1,1,ttrs,,False
ยั่งยืน,1,1,ttrs,VERB,False
ยา,1,1,th_sl,,True
ยาก,1,1,th_sl,STATE,True
ยาขัดรองเท้า,1,1,ttrs,,False
ยางดิบ,1,1,ttrs,OBJ,False
ยางปั๊มชักโครก,1,1,ttrs,,False
ยางมะตอย,1,1,ttrs,OBJ,False
ยางสังเคราะห์,1,1,ttrs,OBJ,False
ยาดม,1,1,th_sl,OBJ,False
ยาดมหงส์ไทย,1,1,th_sl,,False
ยาทาแผล,1,1,th_sl,,False
ยาบ้า,1,1,th_sl,,False
ยาพ่นคอ,1,1,th_sl,,False
ยาพ่นจมูก,1,1,th_sl,,False
ยามากุจิ,1,1,th_sl,,False
ยามานาชิ,1,1,th_sl,,False
ยามาฮ่า,1,1,th_sl,,False
ยาย (ภาษามือโรงเรียนเศรษฐเสถียรในพระราชูปถัมภ์),1,1,ttrs,SUBJ,False
ยายทวด,1,1,th_sl,,False
ยาล้างแผล,1,1,th_sl,,False
ยาว (ภาษามือโรงเรียนเศรษฐเสถียรในพระราชูปถัมภ์),1,1,ttrs,ADJ,False
ยาสระผม (2) (ภาษามือโรงเรียนเศรษฐเสถียรในพระราชูปถัมภ์),1,1,ttrs,OBJ,False
ยาสระผม (ภาษามือโรงเรียนเศรษฐเสถียรในพระราชูปถัมภ์),1,1,ttrs,OBJ,False
ยาสลบ,1,1,th_sl,,False
ยาสามัญประจำบ้าน,1,1,ttrs,,False
ยาหม่อง,1,1,th_sl,OBJ,False
ยาอี,1,1,th_sl,,False
ยาฮอร์โมน,1,1,th_sl,,False
ยาเพร็พ,1,1,th_sl,,False
ยาเม็ด,1,1,th_sl,,False
ยาเม็ดคุมกำเนิด,1,1,ttrs,OBJ,False
ยาเม็ดเล็ก,1,1,th_sl,,False
ยาเลิฟ,1,1,th_sl,,False
ยาเสพติด,1,1,th_sl,,False
ยาโยอิ,1,1,th_sl,,False
ยำ,1,1,th_sl,OBJ,False
ยำเตา,1,1,th_sl,,False
ยำไก่บ้าน,1,1,th_sl,,False
ยิงกราด,1,1,th_sl,,False
ยินดี,1,1,th_sl,VERB,True
ยินดีด้วย,1,1,th_sl,,True
ยินดีต้อนรับ,1,1,ttrs,OBJ,False
ยินยอม,1,1,th_sl,,False
ยิ่งลักษณ์ ชินวัตร,1,1,th_sl,,False
ยีน,1,1,th_sl,,False
ยี่สิบสอง,1,1,ttrs,,False
ยี่สิบสาม,1,1,ttrs,,False
ยี่สิบสี่,1,1,ttrs,,False
ยี่สิบห้า,1,1,ttrs,,False
ยี่สิบห้าสตางค์,1,1,ttrs,OBJ,False
ยี่ห้อ,1,1,th_sl,,False
ยี่่สิบเอ็ด,1,1,ttrs,,False
ยี้,1,1,th_sl,,False
ยึด,1,1,th_sl,,False
ยึดครอง,1,1,th_sl,,False
ยึดอำนาจ,1,1,ttrs,VERB,False
ยืดเส้น,1,1,th_sl,,False
ยืนยัน,1,1,th_sl,,False
ยุคโลกาภิวัตน์,1,1,ttrs,,False
ยุติ,1,1,ttrs,VERB,False
ยุติธรรม,1,1,th_sl,,False
ยุทธพล ศรีสมพงษ์,1,1,th_sl,SUBJ,False
ยุบสภา,1,1,th_sl,VERB,False
ยุยง,1,1,ttrs,,False
ยุวกาชาด,1,1,ttrs,,False
ยุวทูตสิ่งแวดล้อม,1,1,ttrs,,False
ยุโรป (ภาษามือโรงเรียนเศรษฐเสถียรในพระราชูปถัมภ์),1,1,ttrs,OBJ,False
ยุ่ง,1,1,th_sl,VERB,True
ยูทูป,1,1,th_sl,,False
ยูนิคอร์น,1,1,th_sl,,False
ยูนิโคล่,1,1,th_sl,,False
ยูเครน,1,1,th_sl,PLACE,False
ยูเอฟโอ,1,1,th_sl,,False
ยูเอสบี,1,1,th_sl,,False
ยูโร,1,1,th_sl,,False
ย่อ,1,1,th_sl,,False
ย่อย,1,1,th_sl,,False
ย่า (ภาษามือโรงเรียนเศรษฐเสถียรในพระราชูปถัมภ์),1,1,ttrs,SUBJ,False
ย่า-ยาย,1,1,ttrs,OBJ,False
ย่าทวด,1,1,th_sl,,False
ย่ำรุ้ง - ออกก่อนเช้า,1,1,th_sl,,False
ย้อนหลัง,1,1,th_sl,,False
ย้าย,1,1,th_sl,VERB,False
ย้ายจากกรุงเทพฯ ไปภาคตะวันออกเฉียงเหนือ,1,1,th_sl,,False
ย้ายจากกรุุงเทพฯ ไปภาคตะวันออกเฉียงเหนือ,1,1,ttrs,,False
ย้ายจากที่หนึ่งไปที่หนึ่ง,1,1,th_sl,,False
ย้ายบ่อย ๆ,1,1,ttrs,,False
ย้ายบ้าน,1,1,ttrs,,False
ย้ายออก,1,1,ttrs,,False
ยําทะเลรวมมิตร,1,1,th_sl,,False
ร เรือ,1,1,th_sl,,False
รก,1,1,th_sl,,False
รถคว่ำ,1,1,th_sl,,False
รถจักรยาน (ภาษามือโรงเรียนเศรษฐเสถียรในพระราชูปถัมภ์),1,1,ttrs,,False
รถจักรยานยนต์ (ภาษามือโรงเรียนเศรษฐเสถียรในพระราชูปถัมภ์),1,1,ttrs,,False
รถจักรยานยนต์สำหรับผู้หญิง,1,1,ttrs,OBJ,False
รถจิ๊ป Jeep,1,1,th_sl,,False
รถชนคนกระเด็นไปไกล,1,1,th_sl,,False
รถซูซูกิ,1,1,th_sl,,False
รถติด,1,1,th_sl,,False
รถตุ๊ก ตุ๊ก (ภาษามือโรงเรียนเศรษฐเสถียรในพระราชูปถัมภ์),1,1,ttrs,,False
รถถัง จิตรเมืองนนท์,1,1,th_sl,,False
รถธรรมดา (ภาษามือโรงเรียนเศรษฐเสถียรในพระราชูปถัมภ์),1,1,ttrs,,False
รถนิสสัน,1,1,th_sl,,False
รถปรับอากาศ,1,1,th_sl,OBJ,False
รถปรับอากาศ (ภาษามือโรงเรียนเศรษฐเสถียรในพระราชูปถัมภ์),1,1,ttrs,,False
รถปอร์เช่,1,1,th_sl,,False
รถพ่วง,1,1,th_sl,OBJ,False
รถพ่วง (ภาษามือโรงเรียนเศรษฐเสถียรในพระราชูปถัมภ์),1,1,ttrs,,False
รถฟอร์ด,1,1,th_sl,,False
รถมาสด้า,1,1,th_sl,,False
รถยนต์ชนกันแบบประสานงา,1,1,ttrs,,False
รถยนต์ยี่ห้อ เนโว a05,1,1,th_sl,,False
รถยนต์ไฟฟ้า,1,1,th_sl,OBJ,False
รถยนต์ไฟฟ้า jaecoo 5,1,1,th_sl,,False
รถยนต์ไฟฟ้า jaecoo6,1,1,th_sl,,False
รถยนต์ไฟฟ้า ดีพอล,1,1,th_sl,,False
รถราง,1,1,th_sl,,False
รถวอลโว่,1,1,th_sl,,False
รถสองแถว,1,1,th_sl,OBJ,False
รถสองแถว (ภาษามือโรงเรียนเศรษฐเสถียรในพระราชูปถัมภ์),1,1,ttrs,,False
รถสามล้อเครื่อง (รถตุ๊กตุ๊ก),1,1,ttrs,,False
รถสิบล้อ (ภาษามือโรงเรียนเศรษฐเสถียรในพระราชูปถัมภ์),1,1,ttrs,,False
รถส่วนตัว,1,1,th_sl,,False
รถหกล้อ,1,1,th_sl,OBJ,False
รถหกล้อ (ภาษามือโรงเรียนเศรษฐเสถียรในพระราชูปถัมภ์),1,1,ttrs,,False
รถหมุน,1,1,th_sl,,False
รถอีซูซุ,1,1,th_sl,,False
รถฮุนได,1,1,th_sl,,False
รถเกีย,1,1,th_sl,,False
รถเก๋ง,1,1,th_sl,,False
รถเข็นผู้ป่วย,1,1,th_sl,,False
รถเข็นหนังสือ,1,1,ttrs,,False
รถเบนท์ลีย์,1,1,th_sl,,False
รถเฟอร์รารี,1,1,th_sl,,False
รถเมล์ (ภาษามือโรงเรียนเศรษฐเสถียรในพระราชูปถัมภ์),1,1,ttrs,,False
รถเลกซัส,1,1,th_sl,,False
รถเอี้ยวตัวเสียการควบคุม,1,1,th_sl,,False
รถเอ็มจี,1,1,th_sl,,False
รถแบคโฮ,1,1,th_sl,,False
รถแล่นทับคน,1,1,th_sl,,False
รถแห่,1,1,th_sl,,False
รถโดยสาร ธรรมดา,1,1,th_sl,OBJ,False
รถโดยสารรับจ้าง,1,1,ttrs,,False
รถโดยสารสาธารณะ,1,1,ttrs,,False
รถโรงเรียน,1,1,ttrs,,False
รถไถ (ภาษามือโรงเรียนเศรษฐเสถียรในพระราชูปถัมภ์),1,1,ttrs,,False
รถไฟ (ภาษามือโรงเรียนเศรษฐเสถียรในพระราชูปถัมภ์),1,1,ttrs,,False
รถไฟความเร็วสูง,1,1,th_sl,,False
รถไฟฟ้า,1,1,th_sl,OBJ,False
รถไฟฟ้า (ภาษามือโรงเรียนเศรษฐเสถียรในพระราชูปถัมภ์),1,1,ttrs,,False
รถไฟฟ้า EV,1,1,th_sl,,False
รถไฟฟ้าสายสีชมพู,1,1,th_sl,OBJ,False
รถไฟฟ้าสายสีเหลือง,1,1,th_sl,PLACE,False
รถไฟฟ้าใต้ดิน (ภาษามือโรงเรียนเศรษฐเสถียรในพระราชูปถัมภ์),1,1,ttrs,,False
รถไฟลอยน้ำ เขื่อนป่าสักชล,1,1,th_sl,,False
รบ,1,1,th_sl,,False
รวดเร็ว,1,1,th_sl,,False
รวบ,1,1,th_sl,,False
รวบผมครึ่งหัว,1,1,th_sl,,False
รวบรวมข้อมูล,1,1,ttrs,VERB,False
รวย,1,1,th_sl,VERB,False
รสชาติหวาน (ภาษามือวิทยาลัยราชสุดา),1,1,ttrs,OBJ,False
รสรูทเบียร์,1,1,th_sl,,False
รหัสผ่าน,1,1,ttrs,,False
รหัสลับ,1,1,th_sl,,False
รองผู้อำนวยการ,1,1,th_sl,,False
รองเท้าบูท,1,1,ttrs,,False
รองเท้าฟุตบอล,1,1,th_sl,,False
รองเท้าวิ่ง,1,1,th_sl,,False
รองเท้าสตั๊ด,1,1,th_sl,,False
รองเท้าสเก็ต,1,1,th_sl,OBJ,False
รองเท้าส้นเข็ม,1,1,ttrs,,False
รองเท้าเกี๊ยะ,1,1,ttrs,,False
รองเท้าแตะแบบรัดส้น,1,1,ttrs,,False
รอตรงนี้,1,1,th_sl,,False
รอที่นี่,1,1,ttrs,,False
รอบแรก,1,1,th_sl,,False
รอบๆ,1,1,ttrs,,False
รอมฎอน ปันจอร์,1,1,th_sl,SUBJ,False
รอยคดโค้ง,1,1,ttrs,OBJ,False
รอยเลื่อน,1,1,ttrs,OBJ,False
ระกา,1,1,th_sl,,False
ระกำ,1,1,th_sl,OBJ,False
ระกำ (ภาษามือโรงเรียนเศรษฐเสถียรในพระราชูปถัมภ์),1,1,ttrs,,False
ระฆัง,1,1,agent,,False
ระงับ,1,1,th_sl,,False
ระงับข้อพิพาท,1,1,ttrs,,False
ระดม,1,1,th_sl,,False
ระดับ,1,1,th_sl,,False
ระดับชั้น,1,1,ttrs,,False
ระดับน้ำขึ้น,1,1,ttrs,,False
ระดับน้ำลง,1,1,ttrs,,False
ระดับพลังงาน,1,1,ttrs,OBJ,False
ระดับภาษา,1,1,ttrs,OBJ,False
ระดูขาว,1,1,ttrs,OBJ,False
ระทม,1,1,th_sl,,False
ระนาดฝรั่ง,1,1,ttrs,,False
ระบบขับถ่าย,1,1,ttrs,OBJ,False
ระบบจำนวนจริง,1,1,ttrs,OBJ,False
ระบบนิวเคลียร์,1,1,ttrs,OBJ,False
ระบบย่อยอาหาร,1,1,th_sl,,False
ระบบย่อยอาหาร (ภาษามือโรงเรียนเศรษฐเสถียรในพระราชูปถัมภ์),1,1,ttrs,,False
ระบบร่างกาย (ภาษามือโรงเรียนเศรษฐเสถียรในพระราชูปถัมภ์),1,1,ttrs,,False
ระบบสมการเชิงเส้น,1,1,ttrs,OBJ,False
ระบบสหกรณ์,1,1,ttrs,OBJ,False
ระบบสืบพันธุ์,1,1,ttrs,,False
ระบบสุริยะ,1,1,ttrs,OBJ,False
ระบบหมุนเวียนโลหิต,1,1,ttrs,OBJ,False
ระบบหายใจ,1,1,th_sl,,False
ระบบหายใจ (ภาษามือโรงเรียนเศรษฐเสถียรในพระราชูปถัมภ์),1,1,ttrs,,False
ระบบเศรษฐกิจ,1,1,ttrs,OBJ,False
ระบบไต่สวน,1,1,ttrs,,False
ระบาย,1,1,th_sl,VERB,False
ระบายความในใจ,1,1,th_sl,STATE,False
ระบายสี,1,1,th_sl,,False
ระบุ,1,1,th_sl,,False
ระมัดระวัง,1,1,th_sl,VERB,False
ระยอง เอฟซี,1,1,th_sl,,False
ระยะกว้าง (ภาษามือวิทยาลัยราชสุดา),1,1,ttrs,ADJ,False
ระยะฟักตัว,1,1,ttrs,,False
ระยะยาว,1,1,th_sl,,False
ระยะสั้น,1,1,th_sl,,False
ระยะห่างของเวลาหรือสถานที่,1,1,th_sl,,False
ระยะเวลาจำคุกสั้นลง,1,1,ttrs,,False
ระยะแคบ (ภาษามือวิทยาลัยราชสุดา),1,1,ttrs,ADJ,False
ระลอก 2,1,1,ttrs,,False
ระลึก,1,1,th_sl,VERB,False
ระเบิดปรมาณู,1,1,ttrs,,False
ระเบียง,1,1,ttrs,OBJ,False
ระเบียบหอพัก,1,1,th_sl,,False
รักชนก ศรีนอก,1,1,th_sl,SUBJ,False
รักบี้,1,1,ttrs,,False
รักษาความสะอาด,1,1,ttrs,,False
รักษาฟรี,1,1,ttrs,,False
รักษาหาย,1,1,ttrs,,False
รักสามเศร้า,1,1,th_sl,,False
รังษี กิติญาณทรัพย์,1,1,th_sl,SUBJ,False
รังสิต,1,1,th_sl,,False
รังสิต - มหาวิทยาลัยรังสิต,1,1,th_sl,PLACE,False
รังสิมันต์ โรม,1,1,th_sl,,False
รังสี,1,1,ttrs,OBJ,False
รังสีเบต้า,1,1,ttrs,OBJ,False
รังสีแกรมม่า,1,1,ttrs,OBJ,False
รังสีแอลฟ่า,1,1,ttrs,OBJ,False
รังเกียจ,1,1,th_sl,VERB,False
รังไข่ (ภาษามือโรงเรียนเศรษฐเสถียรในพระราชูปถัมภ์),1,1,ttrs,,False
รังไข่2 (ภาษามือโรงเรียนเศรษฐเสถียรในพระราชูปถัมภ์),1,1,ttrs,,False
รัชดาภิเษก,1,1,th_sl,,False
รัชนก อินทนนท์,1,1,th_sl,SUBJ,False
รัฐธรรมนูญแห่งราชอาณาจักรไทย,1,1,ttrs,,False
รัฐนิวเจอร์ซีย์,1,1,th_sl,,False
รัฐบาลข้ามขั้ว,1,1,th_sl,VERB,False
รัฐบาลเสียงข้างน้อย,1,1,th_sl,VERB,False
รัฐบาลเสียงข้างมาก,1,1,th_sl,VERB,False
รัฐประหาร,1,1,th_sl,OBJ,False
รัฐมนตรี,1,1,th_sl,SUBJ,False
รับคำฟ้อง,1,1,ttrs,,False
รับจ้าง,1,1,th_sl,VERB,False
รับซื้อ,1,1,th_sl,,False
รับทราบ,1,1,th_sl,,False
รับรอง,1,1,th_sl,VERB,False
รับราชการ,1,1,ttrs,VERB,False
รับสินบนก้อนใหญ่,1,1,ttrs,,False
รับสินบนเป็นประจำ,1,1,th_sl,,False
รับสิ่งที่เป็นปึกหรือสิ่งที่มีความหนา เช่น เช่น ปึกเงิน ปึกกระดาษ หนังสือ,1,1,th_sl,,False
รับเงิน,1,1,ttrs,,False
รับเงินผ่อนชำระ,1,1,ttrs,VERB,False
รับเงินใต้โต๊ะ,1,1,th_sl,,False
รับไม่ได้,1,1,ttrs,ADJ,False
รัศมี,1,1,ttrs,,False
รั่ว,1,1,th_sl,,False
รั้วรอบบ้าน,1,1,ttrs,,False
ราก (พืชหรือต้นไม้),1,1,ttrs,OBJ,False
รากที่สอง,1,1,ttrs,OBJ,False
รากบัว,1,1,ttrs,,False
รากศัพท์,1,1,ttrs,OBJ,False
ราคาแพง,1,1,th_sl,,False
ราคาไม่คงที่,1,1,ttrs,,False
รางน้ำฝน,1,1,ttrs,OBJ,False
รางวัลชมเชย,1,1,th_sl,,False
รางวัลรองชนะเลิศอันดับหนึ่ง,1,1,ttrs,OBJ,False
รางหญ้า,1,1,ttrs,,False
ราชการ,1,1,th_sl,,False
ราชกิจจานุเบกษา,1,1,ttrs,,False
ราชนาวี เอฟซี,1,1,th_sl,,False
ราชบุรี เอฟซี,1,1,th_sl,,False
ราชภัฎเพชรบุรี,1,1,th_sl,,False
ราชมังคลากีฬาสถาน,1,1,th_sl,,False
ราชยานพาหนะ,1,1,th_sl,,False
ราชวงศ์,1,1,ttrs,OBJ,False
ราชวิถี - โรงพยาบาลราชวิถี,1,1,th_sl,PLACE,False
ราชสุดา,1,1,th_sl,,False
ราชเทวี,1,1,th_sl,,False
รามคำแหง - โรงพยาบาลรามคำแหง,1,1,th_sl,PLACE,False
รามคำแหง 12,1,1,th_sl,,False
รามคำแหง 34,1,1,th_sl,,False
รามคำแหง-มหาวิทยาลัยรามคำแหง,1,1,th_sl,PLACE,False
รามอินทรา 3,1,1,th_sl,,False
รามอินทรา กม.4,1,1,th_sl,,False
รามอินทรา กม.6,1,1,th_sl,,False
รามอินทรา กม.9,1,1,th_sl,,False
รายการ,1,1,th_sl,,False
รายการคดีเด็ด,1,1,th_sl,,False
รายงานการประชุม พูด,1,1,th_sl,,False
รายงานการประชุม เล่ม,1,1,th_sl,,False
รายจ่ายมาก,1,1,ttrs,,False
รายละเอียด,1,1,th_sl,,False
รายวัน,1,1,th_sl,,False
รายเดือน,1,1,th_sl,,False
รายได้,1,1,th_sl,,False
รายได้มาก,1,1,ttrs,,False
รายได้ไม่ดี,1,1,ttrs,ADJ,False
ราวตากผ้า,1,1,th_sl,,False
ราวตากผ้าเช็ดตัว,1,1,ttrs,,False
ราเมง,1,1,th_sl,,False
รำคาญ,1,1,th_sl,VERB,True
รินน้ำออก,1,1,ttrs,,False
ริบ,1,1,th_sl,,False
ริบบิ้น,1,1,ttrs,,False
ริมกระดาษ,1,1,th_sl,,False
ริมน้ำปิง,1,1,th_sl,PLACE,False
ริมปิงซุปเปอร์มาร์เก็ต,1,1,th_sl,,False
ริ้วรอย,1,1,ttrs,,False
ริ้วรอยหน้าผาก,1,1,th_sl,,False
ริ้วรอยใต้ตา,1,1,th_sl,,False
รีบ,1,1,th_sl,,False
รีฟิล,1,1,th_sl,,False
รีเทนเนอร์,1,1,th_sl,,False
รีไซเคิล,1,1,th_sl,,False
รีไฟแนนซ์,1,1,th_sl,,False
รื้อถอนอย่างเร่งด่วน,1,1,ttrs,VERB,False
รื้อทำลาย,1,1,ttrs,VERB,False
รุ้ง,1,1,agent,,False
รุ้ง (ภาษามือโรงเรียนเศรษฐเสถียรในพระราชูปถัมภ์),1,1,ttrs,OBJ,False
รูทเบียร์ (น้ำอัดลมตราA&amp;W(รสรูทเบียร์)),1,1,th_sl,,False
รูบิค,1,1,th_sl,,False
รูปดาว,1,1,ttrs,,False
รูปถ่ายทางอากาศ,1,1,ttrs,OBJ,False
รูปธรรม,1,1,th_sl,,False
รูปประโยค,1,1,ttrs,,False
รูปพระจันทร์เสี้ยว,1,1,ttrs,,False
รูปสัญลักษณ์ของโปรแกรมคอมพิวเตอร์,1,1,ttrs,,False
รูปสี่เหลี่ยมผืนผ้า (เช่น โต๊ะ),1,1,ttrs,,False
รูปหกเหลี่ยม,1,1,ttrs,,False
รูปห้าเหลี่ยม,1,1,ttrs,,False
รูปแบบ,1,1,ttrs,OBJ,False
รูปแปดเหลี่ยม,1,1,ttrs,,False
รู้,1,1,th_sl,,True
รู้จัก,1,1,th_sl,VERB,True
ร็อค,1,1,th_sl,,False
ร่ม,1,1,ttrs,OBJ,False
ร่มชูชีพ,1,1,ttrs,OBJ,False
ร่วม,1,1,th_sl,,False
ร่วมกัน,1,1,ttrs,,False
ร่วมมือ,1,1,th_sl,,False
ร่อน,1,1,ttrs,,False
ร่อนลงอย่างช้าๆ,1,1,ttrs,VERB,False
ร่าง,1,1,th_sl,,False
ร่างกฏหมาย,1,1,ttrs,,False
ร่างกายภายใน,1,1,th_sl,,False
ร่างกายภายใน (ภาษามือโรงเรียนเศรษฐเสถียรในพระราชูปถัมภ์),1,1,ttrs,,False
"ร่าเริง, สุขใจ",1,1,ttrs,,False
ร้อนอบอ้าว,1,1,ttrs,,False
ร้อนใจ,1,1,ttrs,,False
ร้อย,1,1,th_sl,NUM,True
ร้อยกรอง,1,1,ttrs,OBJ,False
ร้อยละ เปอร์เซ็นต์,1,1,ttrs,,False
ร้อยล้าน,1,1,th_sl,,False
ร้อยแก้ว,1,1,ttrs,OBJ,False
ร้าง,1,1,th_sl,,False
ร้าน,1,1,th_sl,,True
ร้านขายของ (ภาษามือโรงเรียนเศรษฐเสถียร),1,1,ttrs,,False
ร้านค้าปลีก,1,1,ttrs,,False
ร้านตัดผมชาย,1,1,th_sl,,False
ร้านอาหารตามสั่ง (ภาษามือวิทยาลัยราชสุดา),1,1,ttrs,,False
ร้านเสริมสวย,1,1,th_sl,,False
ร้านไก่ทอดเท็กซัส,1,1,th_sl,,False
ฤ,1,1,th_sl,,False
ฤดูฝน,1,1,agent,,False
ฤดูใบไม้ผลิ,1,1,ttrs,,False
ฤดูใบไม้ร่วง,1,1,ttrs,,False
ฤา,1,1,th_sl,,False
ล ลิง,1,1,th_sl,,False
ลง,1,1,th_sl,VERB,False
ลงทะเบียน,1,1,ttrs,,False
ลมพัด,1,1,ttrs,,False
ลมแรง,1,1,ttrs,,False
ลวด,1,1,ttrs,,False
ลวนลาม,1,1,th_sl,VERB,False
ลหุโทษ,1,1,th_sl,OBJ,False
ลองกอง,1,1,th_sl,OBJ,False
ลองเสื้อ,1,1,ttrs,,False
ลอดช่องกะทิ,1,1,th_sl,OBJ,False
ลอย,1,1,ttrs,VERB,False
ลอยกระทง,1,1,th_sl,,False
ลอยน้ำ,1,1,th_sl,,False
ลอยอังคาร,1,1,th_sl,,False
ลอยแพ,1,1,ttrs,,False
ลอว์สัน,1,1,th_sl,,False
ละทิ้ง,1,1,th_sl,VERB,False
ละลุ,1,1,th_sl,,False
ละอองเรณู,1,1,ttrs,OBJ,False
ละอายใจ,1,1,th_sl,,False
ละเมิดทางปกครอง,1,1,ttrs,,False
ละเลยต่อหน้าที่,1,1,ttrs,,False
ละเว้นการกระทำ,1,1,ttrs,,False
ละเอียด,1,1,th_sl,,False
ลักลอบ,1,1,ttrs,,False
ลักษณะภูมิประเทศ,1,1,ttrs,OBJ,False
ลัตเวีย,1,1,th_sl,PLACE,False
ลับแล,1,1,th_sl,PLACE,False
ลัมโบร์กีนี,1,1,th_sl,,False
ลาก่อน,1,1,th_sl,STATE,True
ลาซาด้า,1,1,th_sl,OBJ,False
ลาดพร้าว,1,1,th_sl,,False
ลาดพร้าว 101,1,1,th_sl,,False
ลาดพร้าว 71,1,1,th_sl,,False
ลาดพร้าว 83,1,1,th_sl,,False
ลาดยาว,1,1,th_sl,PLACE,False
ลานกระบือ,1,1,th_sl,PLACE,False
ลานหน้าบ้าน,1,1,ttrs,OBJ,False
ลาบ,1,1,th_sl,OBJ,False
ลาบหมู (ภาษามือโรงเรียนเศรษฐเสถียรในพระราชูปถัมภ์),1,1,ttrs,,False
ลามก,1,1,th_sl,,False
ลายนิ้วมือ,1,1,ttrs,,False
ลายมือ,1,1,ttrs,,False
ลายมือหวัด,1,1,ttrs,OBJ,False
ลายสือไทย,1,1,ttrs,OBJ,False
ลาออก,1,1,th_sl,VERB,False
ลำดับคำที่ไม่ถูกต้อง,1,1,ttrs,,False
ลำดับจำนวน,1,1,ttrs,OBJ,False
ลำดับที่ยี่สิบ,1,1,ttrs,,False
ลำดับที่ยี่สิบสอง,1,1,ttrs,,False
ลำดับที่ยี่สิบสาม,1,1,ttrs,,False
ลำดับที่ยี่สิบสี่,1,1,ttrs,,False
ลำดับที่ยี่สิบห้า,1,1,ttrs,,False
ลำดับที่ยี่สิบเอ็ด,1,1,ttrs,,False
ลำดับที่สอง,1,1,ttrs,,False
ลำดับที่สาม,1,1,ttrs,,False
ลำดับที่สามสิบ,1,1,ttrs,,False
ลำดับที่สามสิบสอง,1,1,ttrs,,False
ลำดับที่สามสิบเอ็ด,1,1,ttrs,,False
ลำดับที่สิบ,1,1,ttrs,,False
ลำดับที่สิบสอง,1,1,ttrs,,False
ลำดับที่สิบสาม,1,1,ttrs,,False
ลำดับที่สิบสี่,1,1,ttrs,,False
ลำดับที่สิบหก,1,1,ttrs,,False
ลำดับที่สิบห้า,1,1,ttrs,,False
ลำดับที่สิบเก้า,1,1,ttrs,,False
ลำดับที่สิบเจ็ด,1,1,ttrs,,False
ลำดับที่สิบเอ็ด,1,1,ttrs,,False
ลำดับที่สิบแปด,1,1,ttrs,,False
ลำดับที่สี่,1,1,ttrs,,False
ลำดับที่สี่สิบ,1,1,ttrs,,False
ลำดับที่หก,1,1,ttrs,,False
ลำดับที่หกสิบ,1,1,ttrs,,False
ลำดับที่หนึ่ง,1,1,ttrs,,False
ลำดับที่หนึ่งพัน,1,1,ttrs,,False
ลำดับที่หนึ่งร้อย,1,1,ttrs,,False
ลำดับที่หนึ่งร้อยสอง,1,1,ttrs,,False
ลำดับที่หนึ่งร้อยเอ็ด,1,1,ttrs,,False
ลำดับที่ห้า,1,1,ttrs,,False
ลำดับที่ห้าสิบ,1,1,ttrs,,False
ลำดับที่เก้า,1,1,ttrs,,False
ลำดับที่เก้าสิบ,1,1,ttrs,,False
ลำดับที่เจ็ด,1,1,ttrs,,False
ลำดับที่เจ็ดสิบ,1,1,ttrs,,False
ลำดับที่แปด,1,1,ttrs,,False
ลำดับที่แปดสิบ,1,1,ttrs,,False
ลำดับอนันต์,1,1,ttrs,OBJ,False
ลำพูน วอริเออร์,1,1,th_sl,,False
ลำแสง,1,1,ttrs,OBJ,False
ลิขสิทธิ์,1,1,th_sl,,False
ลิงกอริลลา,1,1,ttrs,OBJ,False
ลิงก์,1,1,th_sl,,False
ลิงค์,1,1,th_sl,,False
ลิซ่า,1,1,th_sl,SUBJ,False
ลิตร,1,1,ttrs,,False
ลิทัวเนีย,1,1,th_sl,PLACE,False
ลิฟท์บันได,1,1,th_sl,OBJ,False
ลิเก,1,1,ttrs,,False
ลิเวอร์พูล,1,1,th_sl,,False
ลิ้นชัก,1,1,ttrs,,False
ลีดส์,1,1,th_sl,,False
ลีนา จังจรรจา,1,1,th_sl,SUBJ,False
ลีลาศ,1,1,th_sl,,False
ลี้,1,1,th_sl,PLACE,False
ลึก,1,1,th_sl,,False
ลืมไปเลย,1,1,ttrs,,False
ลื่น,1,1,th_sl,,False
ลื่นไถล,1,1,ttrs,,False
ลื่่นล้ม,1,1,ttrs,,False
ลุกขึ้นจากที่นอน,1,1,ttrs,,False
ลุมพินี,1,1,th_sl,,False
ลุ้น,1,1,th_sl,,False
ลูก (ภาษามือโรงเรียนเศรษฐเสถียรในพระราชูปถัมภ์),1,1,ttrs,SUBJ,False
ลูกกรงหน้าต่าง,1,1,ttrs,OBJ,False
ลูกกระพรวน,1,1,ttrs,OBJ,False
ลูกกวาดแบบเป็นแท่ง,1,1,ttrs,,False
ลูกกุญแจ,1,1,ttrs,OBJ,False
ลูกขนไก่,1,1,ttrs,,False
ลูกครึ่ง,1,1,th_sl,,False
ลูกจัน,1,1,th_sl,OBJ,False
ลูกจันทร์,1,1,th_sl,,False
ลูกชาย,1,1,ttrs,OBJ,False
ลูกชิ้นทอด,1,1,th_sl,,False
ลูกชุบ,1,1,th_sl,OBJ,False
ลูกดอก,1,1,ttrs,,False
ลูกตั้งเตะ,1,1,th_sl,,False
ลูกตาว,1,1,th_sl,OBJ,False
ลูกทุ่ม,1,1,th_sl,,False
ลูกธนู,1,1,ttrs,,False
ลูกบาศก์,1,1,ttrs,OBJ,False
ลูกบาสเกตบอล,1,1,ttrs,,False
ลูกบิดประตู,1,1,ttrs,OBJ,False
ลูกปัด,1,1,ttrs,,False
ลูกปืน,1,1,th_sl,,False
ลูกพลับ,1,1,th_sl,,False
ลูกฟุตบอล,1,1,ttrs,,False
ลูกรักบี้,1,1,ttrs,,False
ลูกรูบิก,1,1,ttrs,OBJ,False
ลูกวอลเลย์บอล,1,1,ttrs,,False
ลูกศิษย์,1,1,th_sl,,False
ลูกสุนัข,1,1,ttrs,OBJ,False
ลูกสูบ,1,1,th_sl,,False
ลูกหนี้,1,1,th_sl,OBJ,False
ลูกหม่อน,1,1,th_sl,,False
ลูกอม,1,1,th_sl,,False
ลูกเต๋า,1,1,ttrs,,False
ลูกเทนนิส,1,1,ttrs,,False
ลูกเบสบอล,1,1,ttrs,,False
ลูกเลี้ยง,1,1,ttrs,OBJ,False
ลูกเลี้ยงชาย,1,1,ttrs,OBJ,False
ลูกเลี้ยงหญิง,1,1,ttrs,OBJ,False
ลูกเสือ,1,1,th_sl,,False
ลูกแก้ว,1,1,ttrs,OBJ,False
ลูกแซ็ก,1,1,ttrs,,False
ลูกแมว,1,1,ttrs,OBJ,False
ลูกโทษ,1,1,th_sl,,False
ลูกโบว์ลิ่ง,1,1,ttrs,,False
ลูกโลก,1,1,ttrs,,False
ล็อกดาวน์,1,1,th_sl,,False
ล็อค,1,1,th_sl,VERB,False
ล็อตตารี่,1,1,th_sl,OBJ,False
ล่วงหน้า,1,1,th_sl,VERB,False
ล่องห่วงยาง,1,1,th_sl,,False
ล่องแก่ง,1,1,th_sl,,False
ล่องแก่งลำน้ำว้า,1,1,th_sl,PLACE,False
ล่องแก่งลำน้ำเข็ก,1,1,th_sl,PLACE,False
ล่าง,1,1,th_sl,VERB,False
ล่ามภาษามือธรรมชาติ,1,1,th_sl,,False
ล่ามภาษามือสากล,1,1,th_sl,,False
ล่ามภาษามือหูหนวก,1,1,th_sl,,False
ล่ามภาษามืออเมริกัน,1,1,th_sl,,False
ล้ม,1,1,th_sl,VERB,False
ล้อทอง,1,1,th_sl,,False
ล้อรถยนต์,1,1,th_sl,,False
ล้อแม็ก,1,1,th_sl,,False
ล้าง,1,1,th_sl,VERB,True
ล้างจาน,1,1,th_sl,,False
ล้างรถยนต์,1,1,th_sl,,False
ล้างรูป,1,1,th_sl,,False
ล้างหน้า,1,1,agent,,False
ล้าสมัย,1,1,th_sl,,False
ล้ำหน้า,1,1,th_sl,,False
ว แหวน,1,1,th_sl,,False
วกกลับ,1,1,th_sl,,False
วงกลมกลางสนาม,1,1,th_sl,OBJ,False
วงดนตรี,1,1,ttrs,,False
วงดนตรีขนาดใหญ่,1,1,ttrs,,False
วงรี,1,1,ttrs,,False
วงเล็บ,1,1,ttrs,OBJ,False
วงโคจร,1,1,ttrs,OBJ,False
วชิรบารมี,1,1,th_sl,PLACE,False
วนอุทยานภูลังกา,1,1,th_sl,PLACE,False
วรรค,1,1,ttrs,OBJ,False
วรรณคดี (ภาษามือโรงเรียนเศรษฐเสถียรในพระราชูปถัมภ์),1,1,ttrs,OBJ,False
วรรณยุกต์ (ภาษามือโรงเรียนเศรษฐเสถียรในพระราชูปถัมภ์),1,1,ttrs,OBJ,False
วรรณศิลป์ (ภาษามือโรงเรียนเศรษฐเสถียรในพระราชูปถัมภ์),1,1,ttrs,OBJ,False
วราวุธ ศิลปอาชา,1,1,th_sl,,False
วลี (ภาษามือโรงเรียนเศรษฐเสถียรในพระราชูปถัมภ์),1,1,ttrs,OBJ,False
วอก,1,1,th_sl,,False
วอลดอร์ฟ,1,1,th_sl,,False
วัคซีน,1,1,ttrs,,False
วังชิ้น,1,1,th_sl,PLACE,False
วังทรายพูน,1,1,th_sl,PLACE,False
วังทอง,1,1,th_sl,PLACE,False
วังศิลาแลง แกรนด์แคนยอน,1,1,th_sl,PLACE,False
วังเจ้า,1,1,th_sl,PLACE,False
วังเหนือ,1,1,th_sl,PLACE,False
วังโป่ง,1,1,th_sl,PLACE,False
วัจนภาษา (ภาษามือโรงเรียนเศรษฐเสถียรในพระราชูปถัมภ์),1,1,ttrs,OBJ,False
วัดกลางชัยมงคล,1,1,th_sl,,False
วัดกู่เต้า,1,1,th_sl,,False
วัดกู้ (พระนางเรือล่ม),1,1,th_sl,,False
วัดขุนอินทประมูล,1,1,th_sl,,False
วัดความดันโลหิต,1,1,th_sl,,False
วัดคีรีวงศ์ มหาเจดีย์พระจุฬามณีเจดีย์,1,1,th_sl,PLACE,False
วัดคีรีวิหาร,1,1,th_sl,,False
วัดคูยาง,1,1,th_sl,PLACE,False
วัดจอมสวรรค์,1,1,th_sl,,False
วัดจันเสน,1,1,th_sl,PLACE,False
วัดจามเทวี,1,1,th_sl,PLACE,False
วัดชลอ,1,1,th_sl,,False
วัดช้างล้อม,1,1,th_sl,PLACE,False
วัดดอนสัก,1,1,th_sl,PLACE,False
วัดดอยติ,1,1,th_sl,PLACE,False
วัดติโลกอาราม,1,1,th_sl,PLACE,False
วัดต้นโพธิ์ศรีมหาโพธิ,1,1,th_sl,,False
วัดถ้ำกลองเพล,1,1,th_sl,,False
วัดถ้ำคีรีธรรม,1,1,th_sl,,False
วัดถ้ำสุวรรณคูหา,1,1,th_sl,,False
วัดถ้ำเขาฉกรรจ์,1,1,th_sl,,False
วัดถ้ำเขาประทุน,1,1,th_sl,,False
วัดถ้ำเสือ,1,1,th_sl,,False
วัดถ้ำเอราวัณ,1,1,th_sl,,False
วัดทรายขาว,1,1,th_sl,PLACE,False
วัดทับทิมสยาม,1,1,th_sl,,False
วัดทับยายเชียง,1,1,th_sl,PLACE,False
วัดทางสาย,1,1,th_sl,,False
วัดทุ่งเสลี่ยมหลวงพ่อศิลา,1,1,th_sl,PLACE,False
วัดท่ากระบือ,1,1,th_sl,,False
วัดท่าอิฐ,1,1,th_sl,,False
วัดท่าโสม,1,1,th_sl,,False
วัดท่าไม้,1,1,th_sl,,False
วัดธารทหาร(ห้วยด้วน)หลวงพ่อพัฒน์,1,1,th_sl,PLACE,False
วัดนันตาราม,1,1,th_sl,PLACE,False
วัดนาคูหา,1,1,th_sl,,False
วัดนาลโยทิพยาราม,1,1,th_sl,PLACE,False
วัดน้ำตกธรรมรส,1,1,th_sl,,False
วัดบรมธาตุทุ่งยั้ง,1,1,th_sl,PLACE,False
วัดบัวหลวง,1,1,th_sl,PLACE,False
วัดบางกุ้ง,1,1,th_sl,,False
วัดบุปผาราม,1,1,th_sl,,False
วัดบ่อแก้ว,1,1,th_sl,PLACE,False
วัดปงสนุก,1,1,th_sl,PLACE,False
วัดปากคลองมะขามเฒ่า(วัดหลวงปู่ศุข) จังหวัดชัยนาท,1,1,th_sl,,False
วัดปากน้ำแขมหนู,1,1,th_sl,,False
วัดปากน้ำโจ้โล้,1,1,th_sl,,False
วัดป่าคลอง11,1,1,th_sl,,False
วัดป่าเลไลยก์วรวิหาร,1,1,th_sl,PLACE,False
วัดป่าโมกวรวิหาร,1,1,th_sl,,False
วัดผล,1,1,th_sl,,False
วัดผาตากเสื้อ,1,1,th_sl,,False
วัดผาธรรมนิมิต,1,1,th_sl,PLACE,False
วัดพงษ์สุนันท์,1,1,th_sl,,False
วัดพระธาตุจอมทอง,1,1,th_sl,PLACE,False
วัดพระธาตุจอมปิง,1,1,th_sl,PLACE,False
วัดพระธาตุจุฟ้าบ้านตาก,1,1,th_sl,PLACE,False
วัดพระธาตุจุฬามณีศรีสยาม,1,1,th_sl,PLACE,False
วัดพระธาตุช่อแฮ พระอารามหลวง,1,1,th_sl,,False
วัดพระธาตุดอยคำ,1,1,th_sl,PLACE,False
วัดพระธาตุดอยตุง,1,1,th_sl,PLACE,False
วัดพระธาตุดอยพระฌาน,1,1,th_sl,PLACE,False
วัดพระธาตุพนม (ภาษามือโรงเรียนเศรษฐเสถียรในพระราชูปถัมภ์),1,1,ttrs,,False
วัดพระธาตุลำปางหลวง,1,1,th_sl,PLACE,False
วัดพระธาตุสุโทนมงคลคีรี,1,1,th_sl,,False
วัดพระธาตุหริภุญชัยวรมหาวิหาร,1,1,th_sl,PLACE,False
วัดพระธาตุเขาน้อย,1,1,th_sl,PLACE,False
วัดพระนอนจักรสีห์วรวิหาร,1,1,th_sl,,False
วัดพระนั่งดิน,1,1,th_sl,PLACE,False
วัดพระบรมธาตุนครชุม,1,1,th_sl,PLACE,False
วัดพระบวมธาตุดอยสุเทพ (ภาษามือโรงเรียนเศรษฐเสถียรในพระราชูปถัมภ์),1,1,ttrs,,False
วัดพระบาทผาหนาม,1,1,th_sl,PLACE,False
วัดพระปฐมเจดีย์ (ภาษามือโรงเรียนเศรษฐเสถียรในพระราชูปถัมภ์),1,1,ttrs,,False
วัดพระพุทธบาทดอยโล้น,1,1,th_sl,PLACE,False
วัดพระพุทธบาทนาหงส์,1,1,th_sl,,False
วัดพระพุทธบาทราชวรมหาวิหาร,1,1,th_sl,,False
วัดพระพุทรบาทตากผ้า,1,1,th_sl,PLACE,False
วัดพระยืน,1,1,th_sl,PLACE,False
วัดพระราม ๙,1,1,th_sl,,False
วัดพระศรีรัตนมหาธาตุวรมหาวิหาร,1,1,th_sl,PLACE,False
วัดพระศรีสรรเพชญ์,1,1,th_sl,,False
วัดพระสมุทรเจดีย์,1,1,th_sl,,False
วัดพระสิงห์วรมหาวิหาร,1,1,th_sl,PLACE,False
วัดพระเจดีย์ซาวหลัง,1,1,th_sl,PLACE,False
วัดพระเชตุพน (ภาษามือโรงเรียนเศรษฐเสถียรในพระราชูปถัมภ์),1,1,ttrs,,False
วัดพระเซตุพนวิมลมังคลาราม,1,1,th_sl,PLACE,False
วัดพระแก้วดอนเต้าสุชาดาราม,1,1,th_sl,PLACE,False
วัดพระแท่นศิลาอาสน์,1,1,th_sl,PLACE,False
วัดพราหมณี (หลวงพ่อปากแดง),1,1,th_sl,,False
วัดพิกุลทอง,1,1,th_sl,,False
วัดพิพัฒน์มาดล,1,1,th_sl,PLACE,False
วัดภูมินทร์,1,1,th_sl,PLACE,False
วัดมณีวงศ์,1,1,th_sl,,False
วัดมณีไพรสณฑ์,1,1,th_sl,PLACE,False
วัดมหาธาตุ เมืองเก่า,1,1,th_sl,PLACE,False
วัดมหาธาตุวรวิหาร,1,1,th_sl,,False
วัดมหาวัน,1,1,th_sl,PLACE,False
วัดมังกร,1,1,th_sl,,False
วัดมังกรกมลาวาส (วัดเล่งเน่ยยี่),1,1,th_sl,,False
วัดมิ่งเมือง,1,1,th_sl,PLACE,False
วัดม่วง,1,1,th_sl,,False
วัดราชบูรณะ,1,1,th_sl,,False
วัดราชศิริหิรัญยาราม,1,1,th_sl,PLACE,False
วัดร่องขุ่น,1,1,th_sl,PLACE,False
วัดร่องเสือเต้น,1,1,th_sl,PLACE,False
วัดละหารไร่ (หลวงปู่ทิม),1,1,th_sl,,False
วัดศรีชมภูองค์ตื้อ,1,1,th_sl,,False
วัดศรีชุม,1,1,th_sl,PLACE,False
วัดศรีชุม พระเจ้าทันใจ,1,1,th_sl,PLACE,False
วัดศรีพะเพ็ญมาตยาราม เมืองฉอด,1,1,th_sl,PLACE,False
วัดศรีมงคลน่าน,1,1,th_sl,PLACE,False
วัดศรีรองเมือง,1,1,th_sl,PLACE,False
วัดศรีสุพรรณ เชียงใหม่,1,1,th_sl,PLACE,False
วัดศรีอุทุมพร,1,1,th_sl,PLACE,False
วัดศรีโคมคำ พระเจ้าตนหลวง,1,1,th_sl,PLACE,False
วัดสมานรัตนาราม,1,1,th_sl,,False
วัดสระบัว,1,1,th_sl,,False
วัดสระเกศ (ภาษามือโรงเรียนเศรษฐเสถียรในพระราชูปถัมภ์),1,1,ttrs,,False
วัดสลัก,1,1,th_sl,,False
วัดสันป่ายางหลวง,1,1,th_sl,PLACE,False
วัดสุวรรณมงคล,1,1,th_sl,,False
วัดหงษ์ทอง,1,1,th_sl,,False
วัดหนองบัว,1,1,th_sl,,False
วัดหลวงพ่อเกษมลำปาง,1,1,th_sl,PLACE,False
วัดหลวงพ่อโตองค์ใหญ่(วัดโบสถ์) จังหวัดปทุมธานี,1,1,th_sl,,False
วัดหินหมากเป้ง,1,1,th_sl,,False
วัดห้วยปลากั้ง,1,1,th_sl,PLACE,False
วัดอรัญบรรพต,1,1,th_sl,,False
วัดอรุณราชวราราม (ภาษามือโรงเรียนเศรษฐเสถียรในพระราชูปถัมภ์),1,1,ttrs,,False
วัดอุโมงค์,1,1,th_sl,PLACE,False
วัดเขาวงพระจันทร์,1,1,th_sl,,False
วัดเขาสุกิม,1,1,th_sl,,False
วัดเจดีย์หลวง เชียงใหม่,1,1,th_sl,PLACE,False
วัดเจ็ดยอด,1,1,th_sl,PLACE,False
วัดเฉลิมพระเกียรติพระจอมเกล้าราชานุสรณ์,1,1,th_sl,PLACE,False
วัดเทพโมฬี,1,1,th_sl,PLACE,False
วัดเพชรสมุทรวรวิหาร,1,1,th_sl,,False
วัดเสด็จ,1,1,th_sl,PLACE,False
วัดเสนาสน์,1,1,th_sl,PLACE,False
วัดแก้วพิจิตร พระอารามหลวง,1,1,th_sl,,False
วัดแม่ย่าซอม,1,1,th_sl,,False
วัดแสนตุ่ม,1,1,th_sl,,False
วัดโฆสิตาราม(หลวงพ่อกวย) จังหวัดชัยนาท,1,1,th_sl,,False
วัดโบสถ์,1,1,th_sl,PLACE,False
วัดโพธิ์ชัยหลวงพ่อพระใส,1,1,th_sl,,False
วัดโพรงอากาศ,1,1,th_sl,,False
วัดโยธานิมิตร,1,1,th_sl,,False
วัดโสธรวรารามวรวิหาร(วัดหลวงพ่อโสธร) จังหวัดฉะเชิงเทรา,1,1,th_sl,,False
วัดใหญ่ชัยมงคล,1,1,th_sl,,False
วัดไชยวัฒนาราม,1,1,th_sl,,False
วัดไชโยวรวิหาร,1,1,th_sl,,False
วัดไทยวัฒนาราม,1,1,th_sl,PLACE,False
วัดไผ่ล้อม,1,1,th_sl,,False
วัดไร่ขิงพระอารามหลวง,1,1,th_sl,PLACE,False
วัดไร่แตงทอง,1,1,th_sl,,False
วัตถุที่ยาวและหนา,1,1,ttrs,,False
วัตถุที่สั้นและหนา,1,1,ttrs,,False
วัตถุประสงค์ (ภาษามือโรงเรียนเศรษฐเสถียรในพระราชูปถัมภ์),1,1,ttrs,OBJ,False
วัตถุโบราณ (ภาษามือโรงเรียนเศรษฐเสถียรในพระราชูปถัมภ์),1,1,ttrs,OBJ,False
วัตสัน,1,1,th_sl,,False
วัน (ภาษามือโรงเรียนเศรษฐเสถียรในพระราชูปถัมภ์),1,1,ttrs,OBJ,False
วัน เดือน ปี,1,1,th_sl,,False
วันกองทัพไทย,1,1,ttrs,OBJ,False
วันขอบคุณพระเจ้า,1,1,ttrs,,False
วันคนพิการสากล,1,1,th_sl,,False
วันงดสูบบุหรี่โลก,1,1,th_sl,,False
วันจันทร์ (ภาษามือโรงเรียนเศรษฐเสถียรในพระราชูปถัมภ์),1,1,ttrs,,False
วันชัย สอนศิริ,1,1,th_sl,SUBJ,False
วันช้างไทย,1,1,th_sl,,False
วันดินโลก,1,1,th_sl,,False
วันที่จะไปบ้างไม่ไปบ้าง,1,1,th_sl,,False
วันธรรมดา (วันจันทร์ถึงวันศุกร์),1,1,ttrs,,False
วันนิมมาน,1,1,th_sl,,False
วันปล่อยผี,1,1,th_sl,,False
วันพระราชทานนามมหาวิทยาลัยมหิดล,1,1,th_sl,,False
วันพฤหัสบดี (ภาษามือโรงเรียนเศรษฐเสถียรในพระราชูปถัมภ์),1,1,ttrs,,False
วันพุธ (ภาษามือโรงเรียนเศรษฐเสถียรในพระราชูปถัมภ์),1,1,ttrs,,False
วันภาษามือโลก,1,1,th_sl,,False
วันภาษาไทย,1,1,th_sl,,False
วันภาษาไทย (ภาษามือโรงเรียนเศรษฐเสถียรในพระราชูปถัมภ์),1,1,ttrs,,False
วันมหิดล,1,1,th_sl,PLACE,False
วันมาฆบูชา,1,1,ttrs,OBJ,False
วันรับรองภาษามือไทย,1,1,th_sl,,False
วันวิทยาศาสตร์,1,1,th_sl,,False
วันศุกร์ (ภาษามือโรงเรียนเศรษฐเสถียรในพระราชูปถัมภ์),1,1,ttrs,,False
วันสงกรานต์ (ภาษามือโรงเรียนเศรษฐเสถียรในพระราชูปถัมภ์),1,1,ttrs,,False
วันสตรีสากล,1,1,th_sl,,False
วันสัปดาห์หูหนวกโลก,1,1,th_sl,,False
วันสำคัญ,1,1,th_sl,,False
วันสำคัญทางประเพณี,1,1,th_sl,,False
วันสิ่งแวดล้อมโลก,1,1,th_sl,,False
วันสุนทรภู่,1,1,th_sl,,False
วันสุนทรภู่ (ภาษามือโรงเรียนเศรษฐเสถียรในพระราชูปถัมภ์),1,1,ttrs,,False
วันหมดอายุ,1,1,ttrs,,False
วันหยุดธนาคาร,1,1,ttrs,,False
วันหยุดราชการ,1,1,ttrs,OBJ,False
วันหยุดสุดสัปดาห์,1,1,ttrs,,False
วันออกบัตร,1,1,ttrs,,False
วันอาทิตย์ (ภาษามือโรงเรียนเศรษฐเสถียรในพระราชูปถัมภ์),1,1,ttrs,,False
วันเข้าพรรษา,1,1,ttrs,OBJ,False
วันเฉลิมพระชนมพรรษา,1,1,th_sl,,False
วันเลือกตั้ง,1,1,ttrs,OBJ,False
วันเว้นวัน,1,1,th_sl,VERB,False
วันเสาร์ (ภาษามือโรงเรียนเศรษฐเสถียรในพระราชูปถัมภ์),1,1,ttrs,,False
วันแมวโลก,1,1,th_sl,,False
วันโกหก,1,1,ttrs,,False
วันไหว้ครู,1,1,ttrs,OBJ,False
วัลลภ ตังคณานุรักษ์,1,1,th_sl,SUBJ,False
วัวกระทิง,1,1,ttrs,OBJ,False
วากายามา,1,1,th_sl,,False
วาง,1,1,th_sl,VERB,False
วางมือ,1,1,th_sl,,False
วางเงินมัดจำ,1,1,th_sl,,False
วางแผน,1,1,th_sl,VERB,False
วางแผนปฏิบัติการ,1,1,th_sl,,False
วาซาบิ,1,1,th_sl,,False
วาด,1,1,th_sl,VERB,False
วาทยกร,1,1,ttrs,,False
วานจ้าง,1,1,th_sl,,False
วายเอฟเอ ศรีราชา,1,1,th_sl,,False
วารสาร,1,1,ttrs,,False
วารสาร (ภาษามือโรงเรียนเศรษฐเสถียรในพระราชูปถัมภ์),1,1,ttrs,OBJ,False
วาระการประชุม,1,1,th_sl,OBJ,False
วาระแห่งชาติ,1,1,th_sl,,False
วาฬ,1,1,ttrs,OBJ,False
วาโย อัศวรุ่งเรือง,1,1,th_sl,SUBJ,False
วิกฤติ (ภาษามือโรงเรียนเศรษฐเสถียรในพระราชูปถัมภ์),1,1,ttrs,OBJ,False
วิกลจริต,1,1,ttrs,,False
วิจารณญาณ (ภาษามือโรงเรียนเศรษฐเสถียรในพระราชูปถัมภ์),1,1,ttrs,OBJ,False
วิชา,1,1,th_sl,,False
วิชา (ภาษามือโรงเรียนเศรษฐเสถียรในพระราชูปถัมภ์),1,1,ttrs,OBJ,False
วิชาการ,1,1,th_sl,,False
วิชาคณิต,1,1,ttrs,,False
วิชาคณิต (ภาษามือโรงเรียนเศรษฐเสถียรในพระราชูปถัมภ์),1,1,ttrs,OBJ,False
วิชาคหกรรม,1,1,ttrs,,False
วิชาคอมพิวเตอร์,1,1,ttrs,,False
วิชาชีววิทยา,1,1,ttrs,,False
วิชาดนตรี,1,1,ttrs,,False
วิชาดาราศาสตร์,1,1,ttrs,,False
วิชาประวัติศาสตร์,1,1,ttrs,,False
วิชาพฤกษศาสตร์,1,1,ttrs,,False
วิชาพลศึกษา,1,1,ttrs,,False
วิชาฟิสิกส์,1,1,ttrs,,False
วิชาภาษาอังกฤษ,1,1,ttrs,,False
วิชาภาษาไทย,1,1,ttrs,,False
วิชาภูมิศาสตร์,1,1,ttrs,,False
วิชาลูกเสือ,1,1,ttrs,,False
วิชาศิลปะ,1,1,ttrs,,False
วิชาสุขศึกษา,1,1,ttrs,,False
วิชาเคมี,1,1,ttrs,,False
วิตามิน,1,1,th_sl,,False
วิถีชีวิตใหม่ New Norma,1,1,ttrs,,False
วิถีประชา (ภาษามือโรงเรียนเศรษฐเสถียรในพระราชูปถัมภ์),1,1,ttrs,VERB,False
วิทยากร,1,1,th_sl,,False
วิทยาลัย,1,1,th_sl,PLACE,False
วิทยาลัย (ภาษามือโรงเรียนเศรษฐเสถียรในพระราชูปถัมภ์),1,1,ttrs,OBJ,False
วิทยาลัยนาฏศิลป์เชียงใหม่,1,1,th_sl,,False
วิทยาลัยสารพัดช่างเชียงใหม่,1,1,th_sl,,False
วิทยาลัยเทคนิคเชียงใหม่,1,1,th_sl,,False
วิทยาลัยเทคโนโลยีพาณิชยการลานนา,1,1,th_sl,,False
วิทยาลัยเทคโนโลยีพาณิชยการเชียงใหม่,1,1,th_sl,,False
วิทยาลัยเทคโนโลยีโปลีเทคนิคลานนา เชียงใหม่,1,1,th_sl,,False
วิทยาลัยเพาะช่าง,1,1,ttrs,,False
วิทยาศาสตร์ (ภาษามือโรงเรียนเศรษฐเสถียรในพระราชูปถัมภ์),1,1,ttrs,OBJ,False
วิทยุติดตามตัว,1,1,th_sl,,False
วิธีพิจารณาคดี,1,1,ttrs,,False
วิธีพิจารณาคดีปกครอง,1,1,ttrs,,False
วินคอสเมติก,1,1,th_sl,,False
วินด์เซิร์ฟ,1,1,ttrs,OBJ,False
วินนี่ เดอะ พูห์,1,1,th_sl,,False
วินาศภัย,1,1,th_sl,OBJ,False
วินิจฉัยชี้ขาด,1,1,ttrs,,False
วิบาก,1,1,th_sl,,False
วิปครีม,1,1,ttrs,,False
วิปปิ้งครีม,1,1,th_sl,,False
วิวัฒนาการ (ภาษามือโรงเรียนเศรษฐเสถียรในพระราชูปถัมภ์),1,1,ttrs,VERB,False
วิศวกรรมศาสตร์,1,1,th_sl,,False
วิษณุ เครืองาม,1,1,th_sl,,False
วิสัยทัศน์,1,1,th_sl,,False
วิหารพ่อหลวงสำเร็จศักดิ์สิทธิ์,1,1,th_sl,,False
วิเคราะห์ข้อมูล,1,1,ttrs,VERB,False
วิเชียรบุรี,1,1,th_sl,PLACE,False
วิโรจน์ ลักขณาอดิศร,1,1,th_sl,SUBJ,False
วิ่งควาย,1,1,th_sl,,False
วิ่งหนี,1,1,ttrs,VERB,False
วิ่งหลอก,1,1,th_sl,,False
วิ่งเต้น,1,1,th_sl,VERB,False
วิ่งแข่ง,1,1,ttrs,,False
วิ่งไปวิ่งมา,1,1,ttrs,,False
วีดีโอเทป (ภาษามือโรงเรียนเศรษฐเสถียรในพระราชูปถัมภ์),1,1,ttrs,OBJ,False
วีระยุทธ กาญจน์ชูฉัตร,1,1,th_sl,SUBJ,False
วีโก,1,1,th_sl,,False
วีโว่,1,1,th_sl,,False
วุฒิภาวะ,1,1,th_sl,,False
วุ้น,1,1,th_sl,OBJ,False
วุ้นมะพร้าว,1,1,th_sl,,False
วุ้นเส้น,1,1,th_sl,OBJ,False
วุ้นเส้น (ภาษามือโรงเรียนเศรษฐเสถียรในพระราชูปถัมภ์),1,1,ttrs,,False
ว่าจ้าง,1,1,ttrs,,False
ว่าย,1,1,th_sl,,False
ว่ายน้ำท่ากบ,1,1,th_sl,,False
ว่าว,1,1,ttrs,,False
ว่าแล้ว,1,1,th_sl,,False
ว้าว,1,1,th_sl,,False
ว๊าย,1,1,th_sl,,False
ศ ศาลา,1,1,th_sl,,False
ศตวรรษ,1,1,ttrs,,False
ศตวรรษ (ภาษามือโรงเรียนเศรษฐเสถียรในพระราชูปถัมภ์),1,1,ttrs,OBJ,False
ศพ,1,1,th_sl,OBJ,False
ศรัทธา,1,1,th_sl,,False
ศรัทธา (ภาษามือโรงเรียนเศรษฐเสถียรในพระราชูปถัมภ์),1,1,ttrs,,False
ศรีนคร,1,1,th_sl,PLACE,False
ศรีนครินทรวิโรฒ - มหาวิทยาลัยศรีนครินทรวิโรฒ,1,1,th_sl,PLACE,False
ศรีนครินทรวิโรฒ ไอมาเน่,1,1,th_sl,,False
ศรีประจันต์,1,1,th_sl,PLACE,False
ศรีราชา จ.ชลบุรี,1,1,th_sl,PLACE,False
ศรีสัชนาลัย,1,1,th_sl,PLACE,False
ศรีสุวรรณ จรรยา,1,1,th_sl,SUBJ,False
ศรีเทพ,1,1,th_sl,PLACE,False
ศักดิ์สยาม ชิดชอบ,1,1,th_sl,,False
ศัตรู,1,1,th_sl,,False
ศัลยกรรมใบหน้า,1,1,th_sl,,False
ศาลท้าวมหาพรหม,1,1,ttrs,OBJ,False
ศาลปกครอง,1,1,ttrs,,False
ศาลปกครองชั้นกลาง,1,1,ttrs,,False
ศาลปกครองชั้นต้น,1,1,ttrs,,False
ศาลปกครองสูงสุด,1,1,ttrs,,False
ศาลปกครองในภูมิภาค,1,1,ttrs,,False
ศาลพระอิศวร,1,1,th_sl,PLACE,False
ศาลพันท้ายนรสิงห์,1,1,th_sl,,False
ศาลหลักเมืองกำแพงเพชร,1,1,th_sl,PLACE,False
ศาลาแก้วกู่,1,1,th_sl,,False
ศาลาแดง,1,1,th_sl,,False
ศาลเจ้าพ่อหลักเมือง,1,1,th_sl,,False
ศาลเจ้าพ่อเกาะช้าง,1,1,th_sl,,False
ศาลเจ้าพ่อเสือ,1,1,th_sl,PLACE,False
ศาลเจ้าแม่ทับทิม,1,1,th_sl,,False
ศาสดา (ภาษามือโรงเรียนเศรษฐเสถียรในพระราชูปถัมภ์),1,1,ttrs,,False
ศาสนา (ภาษามือโรงเรียนเศรษฐเสถียรในพระราชูปถัมภ์),1,1,ttrs,,False
ศาสนาคริสต์,1,1,th_sl,,False
ศาสนาคริสต์ (ภาษามือโรงเรียนเศรษฐเสถียรในพระราชูปถัมภ์),1,1,ttrs,,False
ศาสนาพุทธ,1,1,th_sl,,False
ศาสนายิว,1,1,th_sl,,False
ศาสนายูดาห์,1,1,th_sl,,False
ศาสนาอิสลาม (ภาษามือโรงเรียนเศรษฐเสถียรในพระราชูปถัมภ์),1,1,ttrs,,False
ศิริกัญญา ตันสกุล,1,1,th_sl,,False
ศิลปการจัดการ,1,1,th_sl,,False
ศิลปะ,1,1,th_sl,,False
ศิลปากร - มหาวิทยาลัยศิลปากร,1,1,th_sl,PLACE,False
ศิลาจารึก (ภาษามือโรงเรียนเศรษฐเสถียรในพระราชูปถัมภ์),1,1,ttrs,OBJ,False
ศีรีสำโรง,1,1,th_sl,PLACE,False
ศีลธรรม,1,1,th_sl,,False
ศุกร์,1,1,th_sl,TIME,False
ศุภจี สุธรรมพันธุ์,1,1,th_sl,,False
ศุภมาส อิศรภักดี,1,1,th_sl,SUBJ,False
ศูนย์ USO NET,1,1,th_sl,PLACE,False
ศูนย์กระจายสินค้า,1,1,ttrs,,False
ศูนย์การค้าซีคอนสแควร์,1,1,th_sl,PLACE,False
ศูนย์การค้าฟิวเจอร์ปาร์ค,1,1,th_sl,PLACE,False
ศูนย์การค้ามาบุญครอง,1,1,th_sl,PLACE,False
ศูนย์การค้าเสรี เซ็นเตอร์,1,1,th_sl,PLACE,False
ศูนย์การประชุมแห่งชาติสิริกิติ์,1,1,th_sl,PLACE,False
ศูนย์การศึกษาพิเศษ เขตการศึกษา 8 จังหวัดเชียงใหม่,1,1,th_sl,,False
ศูนย์ข้อมูล COVID-19,1,1,ttrs,,False
ศูนย์ควบคุมและป้องกันโรค,1,1,ttrs,,False
ศูนย์บริการถ่ายทอดการสื่อสารแห่งประเทศไทย TTRS,1,1,th_sl,PLACE,False
ศูนย์พัฒนาศักยภาพและอาชีพคนพิการหยาดฝน จังหวัดเชียงใหม่,1,1,th_sl,,False
ศูนย์มีเดียคนหูหนวกไทย,1,1,th_sl,,False
ศูนย์ราชการนนทบุรี,1,1,th_sl,,False
ศูนย์ราชการุณย์ สภากาชาดไทย จังหวัดตราด,1,1,th_sl,,False
ศูนย์ราชการเฉลิมพระเกียรติ 80 พรรษาฯ แจ้งวัฒนะ,1,1,th_sl,PLACE,False
ศูนย์ราชการแจ้งวัฒนะ,1,1,th_sl,,False
ศูนย์วัฒนธรรมแห่งประเทศไทย,1,1,th_sl,,False
ศูนย์อนุรักษ์ช้างไทย,1,1,th_sl,PLACE,False
ษ ฤาษี,1,1,th_sl,,False
ษิทรา เบี้ยบังเกิด,1,1,th_sl,SUBJ,False
ส เสือ,1,1,th_sl,,False
ส.ว.,1,1,th_sl,,False
ส.ส.,1,1,th_sl,,False
สกอตแลนด์,1,1,th_sl,PLACE,False
สกายวอล์คเมืองกาญจน์,1,1,th_sl,,False
สกี,1,1,ttrs,,False
สกู๊ตเตอร์,1,1,th_sl,,False
สก็อตไบรท์,1,1,th_sl,,False
สงคราม,1,1,th_sl,,False
สด,1,1,th_sl,VERB,False
สดใส,1,1,th_sl,VERB,False
สตอรี่,1,1,th_sl,,False
สตาร์บัค,1,1,th_sl,PLACE,False
สติทช์,1,1,th_sl,,False
สตีฟ โรเจอร์ส,1,1,th_sl,OBJ,False
สตูล,1,1,th_sl,PLACE,False
สถานการณ์,1,1,th_sl,,False
สถานตากอากาศบางปู,1,1,th_sl,,False
สถานที่,1,1,th_sl,PLACE,False
สถานที่สำคัญ,1,1,th_sl,PLACE,False
สถานบันเทิง,1,1,ttrs,,False
สถานพยาบาล,1,1,th_sl,,False
สถานภาพครอบครัว,1,1,th_sl,,False
สถานีกลางกรุงเทพอภิวัฒน์,1,1,th_sl,,False
สถานีขนส่ง,1,1,th_sl,PLACE,False
สถานีขนส่งช้างเผือก,1,1,th_sl,,False
สถานีขนส่งแห่งที่ 2,1,1,th_sl,,False
สถานีขนส่งแห่งที่ 3,1,1,th_sl,,False
สถานีตำรวจภูธรภาค 5,1,1,th_sl,,False
สถานีตำรวจภูธรแม่ปิง,1,1,th_sl,,False
สถานีบริการน้ำมัน,1,1,th_sl,PLACE,False
สถานีรถประจำทาง,1,1,th_sl,,False
สถานีรถม้า,1,1,th_sl,PLACE,False
สถานีรถไฟหัวลำโพง (ภาษามือโรงเรียนเศรษฐเสถียรในพระราชูปถัมภ์),1,1,ttrs,,False
สถานีอวกาศ (ภาษามือโรงเรียนเศรษฐเสถียรในพระราชูปถัมภ์),1,1,ttrs,OBJ,False
สถาบันทางสังคม (ภาษามือโรงเรียนเศรษฐเสถียรในพระราชูปถัมภ์),1,1,ttrs,OBJ,False
สถาบันวิทยาศาสตร์ทางทะเล บางแสน,1,1,th_sl,,False
สถาปนา,1,1,ttrs,,False
สถาปนิก,1,1,ttrs,,False
สถาปัตยกรรมศาสตร์,1,1,th_sl,,False
สถิติผู้ติดเชื้อ,1,1,ttrs,,False
สถิติผู้รักษาหาย,1,1,ttrs,,False
สถิติผู้เสียชีวิต,1,1,ttrs,,False
สนทนา,1,1,ttrs,VERB,False
สนธิญา สวัสดี,1,1,th_sl,SUBJ,False
สนาม,1,1,th_sl,,False
สนามกีฬาแห่งชาติ,1,1,th_sl,,False
สนามบาสเกตบอล,1,1,ttrs,,False
สนามบินดอนเมือง,1,1,th_sl,,False
สนามบินนาริตะ,1,1,th_sl,,False
สนามบินสุวรรณภูมิ,1,1,th_sl,,False
สนามวอล์เลย์บอล,1,1,ttrs,,False
สนามหญ้า,1,1,ttrs,OBJ,False
สนามหญ้าโรงเรียน,1,1,ttrs,,False
สนามหลวงตราดเฉลิมพระเกียรติ,1,1,th_sl,,False
สนามแม่เหล็ก (ภาษามือโรงเรียนเศรษฐเสถียรในพระราชูปถัมภ์),1,1,ttrs,OBJ,False
สนามโน้มถ่วง (ภาษามือโรงเรียนเศรษฐเสถียรในพระราชูปถัมภ์),1,1,ttrs,OBJ,False
สนามไชย,1,1,th_sl,,False
สนามไฟฟ้า (ภาษามือโรงเรียนเศรษฐเสถียรในพระราชูปถัมภ์),1,1,ttrs,OBJ,False
สนิท,1,1,th_sl,VERB,False
สนิทกัน,1,1,ttrs,ADJ,False
สนุกเกอร์,1,1,ttrs,,False
สบปราบ,1,1,th_sl,PLACE,False
สบาย,1,1,th_sl,,True
สบายดี / สบายใจ,1,1,ttrs,ADJ,False
สบายใจ,1,1,agent,,False
สบู่เหลว,1,1,th_sl,,False
สบเมย,1,1,th_sl,PLACE,False
สปริง,1,1,th_sl,,False
สปอร์ตไลท์,1,1,ttrs,,False
สปาเก็ตตี้,1,1,ttrs,,False
สปาเก็ตตี้ เล็ก,1,1,th_sl,,False
สภาทนายความ,1,1,th_sl,,False
สภาพอากาศ,1,1,th_sl,,False
สมการ (ภาษามือโรงเรียนเศรษฐเสถียรในพระราชูปถัมภ์),1,1,ttrs,OBJ,False
สมน้ำหน้า,1,1,th_sl,VERB,False
สมบัติการเท่ากัน (ภาษามือโรงเรียนเศรษฐเสถียรในพระราชูปถัมภ์),1,1,ttrs,OBJ,False
สมบัติการไม่เท่ากัน (ภาษามือโรงเรียนเศรษฐเสถียรในพระราชูปถัมภ์),1,1,ttrs,OBJ,False
สมบัติของจำนวนจริง (ภาษามือโรงเรียนเศรษฐเสถียรในพระราชูปถัมภ์),1,1,ttrs,OBJ,False
สมบัติของธาตุ (ภาษามือโรงเรียนเศรษฐเสถียรในพระราชูปถัมภ์),1,1,ttrs,OBJ,False
สมบูรณ์แบบ,1,1,th_sl,VERB,False
สมมุติ,1,1,th_sl,,False
สมศักดิ์ เทพสุทิน,1,1,th_sl,SUBJ,False
สมองว่าง,1,1,th_sl,,False
สมัคร สุนทรเวช,1,1,th_sl,,False
สมัครงาน,1,1,th_sl,,False
สมัครเข้าใช้,1,1,ttrs,,False
สมาคม,1,1,th_sl,OBJ,False
สมาคมคนตาบอดแห่งประเทศไทย,1,1,th_sl,,False
สมาคมคนพิการทางการเรียนรู้แห่งประเทศไทย,1,1,th_sl,,False
สมาคมคนพิการแห่งประเทศไทย,1,1,th_sl,,False
สมาคมคนหูหนวกจังหวัดชลบุรี,1,1,th_sl,,False
สมาคมคนหูหนวกจังหวัดนครพนม,1,1,th_sl,,False
สมาคมคนหูหนวกจังหวัดบุรีรัมย์,1,1,th_sl,,False
สมาคมคนหูหนวกจังหวัดสงขลา,1,1,th_sl,,False
สมาคมคนหูหนวกจังหวัดสระบุรี,1,1,th_sl,,False
สมาคมคนหูหนวกจังหวัดสุราษฎร์ธานี,1,1,th_sl,,False
สมาคมคนหูหนวกจังหวัดสุรินทร์,1,1,th_sl,,False
สมาคมคนหูหนวกศรีสะเกษ,1,1,th_sl,,False
สมาคมคนหูหนวกแห่งกรุงเทพมหานคร,1,1,th_sl,,False
สมาคมคนหูหนวกแห่งปทุมธานี,1,1,th_sl,,False
สมาคมผู้ปกครองคนพิการทางสติปัญญาแห่งประเทศไทย,1,1,th_sl,,False
สมาคมผูู้้ปกครองบุคคลออทิสติก,1,1,th_sl,,False
สมาคมสภาคนพิการทุกประเภทแห่งประเทศไทย,1,1,th_sl,,False
สมาคมสมาพันธ์เครือข่ายเด็กและสตรีหูหนวกไทย,1,1,th_sl,,False
สมาคมเพื่อคนพิการทางจิตแห่งประเทศไทย,1,1,th_sl,,False
สมาชิก,1,1,th_sl,,False
สมาชิกวุฒิสภา,1,1,th_sl,,False
สมาชิกสภาผู้แทนราษฎร (สส.),1,1,ttrs,OBJ,False
สมาร์ทโกล,1,1,th_sl,,False
สมาร์ทโฟน,1,1,th_sl,OBJ,False
สมุด,1,1,th_sl,OBJ,False
สมุดบัญชี,1,1,ttrs,,False
สมุดวาดเขียน,1,1,ttrs,,False
สมุดหรือหนังสือปกอ่อน,1,1,ttrs,,False
สมุทรปราการ,1,1,th_sl,PLACE,False
สมุทรสงคราม,1,1,th_sl,PLACE,False
สมุทรสาคร,1,1,th_sl,PLACE,False
สมุห์บัญชี,1,1,ttrs,,False
สมเด็จพระนางเจ้าสิริกิติ์ พระบรมราชินีนาถ พระบรมราชชนนีพันปีหลวง,1,1,th_sl,,False
สมเด็จพระนางเจ้าสุทิดา พัชรสุธาพิมลลักษณ พระบรมราชินี,1,1,th_sl,,False
สมเด็จพระปิยมหาราช,1,1,ttrs,,False
สมเด็จพระเจ้าลูกเธอ เจ้าฟ้าสิริวัณณวรี นารีรัตนราชกัญญา,1,1,th_sl,,False
สม่ำเสมอ,1,1,ttrs,,False
สยาม,1,1,th_sl,,False
สยามคานิวัล,1,1,th_sl,,False
สยามพารากอน,1,1,th_sl,PLACE,False
สรงน้ำ,1,1,th_sl,,False
สรวงศ์ เทียนทอง,1,1,th_sl,SUBJ,False
สระน้ำ,1,1,th_sl,,False
สระน้ำเป่าลม,1,1,th_sl,,False
สระบุรี,1,1,th_sl,PLACE,False
สระว่ายน้ำ,1,1,agent,,False
สระสีเสียด,1,1,th_sl,,False
สระแก้ว,1,1,th_sl,PLACE,False
สรุปสำนวน,1,1,ttrs,,False
สรุปใจความสำคัญ (ภาษามือโรงเรียนเศรษฐเสถียรในพระราชูปถัมภ์),1,1,ttrs,OBJ,False
สร้อยพระ,1,1,th_sl,,False
สร้อยมุก,1,1,th_sl,,False
สร้างความเป็นส่วนตัว,1,1,ttrs,,False
สร้างความเป็นส่วนตัวรอบด้าน,1,1,ttrs,VERB,False
สร้างแบบจำลอง,1,1,ttrs,,False
สลบ,1,1,th_sl,,False
สละ,1,1,th_sl,OBJ,False
สละสิทธิ์,1,1,th_sl,,False
สลักคอก,1,1,th_sl,,False
สลัดผลไม้,1,1,ttrs,,False
สลัดผัก,1,1,ttrs,,False
สลาย,1,1,th_sl,,False
สลิปเงินเดือน,1,1,th_sl,,False
สลิ่ม,1,1,th_sl,,False
สวด,1,1,th_sl,VERB,False
สวดพระอภิธรรม,1,1,th_sl,,False
สวทช. สำนักงานพัฒนาวิทยาศาสตร์และเทคโนโลยีแห่งชาติ,1,1,th_sl,,False
สวนจตุจักร (ภาษามือโรงเรียนเศรษฐเสถียรในพระราชูปถัมภ์),1,1,ttrs,,False
สวนดุสิต - มหาวิทยาลัยสวนดุสิต,1,1,th_sl,PLACE,False
สวนตุงและโคมนครเชียง,1,1,th_sl,PLACE,False
สวนทุเรียนแลนด์,1,1,th_sl,,False
สวนนกชัยนาท,1,1,th_sl,,False
สวนนงนุช,1,1,th_sl,,False
สวนน้ำภูกลอง ฮิลล์,1,1,th_sl,PLACE,False
สวนน้ำแกรนด์แคนยอน,1,1,th_sl,,False
สวนบัวอมรรัตน์,1,1,th_sl,PLACE,False
สวนผึ้ง,1,1,th_sl,,False
สวนพฤกษศาสตร์บ้านร่มเกล้า,1,1,th_sl,PLACE,False
สวนพฤกษศาสตร์พุแค,1,1,th_sl,,False
สวนรถไฟเชียงใหม่,1,1,th_sl,,False
สวนรุกขชาติจังหวัดตราด,1,1,th_sl,,False
สวนสัตด์สนามบินสุโขทัย,1,1,th_sl,PLACE,False
สวนสัตว์,1,1,th_sl,PLACE,False
สวนสัตว์ (ภาษามือโรงเรียนเศรษฐเสถียรในพระราชูปถัมภ์),1,1,ttrs,,False
สวนสัตว์เปิดเขาเขียว,1,1,th_sl,,False
สวนสาธารณะ,1,1,ttrs,,False
สวนหลวง ร.9,1,1,th_sl,,False
สวนอัมพร (ภาษามือโรงเรียนเศรษฐเสถียรในพระราชูปถัมภ์),1,1,ttrs,,False
สวนแม่ฟ้าหลวง,1,1,th_sl,PLACE,False
สวมหน้ากาก,1,1,ttrs,,False
สวรรคต,1,1,th_sl,,False
สวอท,1,1,th_sl,,False
สวัสดี (อายุเท่ากันหรือน้อยกว่า),1,1,ttrs,OBJ,False
สวิตซ์,1,1,th_sl,,False
สวีปเปอร์,1,1,th_sl,,False
สหกรณ์ (ภาษามือโรงเรียนเศรษฐเสถียรในพระราชูปถัมภ์),1,1,ttrs,,False
สหประชาชาติ,1,1,th_sl,OBJ,False
สหพันธ์ฟุตบอลอาเซียน,1,1,th_sl,,False
สหรัฐอาหรับเอมิเรตส์,1,1,th_sl,PLACE,False
สหราชอาณาจักร,1,1,th_sl,PLACE,False
สหัสวรรษ,1,1,ttrs,,False
สหายรัก,1,1,th_sl,,False
สองพี่น้อง,1,1,th_sl,PLACE,False
สองสัปดาห์,1,1,ttrs,ADJ,False
สองแคว,1,1,th_sl,PLACE,False
สอดคล้อง,1,1,th_sl,,False
สอน,1,1,th_sl,,True
สอน (ภาษามือวิทยาลัยราชสุดา),1,1,ttrs,VERB,False
สอบ,1,1,th_sl,,False
สอบตก,1,1,th_sl,,False
สอบถาม,1,1,th_sl,VERB,False
สะกดนิ้วมือ,1,1,th_sl,,False
สะกดนิ้วมือ (ภาษามือวิทยาลัยราชสุดา),1,1,ttrs,OBJ,False
สะกิด,1,1,th_sl,,False
สะดุดความจำ,1,1,th_sl,,False
สะตอ,1,1,th_sl,,False
สะตอ (ภาษามือโรงเรียนเศรษฐเสถียรในพระราชูปถัมภ์),1,1,ttrs,,False
สะพาน ไม้ไผ่ กาดต้าตง,1,1,th_sl,PLACE,False
สะพานข้ามแม่น้ำแคว,1,1,th_sl,,False
สะพานควาย(สถานที่หนึ่งในกรุงเทพมหานคร),1,1,ttrs,,False
สะพานทาชมภู,1,1,th_sl,PLACE,False
สะพานพระรามหก,1,1,ttrs,OBJ,False
สะพานมิตรภาพไทย-ลาว แห่งที่ 1,1,1,th_sl,,False
สะพานรัษฎาภิเศก,1,1,th_sl,PLACE,False
สะพานสมโภชกรุงรัตนโกสินทร์ 200ปี,1,1,th_sl,PLACE,False
สะพานหิรัญนฤมิต,1,1,th_sl,PLACE,False
สะพานอุตตมานุสรณ์(สะพานมอญ) จังหวัดกาญจนบุรี,1,1,th_sl,,False
สะพานแดง จุดชมวิวปลาโลมา,1,1,th_sl,,False
สะพานใหม่,1,1,th_sl,,False
สะระแหน่,1,1,th_sl,,False
สะระแหน่ (ภาษามือวิทยาลัยราชสุดา),1,1,ttrs,,False
สะระแหน่ (ภาษามือโรงเรียนเศรษฐเสถียรในพระราชูปถัมภ์),1,1,ttrs,,False
สะสม,1,1,th_sl,,False
สะสมเชื้อโรค,1,1,ttrs,,False
สะสมเหรียญกษาปณ์,1,1,ttrs,,False
สะเมิง,1,1,th_sl,PLACE,False
สะใจ,1,1,th_sl,,False
สักปาก,1,1,th_sl,,False
สักพัก,1,1,th_sl,,False
สังคม,1,1,th_sl,OBJ,False
สังคมบ้านนอก (ภาษามือโรงเรียนเศรษฐเสถียรในพระราชูปถัมภ์),1,1,ttrs,OBJ,False
สังคมในเมือง (ภาษามือโรงเรียนเศรษฐเสถียรในพระราชูปถัมภ์),1,1,ttrs,OBJ,False
สังสรรค์,1,1,ttrs,,False
สังหาริมทรัพย์,1,1,th_sl,OBJ,False
สังเกต (ภาษามือโรงเรียนเศรษฐเสถียรในพระราชูปถัมภ์),1,1,ttrs,VERB,False
สังเคราะห์ (ภาษามือโรงเรียนเศรษฐเสถียรในพระราชูปถัมภ์),1,1,ttrs,VERB,False
สัญชาติไทย,1,1,ttrs,,False
สัญญาค้ำประกัน,1,1,ttrs,,False
สัญญาจ้างแรงงาน,1,1,ttrs,,False
สัญญาณไฟทางแยก,1,1,ttrs,,False
สัญญาณไฟปลอดภัย (รถตำรวจ),1,1,ttrs,,False
สัญญาทางปกครอง,1,1,ttrs,,False
สัญญาเช่า,1,1,ttrs,,False
สัตว์,1,1,th_sl,OBJ,False
สัตว์น้ำ,1,1,th_sl,,False
สัตว์บก,1,1,th_sl,,False
สัตว์ปีก,1,1,th_sl,,False
สัตว์ป่าคุ้มครอง,1,1,th_sl,,False
สัตว์สะเทินน้ำสะเทินบก,1,1,th_sl,,False
สัตว์เลี้ยง,1,1,th_sl,,False
สัตว์เลื้อยคลาน,1,1,th_sl,,False
สัตว์ในเทพนิยายซึ่งมีลักษณะครึ่งคนครึ่งม้า,1,1,ttrs,,False
สัตหีบ,1,1,th_sl,,False
สันกำแพง,1,1,th_sl,PLACE,False
สันติสุข,1,1,th_sl,PLACE,False
สันธนะ ประยูรรัตน์,1,1,th_sl,SUBJ,False
สันนิษฐาน,1,1,ttrs,,False
สันป่าตอง,1,1,th_sl,PLACE,False
สับ,1,1,ttrs,,False
สับเปลี่ยนกัน,1,1,ttrs,,False
สับเปลี่ยนหมุนเวียน,1,1,ttrs,,False
สัปดาห์ที่สองของเดือน,1,1,th_sl,,False
สัปดาห์ที่สามของเดือน,1,1,th_sl,,False
สัปดาห์ที่สี่ของเดือน,1,1,th_sl,,False
สัปดาห์ที่หนึ่งของเดือน,1,1,th_sl,,False
สัปดาห์ที่แล้ว,1,1,ttrs,,False
สัปหงก,1,1,th_sl,VERB,False
สัมภาษณ์,1,1,th_sl,VERB,False
สั่ง,1,1,th_sl,,False
สั่นกระดิ่ง,1,1,ttrs,VERB,False
สากเหล็ก,1,1,th_sl,PLACE,False
สาขา,1,1,th_sl,,False
สาขาของสมาคมคนหูหนวกฯ,1,1,th_sl,,False
สาขาวิชา,1,1,th_sl,OBJ,False
สาคูปากหม้อ,1,1,th_sl,OBJ,False
สาทร,1,1,th_sl,,False
สาธารณรัฐเช็ก,1,1,th_sl,PLACE,False
สาธิต,1,1,th_sl,VERB,False
สาบาน,1,1,th_sl,,False
สามง่าม,1,1,th_sl,PLACE,False
สามชุก,1,1,th_sl,PLACE,False
สามดาว,1,1,th_sl,,False
สามพราน,1,1,th_sl,PLACE,False
สามย่าน,1,1,th_sl,,False
สามย่านมิตรทาวน์,1,1,th_sl,PLACE,False
สามร้อย,1,1,th_sl,,False
สามสิบสอง,1,1,ttrs,,False
สามสิบเอ็ด,1,1,ttrs,,False
สามัคคี,1,1,th_sl,,False
สามารถ,1,1,th_sl,,False
สามารถทำได้,1,1,th_sl,,False
สามเงา,1,1,th_sl,PLACE,False
สามเหลี่ยมทองคำ,1,1,th_sl,PLACE,False
สามแยกบางใหญ่,1,1,th_sl,,False
สายชาร์จ,1,1,th_sl,,False
สายด่วนตรวจโควิด,1,1,ttrs,,False
สายด่วนศาลปกครอง 1355,1,1,ttrs,,False
สายตาเลือนราง,1,1,th_sl,,False
สายตาเอียง,1,1,ttrs,OBJ,False
สายบัว,1,1,th_sl,,False
สายพาน,1,1,th_sl,,False
สายยาง,1,1,ttrs,OBJ,False
สายรุ้งประดับ,1,1,ttrs,,False
สายวัดผ้า,1,1,ttrs,,False
สายไฟ,1,1,ttrs,OBJ,False
สารคัดหลั่ง,1,1,ttrs,,False
สารบัญ,1,1,ttrs,,False
สาระแน,1,1,th_sl,,False
สารานุกรม,1,1,ttrs,,False
สาว,1,1,th_sl,,False
สาวสอง,1,1,th_sl,OBJ,False
สาเหตุ,1,1,th_sl,,False
สำนักงานคณะกรรมการการเลือกตั้ง กกต,1,1,th_sl,,False
สำนักงานคณะกรรมการกิจการกระจายเสียง กิจการโทรทัศน์และกิจการโทรคมนาคมแห่งชาติ (กสทช.),1,1,ttrs,,False
สำนักงานคณะกรรมการข้าราชการพลเรือน,1,1,th_sl,,False
สำนักงานตำรวจแห่งชาติ,1,1,ttrs,,False
สำนักงานศาลปกครองสูงสุด,1,1,ttrs,,False
สำนักงานหลักประกันสุขภาพแห่งชาติ สปสช.,1,1,ttrs,,False
สำนักงานเขต,1,1,th_sl,,False
สำนักงานเหล่ากาชาด,1,1,th_sl,,False
สำนักนายกรัฐมนตรี,1,1,ttrs,,False
สำนึก,1,1,th_sl,,False
สำรวจ,1,1,th_sl,,False
สำรอง,1,1,th_sl,,False
สำลี,1,1,ttrs,,False
สำเนา (แจกให้แต่ละคน),1,1,ttrs,,False
สำเนาคำฟ้อง,1,1,ttrs,,False
สำโรง,1,1,th_sl,,False
สิง,1,1,th_sl,,False
สิงห์บุรี,1,1,th_sl,PLACE,False
สิงห์ปาร์คเชียงราย,1,1,th_sl,PLACE,False
"สิทธิ, เสมอภาค",1,1,ttrs,,False
สิทธิทางเพศ,1,1,th_sl,,False
สิทธิบัตร,1,1,th_sl,OBJ,False
สิทธิเสรีภาพ,1,1,ttrs,,False
สินค้า,1,1,th_sl,,False
สินค้าออนไลน์,1,1,ttrs,,False
สินบน,1,1,th_sl,VERB,False
สินสมรส,1,1,th_sl,OBJ,False
สินสอด,1,1,th_sl,SUBJ,False
สิบล้าน,1,1,th_sl,,False
สิบเท่า,1,1,th_sl,,False
สิรณัฐ สก๊อต,1,1,th_sl,,False
สิริมงคล,1,1,th_sl,,False
สิ่งของ,1,1,th_sl,OBJ,False
สิ้นเดือน,1,1,th_sl,,False
สีกากี,1,1,ttrs,,False
สีครีม,1,1,ttrs,OBJ,False
สีน้ำ,1,1,ttrs,,False
สีน้ำตาลเข้ม,1,1,th_sl,,False
สีน้ำตาลแดง,1,1,ttrs,,False
สีบลอนด์,1,1,ttrs,,False
สีผสมอาหาร,1,1,ttrs,,False
สีม่วงอ่อน,1,1,ttrs,,False
สีสัน,1,1,th_sl,,False
สีหศักดิ์ พวงเกตุแก้ว,1,1,th_sl,SUBJ,False
สีเข้ม,1,1,agent,,False
สีเทียน,1,1,ttrs,,False
สีเบจ,1,1,ttrs,,False
สีเมจิก,1,1,ttrs,,False
สีแดงม่วง,1,1,ttrs,,False
สีแสด,1,1,ttrs,OBJ,False
สี่ดาว,1,1,th_sl,,False
สี่ร้อย,1,1,th_sl,,False
สี่เหลี่ยมคางหมู,1,1,ttrs,,False
สี่เหลี่ยมจัตุรัส,1,1,ttrs,,False
สี่เหลี่ยมด้านขนาน,1,1,ttrs,,False
สี่เหลี่ยมด้านไม่เท่า,1,1,ttrs,,False
สึนามิ,1,1,ttrs,,False
สืบค้น,1,1,th_sl,,False
สืบพยาน,1,1,ttrs,,False
สืบสวน,1,1,ttrs,,False
สืบเนื่อง,1,1,th_sl,,False
สื่อความรู้โควิด-19,1,1,ttrs,,False
สื่อสิ่งพิมพ์ (ภาษามือโรงเรียนเศรษฐเสถียรในพระราชูปถัมภ์),1,1,ttrs,OBJ,False
สุก,1,1,th_sl,,False
สุกร,1,1,agent,,False
สุขภาพ,1,1,th_sl,OBJ,True
สุขภาพดี,1,1,ttrs,,False
สุขภาพไม่ดี,1,1,ttrs,,False
สุขศึกษา,1,1,th_sl,,False
สุขสันต์,1,1,th_sl,,False
สุขอนามัย,1,1,ttrs,,False
สุขุมวิท,1,1,th_sl,,False
สุจริต,1,1,th_sl,,False
สุชัชวี สุวรรณสวัสดิ์,1,1,th_sl,SUBJ,False
สุชัชวีร์ สุวรรณสวัสดิ์,1,1,th_sl,,False
สุชาติ ชมกลิ่น,1,1,th_sl,SUBJ,False
สุชาติ ตันเจริญ,1,1,th_sl,SUBJ,False
"สุดท้าย, อวสาน",1,1,ttrs,,False
สุดยอด,1,1,th_sl,,False
สุดารัตน์ เกยุราพันธุ์,1,1,th_sl,,False
สุดาวรรณ หวังศุภกิจโกศล,1,1,th_sl,SUBJ,False
สุทิน คลังแสง,1,1,th_sl,SUBJ,False
สุรทิน พิจารณ์,1,1,th_sl,SUBJ,False
สุรพงษ์ ปิยะโชติ,1,1,th_sl,SUBJ,False
สุรศักดิ์ พันธ์เจริญวรกุล,1,1,th_sl,SUBJ,False
สุราขาว,1,1,th_sl,,False
สุราษฎร์ธานี,1,1,th_sl,PLACE,False
สุราษฎร์ธานี เอฟซี,1,1,th_sl,,False
สุริยะ จึงรุ่งเรืองกิจ,1,1,th_sl,SUBJ,False
สุรเชษฐ์ หักพาล,1,1,th_sl,SUBJ,False
สุรเดช ทวีแสงสกุลไทย,1,1,th_sl,SUBJ,False
สุวรรณภูมิ,1,1,th_sl,,False
สุวัจน์ ลิปตพัลลภ,1,1,th_sl,,False
สุโขทัย,1,1,th_sl,PLACE,False
สุโขทัย เอฟซี,1,1,th_sl,,False
สุโขทัยธรรมธิราช - มหาวิทยาลัยสุโขทัยธรรมธิราช,1,1,th_sl,PLACE,False
สุ่ม,1,1,th_sl,,False
สูงปานกลาง,1,1,ttrs,,False
สูงลิ่ว,1,1,th_sl,,False
สูงเม่น,1,1,th_sl,PLACE,False
สูญหาย,1,1,th_sl,,False
สูญเสียการรับรู้รสชาติ,1,1,ttrs,,False
สูญเสียการได้กลิ่น,1,1,ttrs,,False
สูญเสียการได้ยินทีละน้อย,1,1,ttrs,,False
สูด,1,1,th_sl,,False
สูสี,1,1,th_sl,,False
สเกตน้ำแข็ง,1,1,ttrs,,False
สเปรย์ทำความสะอาดมือ,1,1,th_sl,,False
สเปอร์ส,1,1,th_sl,,False
สแกน QR Code,1,1,ttrs,,False
สแกมเมอร์,1,1,th_sl,,False
สแตมป์,1,1,th_sl,,False
สโลวาเกีย,1,1,th_sl,PLACE,False
สโลวีเนีย,1,1,th_sl,PLACE,False
สไปเดอร์แมน,1,1,th_sl,OBJ,False
"ส่ง, ให้ (เงินเป็นปึก)",1,1,ttrs,,False
ส่งฟรี,1,1,th_sl,,False
ส่วนของเนื้อเรื่องเรียงความ (ภาษามือโรงเรียนเศรษฐเสถียรในพระราชูปถัมภ์),1,1,ttrs,OBJ,False
ส่วนคำนำของเรียงความ (ภาษามือโรงเรียนเศรษฐเสถียรในพระราชูปถัมภ์),1,1,ttrs,OBJ,False
ส่วนตัว,1,1,th_sl,,False
ส่วนน้อย,1,1,th_sl,,False
ส่วนลด,1,1,th_sl,,False
ส่วนสรุปของของเรียงความ (ภาษามือโรงเรียนเศรษฐเสถียรในพระราชูปถัมภ์),1,1,ttrs,OBJ,False
ส่วนสูง,1,1,th_sl,,False
ส่วนใหญ่,1,1,th_sl,,False
ส่องแสงลงมา,1,1,ttrs,,False
ส้มจี๊ด,1,1,th_sl,,False
ส้มตำปู (ภาษามือโรงเรียนเศรษฐเสถียรในพระราชูปถัมภ์),1,1,ttrs,,False
ส้มตำไข่เค็ม,1,1,th_sl,,False
ส้มตำไข่เค็ม (ภาษามือโรงเรียนเศรษฐเสถียรในพระราชูปถัมภ์),1,1,ttrs,,False
ส้มตำไข่เค็มข้าวโพด,1,1,th_sl,,False
ส้มตำไท (ภาษามือโรงเรียนเศรษฐเสถียรในพระราชูปถัมภ์),1,1,ttrs,,False
ส้างวม,1,1,th_sl,,False
ส้ามะเขือ,1,1,th_sl,,False
ห หีบ,1,1,th_sl,,False
หกเหลี่ยม,1,1,th_sl,OBJ,False
หงส์,1,1,th_sl,OBJ,False
หงอคง,1,1,th_sl,,False
หญ้า,1,1,th_sl,,False
หนวด,1,1,ttrs,OBJ,False
หนองบัว,1,1,th_sl,PLACE,False
หนองหญ้าไซ,1,1,th_sl,PLACE,False
หนองแขม,1,1,th_sl,,False
หนองในเทียม,1,1,th_sl,,False
หนองในแท้,1,1,th_sl,,False
หนองไผ่,1,1,th_sl,PLACE,False
หนอนหนังสือ,1,1,ttrs,,False
หนัก,1,1,th_sl,VERB,False
หนักมาก,1,1,ttrs,,False
หนังยาง,1,1,th_sl,,False
หนังศรีษะ,1,1,ttrs,OBJ,False
หนังศีรษะ,1,1,th_sl,,False
หนังสือการ์ตูน,1,1,th_sl,,False
หนังสือชี้แจง,1,1,ttrs,,False
หนังสือนิทาน,1,1,ttrs,,False
หนังสือนิทานปรัมปรา,1,1,ttrs,,False
หนังสือรับรองเงินเดือน,1,1,th_sl,,False
หนังสือรับรองเดินทางข้ามจังหวัด,1,1,ttrs,,False
หนังสือเดินทาง,1,1,th_sl,OBJ,False
หนังสือเรียน,1,1,ttrs,,False
หนังสือแบบฝึกหัด,1,1,ttrs,,False
หนาม,1,1,agent,,False
หนามาก,1,1,ttrs,,False
หนาวสั่น,1,1,th_sl,VERB,False
หนี,1,1,th_sl,VERB,False
"หนีบ, เสียบ",1,1,ttrs,,False
หนึ่งพันล้าน,1,1,ttrs,,False
หนึ่งพันสอง,1,1,ttrs,,False
หนึ่งพันเอ็ด,1,1,ttrs,,False
หนึ่งร้อยสอง,1,1,ttrs,,False
หนึ่งร้อยเอ็ด,1,1,ttrs,,False
หนึ่่งร้อย,1,1,ttrs,,False
หนุ่ม,1,1,th_sl,SUBJ,False
หนูแฮมสเตอร์,1,1,th_sl,,False
หน่วยงาน,1,1,th_sl,,False
หน่วยงานทางปกครอง,1,1,ttrs,,False
หน่วยงานภาครัฐ,1,1,ttrs,,False
หน้ากากเฟสชิว (Face shield),1,1,ttrs,,False
หน้าจอ,1,1,th_sl,,False
หน้าต่างกระจกบานเกล็ด,1,1,ttrs,,False
หน้าที่,1,1,th_sl,OBJ,False
หน้าที่ของแต่ละคน,1,1,th_sl,,False
หน้านิ่ง,1,1,th_sl,,False
หน้าบาง,1,1,th_sl,,False
หน้าร้าน,1,1,th_sl,PLACE,False
หน้าสด,1,1,th_sl,,False
หน้าหนังสือ,1,1,ttrs,,False
หน้าแตก,1,1,th_sl,,False
หมด,1,1,th_sl,,False
หมดกำลังใจ,1,1,th_sl,,False
หมดพลัง,1,1,th_sl,,False
หมดศรัทธา,1,1,th_sl,VERB,False
หมดอายุ,1,1,th_sl,VERB,False
หมดใจ,1,1,th_sl,,False
หมดไฟ,1,1,th_sl,,False
หมวกกันกระแทก,1,1,th_sl,OBJ,False
หมวกกันน็อค,1,1,th_sl,OBJ,False
หมวกนิรภัย,1,1,ttrs,,False
หมวกเบสบอล,1,1,ttrs,,False
หมวดครอบครัว,1,1,th_sl,OBJ,False
หมวดทั่วไป,1,1,th_sl,,False
หมวดบุคคล,1,1,th_sl,,False
หมวดสถานที่,1,1,th_sl,OBJ,False
หมอกหนา,1,1,ttrs,,False
หมอชนะ,1,1,ttrs,,False
หมอชิต,1,1,th_sl,,False
หมอปลาย,1,1,th_sl,,False
หมายจับ,1,1,th_sl,,False
หมายศาล,1,1,ttrs,,False
หมายเรียก,1,1,th_sl,,False
หมายเลข,1,1,th_sl,,False
หมายเลขบัญชี,1,1,ttrs,,False
หมายเลขบัตรประชาชน,1,1,ttrs,,False
หมีขั่วโลก,1,1,th_sl,,False
หมื่นล้าน,1,1,th_sl,,False
หมุนเวียน,1,1,ttrs,,False
หมูกรอบ,1,1,ttrs,,False
หมูกระทะ,1,1,th_sl,,False
หมูชิ้น,1,1,th_sl,,False
หมูทอด,1,1,th_sl,,False
หมูปิ้ง,1,1,th_sl,OBJ,False
หมูย่าง,1,1,th_sl,,False
หมูสะเต๊ะ,1,1,th_sl,OBJ,False
หมูสับ,1,1,th_sl,,False
หมูหยอง,1,1,ttrs,,False
หมูเด้ง,1,1,th_sl,,False
หมู่บ้านอนุรักษ์ควายไทย,1,1,th_sl,PLACE,False
หมู่เกาะรัง,1,1,th_sl,,False
หม่อมราชวงศ์,1,1,th_sl,,False
หม่อมหลวง,1,1,th_sl,,False
หม่อมเจ้า,1,1,th_sl,,False
หม่าม้า,1,1,th_sl,,False
หม่ำ จ๊กมก,1,1,th_sl,SUBJ,False
หม้อหุงข้าวไฟฟ้า,1,1,th_sl,OBJ,False
หม้ออบลมร้อน,1,1,th_sl,,False
หม้าย,1,1,th_sl,,False
หยก อินเตอร์เทรด,1,1,th_sl,,False
หยาบคาย,1,1,th_sl,,False
หยิก,1,1,th_sl,,False
หยิบ,1,1,th_sl,VERB,False
หยุดไว้ก่อน,1,1,ttrs,VERB,False
หย่อยยาน,1,1,th_sl,,False
หรือ,1,1,th_sl,OBJ,False
หรือ (ภาษามือวิทยาลัยราชสุดา),1,1,ttrs,,False
หลง,1,1,th_sl,VERB,False
หลงทาง,1,1,th_sl,,False
หลงเชื่อ,1,1,th_sl,VERB,False
หลบ,1,1,th_sl,VERB,False
หลวงพ่อเพชร วัดบาง,1,1,th_sl,PLACE,False
หลวม,1,1,th_sl,VERB,False
หลอกลวง,1,1,th_sl,VERB,False
หลอด,1,1,ttrs,,False
หลอดทดลอง,1,1,ttrs,OBJ,False
หลอดน้ำ,1,1,th_sl,,False
หลอดหยด,1,1,ttrs,OBJ,False
หลอดไฟนีออนยาว,1,1,th_sl,,False
หลัก,1,1,th_sl,,False
หลักสี่,1,1,th_sl,,False
หลักสูตร,1,1,th_sl,OBJ,False
หลักหก,1,1,th_sl,,False
หลังค่อม,1,1,ttrs,,False
หลังเที่ยง,1,1,ttrs,,False
หลังไมล์,1,1,th_sl,,False
หลับลึก,1,1,th_sl,,False
หลา,1,1,ttrs,,False
หลายคนมาติดต่อของานทำ,1,1,ttrs,ADJ,False
หลายคนรุมทำร้ายหนึ่งคน,1,1,ttrs,VERB,False
หลายสิ่งหลายอย่าง,1,1,ttrs,,False
หลีกเลี่ยง,1,1,th_sl,VERB,False
หลุมดำ,1,1,ttrs,,False
หลุมฝังศพ,1,1,th_sl,,False
หล่มภูเขียว,1,1,th_sl,PLACE,False
หล่มสัก,1,1,th_sl,PLACE,False
หล่มเก่า,1,1,th_sl,PLACE,False
หวด,1,1,th_sl,VERB,False
หวย,1,1,th_sl,OBJ,False
หวยลาว,1,1,th_sl,,False
หวยไทย,1,1,th_sl,,False
หวัง,1,1,th_sl,VERB,True
หวั่น,1,1,ttrs,,False
หอควบคุมการบิน,1,1,th_sl,,False
หอคอยบรรหาร-แจ่มใส่,1,1,th_sl,PLACE,False
หอชมเมืองนครสวรรค์,1,1,th_sl,PLACE,False
หอชมเมืองสมุทรปราการ,1,1,th_sl,,False
หอนาฬิกาท่าน้ำนนท์,1,1,th_sl,,False
หอนาฬิกาเชียงราย,1,1,th_sl,PLACE,False
หอพัก,1,1,th_sl,PLACE,False
หอม,1,1,th_sl,,False
หอมแขก,1,1,th_sl,,False
หอมแดง,1,1,th_sl,,False
หอย,1,1,th_sl,OBJ,False
หอยนางรม,1,1,th_sl,OBJ,False
หอยเชลล์,1,1,ttrs,OBJ,False
หอยเชอร์รี่สีทอง,1,1,th_sl,,False
หอศิลป์ริมน่าน,1,1,th_sl,PLACE,False
หอไอเฟล,1,1,th_sl,,False
หัก,1,1,th_sl,VERB,False
หัว,1,1,ttrs,OBJ,False
หัวกะหล่ำปลีม่วง,1,1,ttrs,OBJ,False
หัวก๊อกน้ำร้อน,1,1,ttrs,,False
หัวก๊อกน้ำเย็น,1,1,ttrs,,False
หัวงู,1,1,th_sl,,False
หัวฉีดน้ำมันเชื้อเพลิง,1,1,th_sl,,False
หัวนมยาง,1,1,ttrs,,False
หัวปลี,1,1,th_sl,,False
หัวหน้า,1,1,th_sl,OBJ,False
หัวหมาก,1,1,th_sl,,False
หัวหอม,1,1,ttrs,,False
หัวหอมแดง,1,1,ttrs,,False
หัวเข็มขัด,1,1,ttrs,,False
หัวเข่า,1,1,ttrs,OBJ,False
หัวเฉียว - โรงพยาบาลหัวเฉียว,1,1,th_sl,PLACE,False
หัวเราะเยาะ,1,1,ttrs,,False
หัวเรื่อง,1,1,th_sl,,False
หัวเว่ย,1,1,th_sl,,False
หัวแข็ง,1,1,th_sl,,False
หัวแตก,1,1,th_sl,,False
หัวใจวาย,1,1,th_sl,,False
หัวใจหยุดเต้น,1,1,ttrs,,False
หัวใจเต้น,1,1,th_sl,,False
หัวใจเต้นแรง,1,1,ttrs,,False
หั่นเป็นแผ่นบาง,1,1,ttrs,,False
หาก,1,1,th_sl,,False
หางดง,1,1,th_sl,PLACE,False
หาดทรายดำ,1,1,th_sl,,False
หาดบางแสน,1,1,th_sl,,False
หาดบานชื่น,1,1,th_sl,,False
หาดปึกเตียน,1,1,th_sl,,False
หาดผาเต่า,1,1,th_sl,PLACE,False
หาดหัวหิน,1,1,th_sl,,False
หาดเติมรัก บางบัวทอง,1,1,th_sl,,False
หาย,1,1,th_sl,VERB,False
หายใจ,1,1,ttrs,,False
หายใจลำบาก,1,1,ttrs,,False
หายใจหอบ (ภาษามือวิทยาลัยราชสุดา),1,1,ttrs,VERB,False
หินย้อย,1,1,ttrs,,False
หินละลายภูเขาไฟ,1,1,ttrs,OBJ,False
หินละลายภูเขาไฟ (ลาวา),1,1,ttrs,,False
หินลับมีด,1,1,ttrs,,False
หี,1,1,th_sl,,False
"หีบ, กล่อง",1,1,ttrs,,False
หีบเพลงชัก,1,1,ttrs,,False
หีบเพลงปาก,1,1,ttrs,,False
หีบใส่ของ,1,1,ttrs,,False
หุง,1,1,th_sl,VERB,False
หุงข้าว,1,1,th_sl,,False
หุงอาหาร,1,1,th_sl,,False
หุนหันพลันแล่น,1,1,ttrs,,False
หุ่น,1,1,th_sl,,False
หุ่นกระบอก,1,1,ttrs,OBJ,False
หุ่นไล่กา,1,1,agent,,False
หุ้นกัน,1,1,ttrs,,False
หุ้นลม,1,1,th_sl,,False
"หูก, กี่ทอผ้า",1,1,ttrs,,False
หูฝาด,1,1,th_sl,,False
หูฟังมีสาย,1,1,th_sl,,False
หูฟังแพทย์,1,1,th_sl,,False
หูฟังไร้สาย,1,1,th_sl,,False
ห่วงบาสเกตบอล,1,1,ttrs,,False
ห่วงยาง,1,1,th_sl,,False
ห่วงอนามัยคุมกำเนิด,1,1,th_sl,,False
ห่วงใย,1,1,th_sl,,False
ห่อ,1,1,agent,,False
ห้วยตึงเฒ่า,1,1,th_sl,,False
ห้วยน้ำรี,1,1,th_sl,PLACE,False
ห้อง,1,1,th_sl,,True
ห้องครัว,1,1,th_sl,OBJ,False
ห้องครูใหญ่,1,1,ttrs,,False
ห้องคอมพิวเตอร์,1,1,ttrs,,False
ห้องฉุกเฉิน,1,1,ttrs,,False
ห้องซักผ้า,1,1,th_sl,,False
ห้องดนตรี,1,1,ttrs,,False
ห้องทดลอง,1,1,ttrs,,False
ห้องทดลองวิทยาศาสตร์,1,1,ttrs,,False
ห้องทำงาน,1,1,th_sl,,False
ห้องนั่งเล่น,1,1,th_sl,,False
ห้องน้ำ (ภาษามือวิทยาลัยราชสุดา),1,1,ttrs,,False
ห้องน้ำสาธารณะ (ภาษามือวิทยาลัยราชสุดา),1,1,ttrs,,False
ห้องปฎิบัติการ (ภาษามือโรงเรียนเศรษฐเสถียรในพระราชูปถัมภ์),1,1,ttrs,,False
ห้องปฎิบัติการทางภาษา,1,1,ttrs,,False
ห้องประชุม,1,1,ttrs,,False
ห้องพยาบาล,1,1,ttrs,,False
ห้องพระ,1,1,th_sl,,False
ห้องพักผู้ป่วย,1,1,ttrs,,False
ห้องรับแขก,1,1,th_sl,,False
ห้องศิลปะ,1,1,ttrs,,False
ห้องส้วม,1,1,ttrs,,False
ห้องเก็บของ,1,1,th_sl,,False
ห้องเย็น ท่าข้าม,1,1,th_sl,,False
ห้องแต่งตัว,1,1,th_sl,,False
ห้องใต้หลังคา,1,1,ttrs,OBJ,False
ห้างฉัตร,1,1,th_sl,PLACE,False
ห้างสรรพสินค้า,1,1,ttrs,,False
"ห้างสรรพสินค้าเซ็นทรัล, วังบูรพา",1,1,ttrs,OBJ,False
"ห้างสรรพสินค้าเซ็นทรัล, สีลม",1,1,ttrs,OBJ,False
ห้างหุ้นส่วนจำกัด,1,1,ttrs,OBJ,False
ห้าดาว,1,1,th_sl,,False
ห้ามแซง,1,1,th_sl,,False
ห้าร้อย,1,1,th_sl,,False
ห้าเท่า,1,1,th_sl,,False
ห้าแยกลาดพร้าว,1,1,th_sl,,False
ฬ จุฬา,1,1,th_sl,,False
อ อ่าง,1,1,th_sl,,False
อกหัก,1,1,th_sl,,False
อคติทางเพศ,1,1,th_sl,,False
องค์กร,1,1,th_sl,,False
องค์กรตุลาการ,1,1,ttrs,,False
องค์กรโทรคมนาคม,1,1,th_sl,,False
องค์การบริหารส่วนจังหวัด อบจ,1,1,th_sl,,False
องค์การบริหารส่วนตำบล อบต,1,1,th_sl,,False
องค์การสหประชาชาติ,1,1,th_sl,OBJ,False
องค์ชาย,1,1,th_sl,,False
องค์รักษ์,1,1,ttrs,,False
องค์หญิง,1,1,th_sl,,False
องศา,1,1,ttrs,,False
องศาเซลเซียส,1,1,th_sl,,False
อดีตกาล,1,1,ttrs,,False
อธิบดี,1,1,th_sl,OBJ,False
อธิบดีศาลปกครองชั้นต้น,1,1,ttrs,,False
อธิบาย,1,1,th_sl,VERB,False
อนันต์ชัย ไชยเดช,1,1,th_sl,SUBJ,False
อนุกูล ปีดแก้ว,1,1,th_sl,SUBJ,False
อนุญาต,1,1,th_sl,VERB,False
อนุทิน ชาญวีรกูล,1,1,th_sl,,False
อนุปริญญา,1,1,th_sl,,False
อนุพงษ์ เผ่าจินดา,1,1,th_sl,,False
อนุมัติ,1,1,th_sl,VERB,False
อนุมัติผ่าน,1,1,ttrs,,False
อนุรักษ์วัฒนธรรม,1,1,th_sl,,False
อนุสรณ์สถานยุทธนาวีเกาะช้าง,1,1,th_sl,,False
อนุสาวรีย์,1,1,agent,,False
อนุสาวรีย์ท้าวเทพกระษัตรี -ท้าวศรีสุนทร จ.ภูเก็ต,1,1,th_sl,PLACE,False
อนุสาวรีย์ปราบฮ่อ,1,1,th_sl,,False
อนุสาวรีย์พระนางจามเทวี,1,1,th_sl,,False
อนุสาวรีย์พ่อขุนเม็งราย,1,1,th_sl,PLACE,False
อนุเสาวรีย์พ่อขุนงำเมือง,1,1,th_sl,PLACE,False
อบรม,1,1,th_sl,VERB,False
อบอุ่น,1,1,ttrs,,False
อภัยโทษ,1,1,ttrs,,False
อภิสิทธิ์ ไล่ศัตรูไกล,1,1,th_sl,SUBJ,False
อมก๋อย,1,1,th_sl,PLACE,False
อยาก,1,1,th_sl,STATE,True
อยุธยา ยูไนเต็ด,1,1,th_sl,,False
อยู่ตามลำพัง,1,1,ttrs,,False
อยู่บ้าน (ภาษามือวิทยาลัยราชสุดา),1,1,ttrs,VERB,False
อย่าคิดถึงมันอีกเลย,1,1,ttrs,,False
อย่างเดียว,1,1,th_sl,,False
อย่างใดอย่างหนึ่ง,1,1,ttrs,,False
อย่างไร,1,1,th_sl,QUEST,True
อย่าลืม,1,1,th_sl,,False
อรรถวิชช์ สุวรรณภักดี,1,1,th_sl,SUBJ,False
อวด,1,1,th_sl,VERB,False
อวดดี,1,1,th_sl,VERB,False
อวดเก่ง,1,1,ttrs,,False
อวย,1,1,th_sl,,False
อวยพร,1,1,th_sl,,False
"อวัยวะ, ส่วนของร่างกาย",1,1,ttrs,,False
อวัยวะเพศชาย,1,1,ttrs,OBJ,False
อวัยวะเพศหญิง,1,1,ttrs,OBJ,False
อสังหาริมทรัพย์,1,1,th_sl,,False
ออกจากระบบ,1,1,ttrs,,False
ออกซิเจน,1,1,th_sl,,False
ออกเสียง,1,1,th_sl,,False
อองซานซูจี,1,1,th_sl,,False
ออนซ์,1,1,ttrs,,False
ออปโป้,1,1,th_sl,,False
ออริกาโน,1,1,ttrs,,False
ออร์แกน,1,1,ttrs,,False
ออสเตรีย,1,1,th_sl,PLACE,False
อะ,1,1,th_sl,,False
อะโดบี อิลลัสเตรเตอร์,1,1,th_sl,,False
อะโดบี โฟโตชอป,1,1,th_sl,,False
อั,1,1,th_sl,,False
อักษรเบรลล์,1,1,ttrs,,False
อัครา พรหมเผ่า,1,1,th_sl,SUBJ,False
อังกะลุง,1,1,ttrs,,False
อังคาร,1,1,th_sl,TIME,False
อัฒจันทร์,1,1,ttrs,,False
อัดคลิป,1,1,th_sl,,False
อัตชีวประวัติ,1,1,ttrs,,False
อันดอร์รา,1,1,th_sl,PLACE,False
อันดับบ๊วย,1,1,th_sl,,False
อันตรายมาก,1,1,th_sl,,False
อันเดอร์ อาร์เมอร์,1,1,th_sl,,False
อับอาย,1,1,th_sl,VERB,False
อัพเดท,1,1,th_sl,,False
อัฟกานิสถาน,1,1,th_sl,PLACE,False
อัยยวัฒน์ ศรีวัฒนประภา,1,1,th_sl,,False
อั่งเปา,1,1,ttrs,,False
อาการ,1,1,ttrs,,False
อาการวิงเวียน,1,1,th_sl,,False
อาการหนัก,1,1,ttrs,,False
อากิตะ,1,1,th_sl,,False
อาคารภายในวัด,1,1,ttrs,OBJ,False
อาฆาต,1,1,th_sl,,False
อาจารย์เบียร์ คนตื่นธรรม,1,1,th_sl,,False
อาชีพ,1,1,th_sl,SUBJ,False
อาชีพอิสระ,1,1,ttrs,,False
อาชีพเกษตรกร,1,1,ttrs,,False
อาดิดาส,1,1,th_sl,,False
อาทร,1,1,th_sl,,False
อาบศพ,1,1,th_sl,,False
อายัด,1,1,th_sl,,False
อายุ,1,1,th_sl,OBJ,True
อายุความ,1,1,th_sl,OBJ,False
อารมณ์,1,1,th_sl,,False
อารมณ์ดี,1,1,th_sl,,False
อาร์มีเนีย,1,1,th_sl,,False
อาร์เซนอล,1,1,th_sl,,False
อาวุธ,1,1,th_sl,,False
อาศัย,1,1,th_sl,,False
อาสนวิหารพระนางมาริอาปฎิสนธินิรมล (โบสถ์วัดโรมันคาทอลิก),1,1,th_sl,,False
อาสาสมัคร,1,1,ttrs,,False
อาสาสมัครสาธารณสุขประจำหมู่บ้าน อสม.,1,1,ttrs,,False
อาหรับเอมิเรตต์,1,1,th_sl,PLACE,False
อาหารกลางวัน,1,1,ttrs,,False
อาหารปรุงสุก,1,1,ttrs,,False
อาหารมังสวิรัติ,1,1,ttrs,,False
อาหารอินเดีย,1,1,ttrs,OBJ,False
อาหารเช้า,1,1,ttrs,,False
อาหารเย็น,1,1,ttrs,,False
อาหารเสีย,1,1,ttrs,,False
อาเจ็ก,1,1,th_sl,,False
อาเซอร์ไบจาน,1,1,th_sl,,False
อาเซียน,1,1,th_sl,,False
อาเฮีย,1,1,th_sl,,False
อาโอโมริ,1,1,th_sl,,False
อำ,1,1,th_sl,,False
อำนวยความเป็นธรรม,1,1,ttrs,,False
อำนาจ,1,1,th_sl,OBJ,False
อำนาจทางปกครอง,1,1,ttrs,,False
อำเภอกบินทร์บุรี,1,1,th_sl,,False
อำเภอกระทุ่มแบน,1,1,th_sl,,False
อำเภอกระนวน,1,1,th_sl,,False
อำเภอกันตัง,1,1,th_sl,,False
อำเภอกุยบุรี,1,1,th_sl,,False
อำเภอขลุง,1,1,th_sl,,False
อำเภอขามทะเลสอ,1,1,th_sl,,False
อำเภอขามสะแกแสง,1,1,th_sl,,False
อำเภอคง,1,1,th_sl,,False
อำเภอครบุรี,1,1,th_sl,,False
อำเภอคลองหลวง,1,1,th_sl,,False
อำเภอคลองหาด,1,1,th_sl,,False
อำเภอคลองเขื่อน,1,1,th_sl,,False
อำเภอคลองใหญ่,1,1,th_sl,,False
อำเภอค่ายบางระจัน,1,1,th_sl,,False
อำเภอจอมบึง,1,1,th_sl,,False
อำเภอจักราช,1,1,th_sl,,False
อำเภอชนบท,1,1,th_sl,,False
อำเภอชะอำ,1,1,th_sl,,False
อำเภอชัยบาดาล,1,1,th_sl,,False
อำเภอชุมพวง,1,1,th_sl,,False
อำเภอชุมแพ,1,1,th_sl,,False
อำเภอซำสูง,1,1,th_sl,,False
อำเภอดอนพุด,1,1,th_sl,,False
อำเภอดำเนินสะดวก,1,1,th_sl,,False
อำเภอด่านขุนทด,1,1,th_sl,,False
อำเภอด่านมะขามเตี้ย,1,1,th_sl,,False
อำเภอตาพระยา,1,1,th_sl,,False
อำเภอทองผาภูมิ,1,1,th_sl,,False
อำเภอทับสะแก,1,1,th_sl,,False
อำเภอท่าช้าง,1,1,th_sl,,False
อำเภอท่าตะเกียบ,1,1,th_sl,,False
อำเภอท่าบ่อ,1,1,th_sl,,False
อำเภอท่ามะกา,1,1,th_sl,,False
อำเภอท่าม่วง,1,1,th_sl,,False
อำเภอท่ายาง,1,1,th_sl,,False
อำเภอท่าวุ้ง,1,1,th_sl,,False
อำเภอท่าหลวง,1,1,th_sl,,False
อำเภอท่าเรือ,1,1,th_sl,,False
อำเภอท่าใหม่,1,1,th_sl,,False
อำเภอธัญบุรี,1,1,th_sl,,False
อำเภอนครหลวง,1,1,th_sl,,False
อำเภอนาดี,1,1,th_sl,,False
อำเภอนายายอาม,1,1,th_sl,,False
อำเภอนาโยง,1,1,th_sl,,False
อำเภอนิคมพัฒนา,1,1,th_sl,,False
อำเภอน้ำพอง,1,1,th_sl,,False
อำเภอบัวลาย,1,1,th_sl,,False
อำเภอบัวใหญ่,1,1,th_sl,,False
อำเภอบางกรวย,1,1,th_sl,,False
อำเภอบางคนที,1,1,th_sl,,False
อำเภอบางคล้า,1,1,th_sl,,False
อำเภอบางซ้าย,1,1,th_sl,,False
อำเภอบางน้ำเปรี้ยว,1,1,th_sl,,False
อำเภอบางบัวทอง,1,1,th_sl,,False
อำเภอบางบาล,1,1,th_sl,,False
อำเภอบางบ่อ,1,1,th_sl,,False
อำเภอบางปะกง,1,1,th_sl,,False
อำเภอบางปะหัน,1,1,th_sl,,False
อำเภอบางปะอิน,1,1,th_sl,,False
อำเภอบางระจัน,1,1,th_sl,,False
อำเภอบางละมุง,1,1,th_sl,,False
อำเภอบางสะพาน,1,1,th_sl,,False
อำเภอบางสะพานน้อย,1,1,th_sl,,False
อำเภอบางเสาธง,1,1,th_sl,,False
อำเภอบางแพ,1,1,th_sl,,False
อำเภอบางใหญ่,1,1,th_sl,,False
อำเภอบางไทร,1,1,th_sl,,False
อำเภอบ่อทอง,1,1,th_sl,,False
อำเภอบ่อพลอย,1,1,th_sl,,False
อำเภอบ่อไร่,1,1,th_sl,,False
อำเภอบ้านคา,1,1,th_sl,,False
อำเภอบ้านค่าย,1,1,th_sl,,False
อำเภอบ้านฉาง,1,1,th_sl,,False
อำเภอบ้านนา,1,1,th_sl,,False
อำเภอบ้านบึง,1,1,th_sl,,False
อำเภอบ้านฝาง,1,1,th_sl,,False
อำเภอบ้านลาด,1,1,th_sl,,False
อำเภอบ้านสร้าง,1,1,th_sl,,False
อำเภอบ้านหมอ,1,1,th_sl,,False
อำเภอบ้านหมี่,1,1,th_sl,,False
อำเภอบ้านเหลื่อม,1,1,th_sl,,False
อำเภอบ้านแพรก,1,1,th_sl,,False
อำเภอบ้านแพ้ว,1,1,th_sl,,False
อำเภอบ้านแหลม,1,1,th_sl,,False
อำเภอบ้านแฮด,1,1,th_sl,,False
อำเภอบ้านโป่ง,1,1,th_sl,,False
อำเภอบ้านโพธิ์,1,1,th_sl,,False
อำเภอบ้านไผ่,1,1,th_sl,,False
อำเภอประจันตคาม,1,1,th_sl,,False
อำเภอประทาย,1,1,th_sl,,False
อำเภอปราณบุรี,1,1,th_sl,,False
อำเภอปลวกแดง,1,1,th_sl,,False
อำเภอปะเหลียน,1,1,th_sl,,False
อำเภอปักธงชัย,1,1,th_sl,,False
อำเภอปากช่อง,1,1,th_sl,,False
อำเภอปากท่อ,1,1,th_sl,,False
อำเภอปากพลี,1,1,th_sl,,False
อำเภอปากเกร็ด,1,1,th_sl,,False
อำเภอป่าโมก,1,1,th_sl,,False
อำเภอผักไห่,1,1,th_sl,,False
อำเภอพนมทวน,1,1,th_sl,,False
อำเภอพนมสารคาม,1,1,th_sl,,False
อำเภอพนัสนิคม,1,1,th_sl,,False
อำเภอพรหมบุรี,1,1,th_sl,,False
อำเภอพระทองคำ,1,1,th_sl,,False
อำเภอพระนครศรีอยุธยา,1,1,th_sl,,False
อำเภอพระประแดง,1,1,th_sl,,False
อำเภอพระพุทธบาท,1,1,th_sl,,False
อำเภอพระยืน,1,1,th_sl,,False
อำเภอพระสมุทรเจดีย์,1,1,th_sl,,False
อำเภอพล,1,1,th_sl,,False
อำเภอพัฒนานิคม,1,1,th_sl,,False
อำเภอพานทอง,1,1,th_sl,,False
อำเภอพิมาย,1,1,th_sl,,False
อำเภอภาชี,1,1,th_sl,,False
อำเภอภูผาม่าน,1,1,th_sl,,False
อำเภอภูเวียง,1,1,th_sl,,False
อำเภอมวกเหล็ก,1,1,th_sl,,False
อำเภอมหาราช,1,1,th_sl,,False
อำเภอมะขาม,1,1,th_sl,,False
อำเภอมัญจาศีรี,1,1,th_sl,,False
อำเภอมโนรมย์,1,1,th_sl,,False
อำเภอย่านตาขาว,1,1,th_sl,,False
อำเภอรัตนวาปี,1,1,th_sl,,False
อำเภอรัษฎา,1,1,th_sl,,False
อำเภอราชสาส์น,1,1,th_sl,,False
อำเภอลาดบังหลวง,1,1,th_sl,,False
อำเภอลาดหลุมแก้ว,1,1,th_sl,,False
อำเภอลำทะเมนชัย,1,1,th_sl,,False
อำเภอลำลูกกา,1,1,th_sl,,False
อำเภอลำสนธิ,1,1,th_sl,,False
อำเภอวังจันทร์,1,1,th_sl,,False
อำเภอวังน้อย,1,1,th_sl,,False
อำเภอวังน้ำเขียว,1,1,th_sl,,False
อำเภอวังน้ำเย็น,1,1,th_sl,,False
อำเภอวังม่วง,1,1,th_sl,,False
อำเภอวังวิเศษ,1,1,th_sl,,False
อำเภอวังสมบูรณ์,1,1,th_sl,,False
อำเภอวัฒนานคร,1,1,th_sl,,False
อำเภอวัดสิงห์,1,1,th_sl,,False
อำเภอวัดเพลง,1,1,th_sl,,False
อำเภอวิหารแดง,1,1,th_sl,,False
อำเภอวิเศษชัยชาญ,1,1,th_sl,,False
อำเภอศรีมหาโพธิ,1,1,th_sl,,False
อำเภอศรีมโหสถ,1,1,th_sl,,False
อำเภอศรีราชา,1,1,th_sl,,False
อำเภอศรีสวัสดิ์,1,1,th_sl,,False
อำเภอศรีเชียงใหม่,1,1,th_sl,,False
อำเภอสนามชัยเขต,1,1,th_sl,,False
อำเภอสรรคบุรี,1,1,th_sl,,False
อำเภอสรรพยา,1,1,th_sl,,False
อำเภอสระบุรี,1,1,th_sl,,False
อำเภอสระโบสถ์,1,1,th_sl,,False
อำเภอสระใคร,1,1,th_sl,,False
อำเภอสวนผึ้ง,1,1,th_sl,,False
อำเภอสวรรคโลก,1,1,th_sl,,False
อำเภอสอยดาว,1,1,th_sl,,False
อำเภอสังขละบุรี,1,1,th_sl,,False
อำเภอสังคม,1,1,th_sl,,False
อำเภอสัตหีบ,1,1,th_sl,,False
อำเภอสามร้อยยอด,1,1,th_sl,,False
อำเภอสามโก้,1,1,th_sl,,False
อำเภอสามโคก,1,1,th_sl,,False
อำเภอสิเกา,1,1,th_sl,,False
อำเภอสีคิ้ว,1,1,th_sl,,False
อำเภอสีชมพู,1,1,th_sl,,False
อำเภอสีดา,1,1,th_sl,,False
อำเภอสูงเนิน,1,1,th_sl,,False
อำเภอหนองนาคำ,1,1,th_sl,,False
อำเภอหนองบุญมาก,1,1,th_sl,,False
อำเภอหนองปรือ,1,1,th_sl,,False
อำเภอหนองมะโมง,1,1,th_sl,,False
อำเภอหนองม่วง,1,1,th_sl,,False
อำเภอหนองสองห้อง,1,1,th_sl,,False
อำเภอหนองหญ้าปล้อง,1,1,th_sl,,False
อำเภอหนองเรือ,1,1,th_sl,,False
อำเภอหนองเสือ,1,1,th_sl,,False
อำเภอหนองแค,1,1,th_sl,,False
อำเภอหนองแซง,1,1,th_sl,,False
อำเภอหนองโดน,1,1,th_sl,,False
อำเภอหนองใหญ่,1,1,th_sl,,False
อำเภอหันคา,1,1,th_sl,,False
อำเภอหัวหิน,1,1,th_sl,,False
อำเภอหาดสำราญ,1,1,th_sl,,False
อำเภอห้วยกระเจา,1,1,th_sl,,False
อำเภอห้วยยอด,1,1,th_sl,,False
อำเภอห้วยแถลง,1,1,th_sl,,False
อำเภอองครักษ์,1,1,th_sl,,False
อำเภออรัญประเทศ,1,1,th_sl,,False
อำเภออัมพวา,1,1,th_sl,,False
อำเภออินทร์บุรี,1,1,th_sl,,False
อำเภออุทัย,1,1,th_sl,,False
อำเภออุบลรัตน์,1,1,th_sl,,False
อำเภอเกาะกูด,1,1,th_sl,,False
อำเภอเกาะจันทร์,1,1,th_sl,,False
อำเภอเกาะช้าง,1,1,th_sl,,False
อำเภอเกาะสีชัง,1,1,th_sl,,False
อำเภอเขาคิชฌกูฏ,1,1,th_sl,,False
อำเภอเขาฉกรรจ์,1,1,th_sl,,False
อำเภอเขาชะเมา,1,1,th_sl,,False
อำเภอเขาย้อย,1,1,th_sl,,False
อำเภอเขาสมิง,1,1,th_sl,,False
อำเภอเขาสวนกวาง,1,1,th_sl,,False
อำเภอเทพารักษ์,1,1,th_sl,,False
อำเภอเนินขาม,1,1,th_sl,,False
อำเภอเปือยน้อย,1,1,th_sl,,False
อำเภอเฝ้าไร่,1,1,th_sl,,False
อำเภอเมืองกาญจนบุรี,1,1,th_sl,,False
อำเภอเมืองจันทบุรี,1,1,th_sl,,False
อำเภอเมืองชลบุรี,1,1,th_sl,,False
อำเภอเมืองตราด,1,1,th_sl,,False
อำเภอเมืองนครนายก,1,1,th_sl,,False
อำเภอเมืองนครราชสีมา,1,1,th_sl,,False
อำเภอเมืองปทุมธานี,1,1,th_sl,,False
อำเภอเมืองยาง,1,1,th_sl,,False
อำเภอเมืองราชบุรี,1,1,th_sl,,False
อำเภอเมืองสมุทรสงคราม,1,1,th_sl,,False
อำเภอเมืองสมุทรสาคร,1,1,th_sl,,False
อำเภอเมืองสระแก้ว,1,1,th_sl,,False
อำเภอเมืองสิงห์บุรี,1,1,th_sl,,False
อำเภอเมืองเพชรบุรี,1,1,th_sl,,False
อำเภอเลาขวัญ,1,1,th_sl,,False
อำเภอเวียงเก่า,1,1,th_sl,,False
อำเภอเสนา,1,1,th_sl,,False
อำเภอเสาไห้,1,1,th_sl,,False
อำเภอเสิงสาง,1,1,th_sl,,False
อำเภอแกลง,1,1,th_sl,,False
อำเภอแก่งกระจาน,1,1,th_sl,,False
อำเภอแก่งคอย,1,1,th_sl,,False
อำเภอแก่งหางแมว,1,1,th_sl,,False
อำเภอแก้งสนามนาง,1,1,th_sl,,False
อำเภอแปลงยาว,1,1,th_sl,,False
อำเภอแวงน้อย,1,1,th_sl,,False
อำเภอแวงหา,1,1,th_sl,,False
อำเภอแวงใหญ่,1,1,th_sl,,False
อำเภอแหลมงอบ,1,1,th_sl,,False
อำเภอแหลมสิงห์,1,1,th_sl,,False
อำเภอโคกสำโรง,1,1,th_sl,,False
อำเภอโคกสูง,1,1,th_sl,,False
อำเภอโคกเจริญ,1,1,th_sl,,False
อำเภอโคกโพธิ์ไซย,1,1,th_sl,,False
อำเภอโชคชัย,1,1,th_sl,,False
อำเภอโนนศิลา,1,1,th_sl,,False
อำเภอโนนสูง,1,1,th_sl,,False
อำเภอโนนแดง,1,1,th_sl,,False
อำเภอโนนไทย,1,1,th_sl,,False
อำเภอโป่งน้ำร้อน,1,1,th_sl,,False
อำเภอโพธาราม,1,1,th_sl,,False
อำเภอโพธิ์ตาก,1,1,th_sl,,False
อำเภอโพธิ์ทอง,1,1,th_sl,,False
อำเภอโพนพิสัย,1,1,th_sl,,False
อำเภอไชโย,1,1,th_sl,,False
อำเภอไทรน้อย,1,1,th_sl,,False
อำเภอไทรโยค,1,1,th_sl,,False
อิ,1,1,th_sl,,False
อิชิกาวะ,1,1,th_sl,,False
อิฐ,1,1,agent,,False
อิทธิ ศิริลัทธยากร,1,1,th_sl,SUBJ,False
อินทนิล คอฟฟี่,1,1,th_sl,PLACE,False
อินฟูลเอ็นเซอร์,1,1,th_sl,,False
อินสตาแกรม,1,1,th_sl,VERB,False
อิบารากิ,1,1,th_sl,,False
อิมแพคอารีนา เมืองทองธานี,1,1,th_sl,PLACE,False
อิรัก,1,1,th_sl,PLACE,False
อิสรภาพ,1,1,th_sl,OBJ,False
อิเกีย IKEA,1,1,th_sl,,False
อิ่ม (ภาษามือโรงเรียนเศรษฐเสถียรในพระราชูปถัมภ์),1,1,ttrs,,False
อี,1,1,th_sl,,False
อีก,1,1,th_sl,,True
อีกา,1,1,th_sl,,False
อีฟ ปานเจริญ,1,1,th_sl,SUBJ,False
อียิปต์,1,1,th_sl,PLACE,False
อีสาน,1,1,th_sl,,False
อีเก็ตส์,1,1,th_sl,,False
อีเควทอเรียลกินี,1,1,th_sl,PLACE,False
อึ,1,1,th_sl,,False
อื,1,1,th_sl,,False
อื่น,1,1,th_sl,,False
อุ,1,1,th_sl,,False
อุกกาบาต,1,1,ttrs,OBJ,False
อุจจาระ (ขี้),1,1,ttrs,OBJ,False
อุซเบกิสถาน,1,1,th_sl,PLACE,False
อุดมสุข,1,1,th_sl,,False
อุด้ง,1,1,th_sl,,False
อุตสาหกรรม,1,1,th_sl,,False
อุทกภัย,1,1,th_sl,,False
อุทธรณ์,1,1,ttrs,,False
อุทยานน้ำตกเฒ่าโต้ท่อง,1,1,th_sl,,False
อุทยานประวัติศาสตร์ ศรีสัชนาลัย,1,1,th_sl,PLACE,False
อุทยานประวัติศาสตร์พระนครคีรี (เขาวัง),1,1,th_sl,,False
อุทยานประวัติศาสตร์สตร์กำแพงเพชร,1,1,th_sl,PLACE,False
อุทยานประวัติศาสตร์สุโขทัย,1,1,th_sl,PLACE,False
อุทยานพระบรมราชานุสรณ์ สมเด็จพระพุทธเลิศหล้าภาลัย(อุทยาน ร.2) จังหวัดสมุทรสงคราม,1,1,th_sl,,False
อุทยานมังกรสวรรค์,1,1,th_sl,PLACE,False
อุทยานราชภักดิ์,1,1,th_sl,,False
อุทยานวังตะไคร้ (น้ำตกวังตะไคร้),1,1,th_sl,,False
อุทยานสวรรค์,1,1,th_sl,PLACE,False
อุทยานหินเขางู,1,1,th_sl,,False
อุทยานแห่งชาติคลองลาน,1,1,th_sl,PLACE,False
อุทยานแห่งชาติดอยขุนตาล,1,1,th_sl,PLACE,False
อุทยานแห่งชาติน้ำตกชาติตระการ,1,1,th_sl,PLACE,False
อุทยานแห่งชาติน้ำตกพลิ้ว,1,1,th_sl,,False
อุทยานแห่งชาติน้ำตกเจ็ดสาวน้อย,1,1,th_sl,,False
อุทยานแห่งชาติน้ำตกแจ้ซ้อน,1,1,th_sl,PLACE,False
อุทยานแห่งชาติภูซาง,1,1,th_sl,PLACE,False
อุทยานแห่งชาติภูหินร่องกล้า,1,1,th_sl,PLACE,False
อุทยานแห่งชาติรามคำแหง,1,1,th_sl,PLACE,False
อุทยานแห่งชาติเขาใหญ่,1,1,th_sl,,False
อุทัยธานี,1,1,th_sl,PLACE,False
อุทัยธานี เอฟซี,1,1,th_sl,,False
อุทิศ,1,1,th_sl,,False
อุนสาวรีย์พระยาพิชัยดาบหัด,1,1,th_sl,PLACE,False
อุปกรณ์ทางการแพทย์,1,1,ttrs,,False
อุปกรณ์ป้องกันส่วนบุคคล (PPE),1,1,ttrs,,False
อุปการะเลี้ยงดู,1,1,th_sl,SUBJ,False
อุปนายก,1,1,th_sl,,False
"อุปสรรค, เครื่องกีดขวาง",1,1,ttrs,,False
อุเทนถวาย,1,1,th_sl,,False
อุโมงค์ ไม้ไผ่ ทิว ไผ่งาม,1,1,th_sl,PLACE,False
อุโมงค์รถไฟ,1,1,th_sl,,False
อุโมงค์รถไฟขุนตาล,1,1,th_sl,PLACE,False
อุ้ม (เด็ก) ขึ้น,1,1,ttrs,,False
อุ้มผาง,1,1,th_sl,PLACE,False
อุ้มพาดบ่า,1,1,ttrs,,False
อุ้มเด็กวางลง,1,1,ttrs,VERB,False
อุ๊บส์,1,1,th_sl,,False
อู,1,1,th_sl,,False
อู่ทอง,1,1,th_sl,PLACE,False
อเมริกา,1,1,th_sl,,False
อเมริกากลาง,1,1,th_sl,PLACE,False
อเมริกาเหนือ,1,1,th_sl,,False
อเมริกาใต้,1,1,th_sl,,False
อโรคยาศาลโป่งคำธาม,1,1,th_sl,PLACE,False
อโศก,1,1,th_sl,,False
อ็,1,1,th_sl,,False
อ่,1,1,th_sl,,False
อ่อนนุช,1,1,th_sl,,False
อ่อนล้า,1,1,th_sl,,False
อ่อนแอ,1,1,ttrs,,False
อ่าง,1,1,th_sl,OBJ,False
อ่างทอง,1,1,th_sl,PLACE,False
อ่างล้างจาน,1,1,ttrs,,False
อ่างอาบน้ำ,1,1,ttrs,,False
อ่างเก็บน้ำแม่ธิ,1,1,th_sl,PLACE,False
อ่างเล็ก,1,1,ttrs,OBJ,False
อ่างแก้ว,1,1,th_sl,,False
อ่านหนังสือ,1,1,ttrs,,False
อ่าวตาลคู่,1,1,th_sl,,False
อ่าวสลัด,1,1,th_sl,,False
อ้,1,1,th_sl,,False
อ้วก,1,1,th_sl,,False
อ้วนขึ้น,1,1,th_sl,,False
อ้อ,1,1,th_sl,,False
อ้อย,1,1,th_sl,,False
อ้าง,1,1,th_sl,,False
อ้าปาก,1,1,ttrs,VERB,False
อ้าว,1,1,th_sl,,False
อ๊,1,1,th_sl,,False
อ๊อง,1,1,th_sl,,False
อ๋,1,1,th_sl,,False
อ์,1,1,th_sl,,False
ฮ นกฮูก,1,1,th_sl,,False
ฮอกกี้,1,1,ttrs,,False
ฮอด,1,1,th_sl,PLACE,False
ฮอนดูรัส,1,1,th_sl,PLACE,False
ฮอร์โมน,1,1,th_sl,,False
ฮังการี,1,1,th_sl,PLACE,False
ฮานอย,1,1,th_sl,,False
ฮามาส,1,1,th_sl,,False
ฮาร์บิน,1,1,th_sl,,False
ฮาร์เลย์,1,1,th_sl,,False
ฮาลาล,1,1,agent,,False
ฮิญาบ,1,1,th_sl,,False
ฮินดู,1,1,ttrs,,False
ฮิโนกิแลนด์,1,1,th_sl,PLACE,False
ฮิโรชิมะ,1,1,th_sl,,False
ฮุน มาเนต,1,1,th_sl,SUBJ,False
ฮุน เซน,1,1,th_sl,SUBJ,False
ฮุบ,1,1,th_sl,,False
ฮูลาฮูป,1,1,ttrs,OBJ,False
ฯ,1,1,th_sl,,False
เกม,1,1,th_sl,,False
เกมรับ,1,1,th_sl,,False
เกมส์,1,1,th_sl,,False
เกมหมากรุก,1,1,ttrs,,False
เกมหมากล้อม,1,1,th_sl,,False
เกย์ควีน,1,1,th_sl,,False
เกย์คิง,1,1,th_sl,,False
เกลี้ยง,1,1,th_sl,,False
เกวียน,1,1,th_sl,OBJ,False
เกวียน (ภาษามือโรงเรียนเศรษฐเสถียรในพระราชูปถัมภ์),1,1,ttrs,,False
เกษมบัณฑิต เอฟซี,1,1,th_sl,,False
เกษียณอายุ,1,1,ttrs,,False
เกสรตัวผู้ (ภาษามือโรงเรียนเศรษฐเสถียรในพระราชูปถัมภ์),1,1,ttrs,OBJ,False
เกสรตัวเมีย (ภาษามือโรงเรียนเศรษฐเสถียรในพระราชูปถัมภ์),1,1,ttrs,OBJ,False
เกาหลีเหนือ,1,1,th_sl,PLACE,False
เกาหลีใต้,1,1,th_sl,PLACE,False
เกาะกระดาด,1,1,th_sl,,False
เกาะคา,1,1,th_sl,PLACE,False
เกาะลันตา,1,1,th_sl,,False
เกาะสมุย,1,1,th_sl,,False
เกาะหมูป่า,1,1,th_sl,,False
เกาะหวาย,1,1,th_sl,,False
เกาะเกร็ด,1,1,th_sl,,False
เกาะเสม็ด,1,1,th_sl,,False
เกาเหลา,1,1,th_sl,OBJ,False
เกาเหลาลูกชิ้น,1,1,th_sl,OBJ,False
เกาเหลาเนื้อวัว,1,1,th_sl,OBJ,False
เกาเหลาเลือดหมู,1,1,th_sl,OBJ,False
เกิดอาการแพ้,1,1,ttrs,VERB,False
เกิน,1,1,th_sl,,False
เกียม,1,1,th_sl,,False
เกียร์ว่าง,1,1,th_sl,,False
เกี่ยว,1,1,th_sl,,False
เกี่ยวกับ,1,1,th_sl,,False
เกี่ยวข้อง,1,1,ttrs,,False
เกี่ยวโยง,1,1,ttrs,VERB,False
เก็บของใส่กระเป๋า,1,1,ttrs,,False
เก็บอัฐิ,1,1,th_sl,,False
เก็บเอกสารเข้าแฟ้ม,1,1,ttrs,VERB,False
เก็บไว้ให้ตัวเอง,1,1,ttrs,VERB,False
เก่า,1,1,th_sl,,True
เก่ากึ๊ก,1,1,th_sl,,False
เก้าร้อย,1,1,th_sl,,False
เก้าเลี้ยว,1,1,th_sl,PLACE,False
เขกหัว,1,1,th_sl,,False
เขต / อำเภอ,1,1,ttrs,OBJ,False
เขตคลองสาน,1,1,th_sl,,False
เขตคลองสามวา,1,1,th_sl,,False
เขตคันนายาว,1,1,th_sl,,False
เขตตลิ่งชัน,1,1,th_sl,,False
เขตทวีวัฒนา,1,1,th_sl,,False
เขตธนบุรี,1,1,th_sl,,False
เขตบางคอแหลม,1,1,th_sl,,False
เขตบางนา,1,1,th_sl,,False
เขตบึงกุ่ม,1,1,th_sl,,False
เขตประเวศ,1,1,th_sl,,False
เขตป้อมปราบศัตรูพ่าย,1,1,th_sl,,False
เขตพระนคร,1,1,th_sl,,False
เขตยานนาวา,1,1,th_sl,,False
เขตราษฎร์บูรณะ,1,1,th_sl,,False
เขตวังทองหลาง,1,1,th_sl,,False
เขตวัฒนา,1,1,th_sl,,False
เขตสะพานสูง,1,1,th_sl,,False
เขตสัมพันธวงศ์,1,1,th_sl,,False
เขตสายไหม,1,1,th_sl,,False
เขตหนองจอก,1,1,th_sl,,False
เขาคิชฌกูฏ,1,1,th_sl,,False
เขาค้อ,1,1,th_sl,PLACE,False
เขาช้างเผือก,1,1,th_sl,,False
เขาผีเข้าผีออก,1,1,ttrs,ADJ,False
เขาล้อมหมวก,1,1,th_sl,,False
เขาหน่อ-เขาแก้ว,1,1,th_sl,PLACE,False
เขียนขยายความ,1,1,ttrs,VERB,False
เขียนตามคำบอก,1,1,ttrs,VERB,False
เขียนบรรยาย,1,1,ttrs,VERB,False
เขียนย่อความ,1,1,ttrs,VERB,False
เขียวขี้ม้า,1,1,th_sl,,False
เขื่อน,1,1,th_sl,PLACE,False
เขื่อนขุนด่านปราการชล,1,1,th_sl,,False
เขื่อนดิน,1,1,th_sl,PLACE,False
เขื่อนภูมิพล,1,1,th_sl,PLACE,False
เขื่อนสิริกิติ์,1,1,th_sl,PLACE,False
เขื่อนเจ้าพระยา,1,1,th_sl,,False
เขื่อนแควน้อยบำรุงแดน,1,1,th_sl,PLACE,False
เข็มกลัด,1,1,ttrs,,False
เข็มฉีดยา,1,1,agent,,False
เข็มชั่วโมง,1,1,ttrs,,False
เข็มทิศ,1,1,th_sl,,False
เข็มนาที,1,1,ttrs,,False
เข็มวินาที,1,1,ttrs,,False
เข่า,1,1,agent,,False
เข้ม,1,1,th_sl,,False
เข้มงวด,1,1,ttrs,,False
เข้าข้าง,1,1,th_sl,,False
เข้าระบบ,1,1,ttrs,,False
เข้าไม่ได้,1,1,th_sl,,False
เคนยา,1,1,th_sl,,False
เคนโด้,1,1,ttrs,,False
เคมี,1,1,th_sl,,False
เคย,1,1,th_sl,VERB,True
เคย์ลี ฮอตเทิล,1,1,th_sl,,False
เครื่องกรองน้ำ,1,1,ttrs,OBJ,False
เครื่องกล,1,1,th_sl,,False
เครื่องกีดขวาง,1,1,ttrs,OBJ,False
เครื่องขยายเสียง,1,1,ttrs,OBJ,False
เครื่องคอมพิวเตอร์แบบพกพา,1,1,ttrs,OBJ,False
เครื่องคั้นน้ำผลไม้,1,1,ttrs,,False
เครื่องคิดเลข,1,1,th_sl,,False
เครื่องฉายภาพนิ่ง,1,1,ttrs,OBJ,False
เครื่องฉายภาพยนตร์,1,1,th_sl,,False
เครื่องฉายสไลด์,1,1,ttrs,,False
เครื่องช็อตไฟฟ้า,1,1,th_sl,,False
เครื่องช่วยฟัง (แบบพกติดกระเป๋า),1,1,ttrs,OBJ,False
เครื่องช่วยหายใจ,1,1,ttrs,,False
เครื่องดื่มชูกำลัง,1,1,th_sl,,False
เครื่องดื่มเกลือแร่,1,1,th_sl,,False
เครื่องดื่มแอลกอฮอล์,1,1,ttrs,,False
เครื่องดูดควัน,1,1,ttrs,,False
เครื่องดูดฝุ่น,1,1,ttrs,OBJ,False
เครื่องตวง,1,1,ttrs,OBJ,False
เครื่องตัดกระแสไฟฟ้า,1,1,ttrs,OBJ,False
เครื่องทำความร้อน,1,1,ttrs,,False
เครื่องทำความเย็น,1,1,ttrs,,False
เครื่องทำน้ำแข็ง,1,1,ttrs,OBJ,False
เครื่องบดเมล็ดกาแฟ,1,1,ttrs,OBJ,False
เครื่องปั่นดิน,1,1,th_sl,OBJ,False
เครื่องพิมพ์ดีด,1,1,th_sl,OBJ,False
เครื่องม้วนผม,1,1,th_sl,,False
เครื่องม้วนผมให้เป็นลอน,1,1,ttrs,OBJ,False
เครื่องล้างจาน,1,1,ttrs,OBJ,False
เครื่องวัดกระแสไฟฟ้า,1,1,ttrs,OBJ,False
เครื่องวัดอัตราการเต้นของหัวใจ,1,1,th_sl,,False
เครื่องวัดอุณหภูมิ,1,1,ttrs,,False
เครื่องสูบน้ำ,1,1,ttrs,,False
เครื่องหนีบผมให้ตรง,1,1,ttrs,OBJ,False
เครื่องหมายการค้า,1,1,th_sl,,False
เครื่องหมายวรรคตอน (ภาษามือโรงเรียนเศรษฐเสถียรในพระราชูปถัมภ์),1,1,ttrs,,False
เครื่องอบผ้า,1,1,th_sl,,False
เครื่องออกกำลังกาย,1,1,ttrs,,False
เครื่องอ่านการ์ดความจำ,1,1,ttrs,OBJ,False
เครื่องเตรียมอาหาร,1,1,ttrs,,False
เครื่องเล่นแผ่นซีดี,1,1,ttrs,OBJ,False
เครื่องเล่นแผ่นเสียง,1,1,ttrs,,False
เครื่องแต่งกาย,1,1,th_sl,,False
เครื่องโกนหนวด,1,1,th_sl,,False
เครื่องโทรสาร แฟกซ์,1,1,th_sl,OBJ,False
เครื่่องบิน (ภาษามือโรงเรียนเศรษฐเสถียรในพระราชูปถัมภ์),1,1,ttrs,,False
เคร่งขรึม,1,1,ttrs,,False
เคลื่อนไหว,1,1,th_sl,,False
เควียร์,1,1,th_sl,,False
เคสผู้ป่วย,1,1,ttrs,,False
เคหสถาน,1,1,ttrs,,False
เคอร์ฟิว,1,1,ttrs,,False
เคี่ยว,1,1,ttrs,,False
เคเอฟซี,1,1,th_sl,PLACE,False
เงิน,1,1,th_sl,,True
เงินกู้,1,1,th_sl,OBJ,False
เงินค่าขนม,1,1,ttrs,,False
เงินดาวน์,1,1,th_sl,,False
เงินตกเบิก,1,1,ttrs,,False
เงินทดแทน,1,1,th_sl,,False
เงินผ่อน,1,1,th_sl,,False
เงินสด,1,1,th_sl,,False
เงินหมุนเวียน,1,1,th_sl,,False
เงินเดือน,1,1,th_sl,,False
เงินเยียวยา,1,1,ttrs,,False
เงิบ,1,1,th_sl,,False
เงียบ (ภาษามือวิทยาลัยราชสุดา),1,1,ttrs,VERB,False
เงี่ยหู,1,1,th_sl,,False
เงื่อนไข,1,1,th_sl,,False
เจดีย์พระธาตุดอยหนอก,1,1,th_sl,PLACE,False
เจรจา,1,1,th_sl,,False
เจริญ,1,1,th_sl,,False
เจลแอลกอฮอล์,1,1,ttrs,,False
เจษฎ์ โทณะวณิก,1,1,th_sl,SUBJ,False
เจอ,1,1,th_sl,VERB,True
เจาะจง,1,1,ttrs,VERB,False
เจาะน้ำเกลือที่มือ,1,1,th_sl,,False
เจาะน้ำเกลือที่ี่แขน,1,1,th_sl,,False
เจาะเลือด,1,1,th_sl,,False
เจแปนแอร์ไลน์,1,1,th_sl,,False
เจ็ดร้อย,1,1,th_sl,NUM,False
เจ็ท,1,1,th_sl,PLACE,False
เจ็บหน้าอก,1,1,th_sl,,False
เจ็บไปทั่ว (ร่างกาย),1,1,ttrs,,False
เจ้าของ,1,1,th_sl,,False
เจ้าความคิด,1,1,th_sl,OBJ,False
เจ้านาย,1,1,th_sl,,False
เจ้าภาพ,1,1,th_sl,,False
เจ้าหนี้,1,1,th_sl,,False
เจ้าหน้าที่ของรัฐ,1,1,ttrs,,False
เจ้าหน้าที่ตำรวจ,1,1,th_sl,SUBJ,False
เจ้าหน้าที่ธุรการ,1,1,th_sl,,False
เจ้าหน้าที่บันทึกวิดีโอ,1,1,th_sl,SUBJ,False
เจ้าหน้าที่ห้องสมุด,1,1,ttrs,,False
เจ๊ง,1,1,th_sl,VERB,False
เฉพาะ,1,1,th_sl,VERB,False
เฉลย (ภาษามือวิทยาลัยราชสุดา),1,1,ttrs,VERB,False
เฉลิมฉลอง,1,1,ttrs,,False
เฉลิมชัย ศรีอ่อน,1,1,th_sl,SUBJ,False
เฉลิมพระเกียรติ,1,1,th_sl,PLACE,False
เฉลียวฉลาด,1,1,th_sl,,False
เฉิงดู,1,1,th_sl,,False
เชฟโรเลต,1,1,th_sl,,False
เชลล์,1,1,th_sl,PLACE,False
เชอรี่ (ภาษามือโรงเรียนเศรษฐเสถียรในพระราชูปถัมภ์),1,1,ttrs,,False
เชิงกลยุทธ์ (ภาษามือโรงเรียนเศรษฐเสถียรในพระราชูปถัมภ์),1,1,ttrs,OBJ,False
เชิญชวน,1,1,ttrs,VERB,False
เชิญมาบ่อยๆ,1,1,ttrs,VERB,False
เชินเจิ้น,1,1,th_sl,,False
เชียงกลาง,1,1,th_sl,PLACE,False
เชียงของ,1,1,th_sl,PLACE,False
เชียงคำ,1,1,th_sl,PLACE,False
เชียงดาว,1,1,th_sl,PLACE,False
เชียงม่วน,1,1,th_sl,PLACE,False
เชียงราย ยูไนเต็ด,1,1,th_sl,,False
เชียงแสน,1,1,th_sl,PLACE,False
เชียงใหม่ ไนท์ซาฟารี,1,1,th_sl,PLACE,False
เชียงใหม่-มหาวิทยาลัยเชียงใหม่,1,1,th_sl,PLACE,False
เชียร์,1,1,th_sl,,False
เชือกตาข่ายสำหรับปีน,1,1,ttrs,,False
เชือกผูกรองเท้า,1,1,ttrs,,False
เชื่อ,1,1,th_sl,VERB,True
เชื่อม,1,1,th_sl,,False
เชื่อมต่อ,1,1,ttrs,,False
เชื่อมโยง,1,1,ttrs,VERB,False
เชื่อใจ,1,1,th_sl,,False
เชื้อ,1,1,th_sl,,False
เชื้อโรค,1,1,ttrs,,False
เชื้อไวรัส HIV,1,1,th_sl,,False
เช็กเกีย,1,1,th_sl,PLACE,False
เช็คอิน Check-in,1,1,ttrs,,False
เช็คเอาท์ Check-out,1,1,ttrs,,False
เช็ดกระจก (ภาษามือวิทยาลัยราชสุดา),1,1,ttrs,VERB,False
เช่าซื้อ,1,1,th_sl,,False
เช่าทรัพย์,1,1,th_sl,,False
เช้าตรู่,1,1,ttrs,,False
เซต (ภาษามือโรงเรียนเศรษฐเสถียรในพระราชูปถัมภ์),1,1,ttrs,OBJ,False
เซนติเมตร,1,1,ttrs,,False
เซปักตะกร้อ,1,1,ttrs,,False
เซลล์ (ภาษามือโรงเรียนเศรษฐเสถียรในพระราชูปถัมภ์),1,1,ttrs,,False
เซลล์พืช (ภาษามือโรงเรียนเศรษฐเสถียรในพระราชูปถัมภ์),1,1,ttrs,OBJ,False
เซลล์สัตว์ (ภาษามือโรงเรียนเศรษฐเสถียรในพระราชูปถัมภ์),1,1,ttrs,OBJ,False
เซลโล,1,1,ttrs,,False
เซอร์เบีย,1,1,th_sl,PLACE,False
เซอร์ไพรส์,1,1,th_sl,,False
เซียนท้อ,1,1,th_sl,,False
เซี่ยงไฮ้,1,1,th_sl,,False
เซเว่น,1,1,th_sl,PLACE,False
เซเว่นอีเลฟเว่น,1,1,agent,,False
เซ็กซ์,1,1,th_sl,,False
เซ็คประวัติ,1,1,th_sl,,False
เซ็ง,1,1,th_sl,,False
เซ็นทรัลกระบี่,1,1,th_sl,,False
เซ็นทรัลบางนา,1,1,th_sl,,False
เซ็นทรัลปิ่นเกล้า,1,1,th_sl,,False
เซ็นทรัลพระราม2,1,1,th_sl,,False
เซ็นทรัลพระราม3,1,1,th_sl,,False
เซ็นทรัลพระราม9,1,1,th_sl,,False
เซ็นทรัลพัทยา,1,1,th_sl,,False
เซ็นทรัลภูเก็ต,1,1,th_sl,,False
เซ็นทรัลเชียงใหม่,1,1,th_sl,,False
เซ็นทรัลเวิลด์,1,1,th_sl,,False
เดชอิศม์ ขาวทอง,1,1,th_sl,,False
เดบิวต์,1,1,th_sl,,False
เดลินิวส์,1,1,th_sl,,False
เดลิเวอรี,1,1,ttrs,,False
เดอะ-บาย-พาส,1,1,th_sl,PLACE,False
เดอะซันนิวเซ็นเตอร์,1,1,th_sl,,False
เดอะมอลล์ (ภาษามือโรงเรียนเศรษฐเสถียรในพระราชูปถัมภ์),1,1,ttrs,,False
เดินถอยหลัง,1,1,ttrs,,False
เดินทาง,1,1,th_sl,,False
เดินเก้งก้าง,1,1,ttrs,,False
เดินแบบทรงตัว,1,1,ttrs,,False
เดิม,1,1,th_sl,,False
เดิมบางนางบวช,1,1,th_sl,PLACE,False
เดิมพัน,1,1,th_sl,OBJ,False
เดียวกัน,1,1,th_sl,,False
เด็ก (ภาษามือโรงเรียนเศรษฐเสถียรในพระราชูปถัมภ์),1,1,ttrs,OBJ,False
เด็กกำพร้า,1,1,ttrs,OBJ,False
เด็กทารก,1,1,ttrs,OBJ,False
เด็ด,1,1,ttrs,,False
เด็ดขาด,1,1,th_sl,,False
เด่นชัย,1,1,th_sl,PLACE,False
เด้ง ออกจากตำแหน่ง,1,1,th_sl,,False
เตรียม,1,1,th_sl,VERB,False
เตรียมพร้อม,1,1,ttrs,,False
เตะบอลออกจากประตู,1,1,th_sl,,False
เตะมุม,1,1,th_sl,,False
เตะลอดขา,1,1,th_sl,,False
เตาถ่าน,1,1,ttrs,,False
เตาปิ้งย่าง,1,1,ttrs,,False
เตาปูน,1,1,th_sl,,False
เตาอบ,1,1,ttrs,,False
เตาแก๊สปิกนิก,1,1,ttrs,,False
เตาไฟฟ้า,1,1,th_sl,,False
เติบโต,1,1,ttrs,,False
เติบโตมาพร้อมกัน,1,1,ttrs,,False
เติร์กเมนิสถาน,1,1,th_sl,PLACE,False
"เตียงนอน, ที่นอน",1,1,ttrs,,False
เตี้ยลง,1,1,ttrs,,False
เต็มที่,1,1,th_sl,,False
เต็มใจ,1,1,th_sl,,False
เต้ารับ,1,1,ttrs,OBJ,False
เต้าส่วน,1,1,th_sl,OBJ,False
เต้าหู้ยี้,1,1,ttrs,,False
เถาะ,1,1,th_sl,,False
เถิน,1,1,th_sl,PLACE,False
เถ้ากระดูก,1,1,th_sl,,False
เท ท่าที่่ 3,1,1,th_sl,,False
เทคนิค,1,1,th_sl,,False
เทคโนเครต,1,1,th_sl,VERB,False
เทปใส,1,1,ttrs,,False
เทพธิดา,1,1,ttrs,,False
เทศกาล,1,1,th_sl,,False
เทศกาลไหว้พระจันทร์,1,1,ttrs,,False
เทศนา,1,1,th_sl,,False
เทศบาลนคร,1,1,th_sl,PLACE,False
เทส,1,1,th_sl,,False
เทสโกโลตัส (ภาษามือโรงเรียนเศรษฐเสถียรในพระราชูปถัมภ์),1,1,ttrs,,False
เทหลวงสุโขทัย,1,1,th_sl,PLACE,False
เทอม 2,1,1,th_sl,,False
เทอร์มินอล21 โคราช,1,1,th_sl,,False
เทอร์โมมิเตอร์ (ภาษามือโรงเรียนเศรษฐเสถียรในพระราชูปถัมภ์),1,1,ttrs,OBJ,False
เทิง,1,1,th_sl,PLACE,False
เทิดทูน,1,1,ttrs,VERB,False
เทียน,1,1,th_sl,OBJ,False
เทียนไข,1,1,agent,,False
เทียม,1,1,th_sl,,False
เที่ยง,1,1,th_sl,TIME,False
เที่ยงวัน,1,1,ttrs,,False
เที่ยว (ภาษามือวิทยาลัยราชสุดา),1,1,ttrs,VERB,False
เท่,1,1,th_sl,,False
เท่ง เถิดเทิง,1,1,th_sl,SUBJ,False
เท่าพิภพ ลิ้มจิตรกร,1,1,th_sl,SUBJ,False
เท้า (ภาษามือโรงเรียนเศรษฐเสถียรในพระราชูปถัมภ์),1,1,ttrs,,False
เธอ,1,1,ttrs,SUBJ,True
เธอตัวโต (เมื่อเทียบกับฉัน),1,1,ttrs,,False
เนตรนารี,1,1,th_sl,,False
เนย์มาร์ ดา ซิลวา ซังตุส ฌูนีโยร์,1,1,th_sl,,False
เนินนางพญา,1,1,th_sl,,False
เนินมะปราง,1,1,th_sl,PLACE,False
เนื่อง,1,1,th_sl,,False
เนื้อหมู,1,1,th_sl,OBJ,False
เนื้อหา (ภาษามือโรงเรียนเศรษฐเสถียรในพระราชูปถัมภ์),1,1,ttrs,OBJ,False
เนื้อเพลง,1,1,ttrs,,False
เนื้อใต้ท้องแขนที่หย่อนยาน,1,1,ttrs,OBJ,False
เนื้อไก่งวง,1,1,ttrs,,False
เน็ตฟลิกซ์,1,1,th_sl,,False
เน่าเสีย,1,1,ttrs,,False
เบจ,1,1,th_sl,,False
เบรนท์ฟอร์ด,1,1,th_sl,,False
เบส,1,1,ttrs,,False
เบสบอล,1,1,ttrs,,False
เบอร์,1,1,th_sl,,False
เบอร์เกอร์คิง,1,1,th_sl,,False
เบามาก,1,1,ttrs,,False
เบิก,1,1,th_sl,VERB,False
เบียดผู้อื่น,1,1,ttrs,,False
เบียร์ช้าง,1,1,th_sl,,False
เบียร์อาซาฮี,1,1,th_sl,,False
เบียร์เฟเดอร์บรอย,1,1,th_sl,,False
เบียร์ไฮเนเก้น,1,1,th_sl,,False
เบี้ยประกันภัย,1,1,th_sl,OBJ,False
เบื้องต้น (ภาษามือโรงเรียนเศรษฐเสถียรในพระราชูปถัมภ์),1,1,ttrs,OBJ,False
เปปเปอร์ ลันช์,1,1,th_sl,,False
เปรู,1,1,th_sl,PLACE,False
เปร็ดใน,1,1,th_sl,,False
เปลี่ยน,1,1,th_sl,VERB,True
เปลี่ยนตัว,1,1,th_sl,,False
เปลี่ยนหมู่,1,1,ttrs,,False
เปลี่ยนหลายครั้ง,1,1,ttrs,,False
เปลี่ยนแกน,1,1,th_sl,,False
เปลี่ยนแปลง,1,1,th_sl,,False
เปลือกโลก (ภาษามือโรงเรียนเศรษฐเสถียรในพระราชูปถัมภ์),1,1,ttrs,OBJ,False
เปลืองเงิน,1,1,th_sl,,False
เปลืองไฟ,1,1,th_sl,VERB,False
เปลือย,1,1,ttrs,,False
เปิงมางคอก,1,1,ttrs,,False
เปิดเผยความลับ,1,1,ttrs,,False
เป็น,1,1,th_sl,,True
เป็นตุ่ม,1,1,ttrs,,False
เป็นมิตร,1,1,ttrs,,False
เป็นหนี้,1,1,th_sl,,False
เป็นไปได้,1,1,th_sl,,False
เป่า,1,1,ttrs,,False
เป้า,1,1,ttrs,,False
เป้าหมาย (ภาษามือโรงเรียนเศรษฐเสถียรในพระราชูปถัมภ์),1,1,ttrs,OBJ,False
เป๊ก ผลิตโชค,1,1,th_sl,,False
เผชิญหน้า,1,1,ttrs,,False
เผชิญหน้ากัน,1,1,ttrs,,False
เผด็จการ,1,1,ttrs,OBJ,False
เผย,1,1,th_sl,VERB,False
เผยแพร่,1,1,th_sl,,False
เผลอใจ,1,1,th_sl,,False
เผอิญ,1,1,th_sl,,False
เผาศพ,1,1,th_sl,,False
เผือก (ภาษามือโรงเรียนเศรษฐเสถียรในพระราชูปถัมภ์),1,1,ttrs,,False
เฝ้า,1,1,th_sl,VERB,False
เฝ้าคอย,1,1,ttrs,,False
เพจ,1,1,th_sl,,False
เพจเจอร์,1,1,th_sl,,False
เพชรเกษม 48,1,1,th_sl,,False
เพลง,1,1,th_sl,,False
เพลงกล่อมเด็ก,1,1,ttrs,OBJ,False
เพลงคริสต์มาส,1,1,ttrs,,False
เพลงที่ไม่ใช้ดนตรี,1,1,ttrs,,False
เพลงป๊อป,1,1,ttrs,,False
เพลงพื้นบ้าน,1,1,ttrs,OBJ,False
เพลงร็อค,1,1,ttrs,,False
เพลงลูกทุ่ง,1,1,ttrs,,False
เพลงอะคูสติก,1,1,ttrs,,False
เพลงฮิปฮอป,1,1,ttrs,,False
เพลา,1,1,th_sl,,False
เพลีย,1,1,th_sl,,False
เพศกำกวม,1,1,th_sl,,False
เพศชาย,1,1,ttrs,,False
เพศผู้,1,1,th_sl,,False
เพศเมีย,1,1,th_sl,,False
เพิ่มขึ้นขณะที่อีกกลุ่มลดลง,1,1,ttrs,,False
เพิ่มขึ้นอย่างรวดเร็ว,1,1,th_sl,,False
เพิ่มความคิด,1,1,ttrs,,False
เพิ่มทวี,1,1,ttrs,,False
เพิ่มพูน ชิดชอบ,1,1,th_sl,SUBJ,False
เพิ่มเติม (สิ่งของเข้าไป),1,1,ttrs,,False
เพิ่มเติมหัวข้อ,1,1,ttrs,,False
เพิ่่มมากขึ้น,1,1,ttrs,,False
เพียงหนึ่งเท่านั้น,1,1,th_sl,,False
เพื่อนซี้,1,1,th_sl,,False
เพื่อนบ้าน,1,1,ttrs,OBJ,False
เพื่อนรุ่นพี่,1,1,ttrs,,False
เพื่อนร่วมชั้นเรียน,1,1,ttrs,,False
เพื่ื่อนศัตรู,1,1,th_sl,,False
เพ้อเจ้อ,1,1,th_sl,,False
เฟคนิวส์,1,1,th_sl,,False
เฟือง,1,1,ttrs,OBJ,False
เภสัชกร,1,1,ttrs,OBJ,False
เมกาบางนา,1,1,th_sl,,False
เมญ่า,1,1,th_sl,,False
เมตร,1,1,ttrs,,False
เมตามอลล์,1,1,th_sl,,False
เมนส์,1,1,th_sl,,False
เมล็ดผักชี,1,1,ttrs,,False
เมอร์เซเดส-เบนซ์,1,1,th_sl,,False
เมารถ,1,1,th_sl,,False
เมียนม่า,1,1,ttrs,OBJ,False
เมียน้อย,1,1,th_sl,,False
เมียหลวง,1,1,th_sl,,False
เมี่ยงคำ,1,1,th_sl,OBJ,False
เมืองกำแพงเพชร,1,1,th_sl,PLACE,False
เมืองตาก,1,1,th_sl,PLACE,False
เมืองทอง ยูไนเต็ด,1,1,th_sl,,False
เมืองทองธานี,1,1,th_sl,,False
เมืองนครปฐม,1,1,th_sl,PLACE,False
เมืองนครสวรรค์,1,1,th_sl,PLACE,False
เมืองนอก,1,1,th_sl,,False
เมืองน่าน,1,1,th_sl,PLACE,False
เมืองปาน,1,1,th_sl,PLACE,False
เมืองพะเยา,1,1,th_sl,PLACE,False
เมืองพิจิตร,1,1,th_sl,PLACE,False
เมืองพิษณุโลก,1,1,th_sl,PLACE,False
เมืองลำปาง,1,1,th_sl,PLACE,False
เมืองลำพูน,1,1,th_sl,PLACE,False
เมืองสุโขทัย,1,1,th_sl,PLACE,False
เมืองหลวง,1,1,ttrs,,False
เมืองอุตรดิตถ์,1,1,th_sl,PLACE,False
เมืองเมกกะ,1,1,th_sl,,False
เมืองแพร่,1,1,th_sl,PLACE,False
เมืองโบราณ,1,1,th_sl,,False
เมื่อก่อนโน้น,1,1,th_sl,,False
เมื่อวานซืน (ภาษามือโรงเรียนเศรษฐเสถียรในพระราชูปถัมภ์),1,1,ttrs,,False
เมื่อวานนี้ (ภาษามือโรงเรียนเศรษฐเสถียรในพระราชูปถัมภ์),1,1,ttrs,,False
เมื่อสองสามวันก่อน,1,1,ttrs,,False
เมื่อเร็วๆ นี้,1,1,th_sl,,False
เมื่อไหร่ (ภาษามือโรงเรียนเศรษฐเสถียรในพระราชูปถัมภ์),1,1,ttrs,,False
เมเจอร์ ซีนีเพล็กซ์,1,1,th_sl,PLACE,False
เม็ดตุ้ม,1,1,th_sl,,False
เยน,1,1,th_sl,,False
เยลลี่,1,1,ttrs,,False
เยอะแยะ,1,1,th_sl,,False
เยาวราช (ภาษามือโรงเรียนเศรษฐเสถียรในพระราชูปถัมภ์),1,1,ttrs,,False
เยิ้ม,1,1,th_sl,,False
เยี่ยว,1,1,th_sl,,False
เยื่อหุ้มเซลล์ (ภาษามือโรงเรียนเศรษฐเสถียรในพระราชูปถัมภ์),1,1,ttrs,OBJ,False
เยเมน,1,1,th_sl,PLACE,False
เย็นชา,1,1,ttrs,,False
เย็นตาโฟ,1,1,th_sl,OBJ,False
เย้,1,1,th_sl,,False
เรขาคณิต (ภาษามือโรงเรียนเศรษฐเสถียรในพระราชูปถัมภ์),1,1,ttrs,OBJ,False
เรนจ์ (ภาษามือโรงเรียนเศรษฐเสถียรในพระราชูปถัมภ์),1,1,ttrs,OBJ,False
เรวัช กลิ่นเกษร,1,1,th_sl,,False
เราตัวใหญ่เท่ากัน,1,1,ttrs,,False
เราทั้งสองคนตัวเล็ก,1,1,ttrs,,False
เริ่มต้นที่นั่น,1,1,ttrs,,False
เริ่มต้นใหม่,1,1,th_sl,,False
เรียกร้อง,1,1,th_sl,,False
เรียงความ (ภาษามือโรงเรียนเศรษฐเสถียรในพระราชูปถัมภ์),1,1,ttrs,OBJ,False
เรียงลำดับ (ภาษามือโรงเรียนเศรษฐเสถียรในพระราชูปถัมภ์),1,1,ttrs,OBJ,False
เรียน (ภาษามือโรงเรียนเศรษฐเสถียรในพระราชูปถัมภ์),1,1,ttrs,VERB,False
เรียนจากผู้อื่น,1,1,ttrs,,False
เรียนต่อ,1,1,th_sl,,False
เรียนรวม,1,1,th_sl,,False
เรียนรู้,1,1,th_sl,,False
เรียนหนังสือ,1,1,th_sl,,False
เรียนออนไลน์,1,1,ttrs,,False
เรียบ,1,1,ttrs,ADJ,False
เรียบเรียง,1,1,ttrs,VERB,False
เรี่องธรรมดาทั่วๆ ไป,1,1,ttrs,ADJ,False
เรือ (ภาษามือโรงเรียนเศรษฐเสถียรในพระราชูปถัมภ์),1,1,ttrs,,False
เรือกรรเชียง,1,1,th_sl,,False
เรือข้ามฟาก,1,1,th_sl,OBJ,False
เรือข้ามฟาก (ภาษามือโรงเรียนเศรษฐเสถียรในพระราชูปถัมภ์),1,1,ttrs,,False
เรืองไกร ลีกิจวัฒนะ,1,1,th_sl,SUBJ,False
เรือดำน้ำ,1,1,th_sl,,False
เรือด่วน,1,1,th_sl,OBJ,False
เรือนจำ,1,1,th_sl,PLACE,False
เรือนจำ (ภาษามือโรงเรียนเศรษฐเสถียรในพระราชูปถัมภ์),1,1,ttrs,,False
เรือนจำชั่วคราวเขาระกำ,1,1,th_sl,,False
เรือนลิ้นเร่ง,1,1,th_sl,,False
เรือบ้าน,1,1,ttrs,,False
เรือสำเภา,1,1,agent,,False
เรือหางยาว (ภาษามือโรงเรียนเศรษฐเสถียรในพระราชูปถัมภ์),1,1,ttrs,,False
เรือเอี้ยมจุ๊นปากน้ำโพ,1,1,th_sl,PLACE,False
เรือโดยสารประจำทาง,1,1,th_sl,OBJ,False
เรือใบ (ภาษามือโรงเรียนเศรษฐเสถียรในพระราชูปถัมภ์),1,1,ttrs,,False
เรื่อง (ภาษามือโรงเรียนเศรษฐเสถียรในพระราชูปถัมภ์),1,1,ttrs,OBJ,False
เรื่องของโอ่ง,1,1,th_sl,,False
เรื่องย่อ (ภาษามือโรงเรียนเศรษฐเสถียร),1,1,ttrs,OBJ,False
เรื่องเล็กน้อย,1,1,ttrs,,False
เรื้อน,1,1,th_sl,,False
เร็ว (มาก),1,1,ttrs,,False
เร่งด่วน,1,1,ttrs,,False
เร่งมือ,1,1,th_sl,VERB,False
เร่งรีบ,1,1,th_sl,,False
เลกซัส,1,1,th_sl,,False
เลขคณิต (ภาษามือโรงเรียนเศรษฐเสถียรในพระราชูปถัมภ์),1,1,ttrs,OBJ,False
เลขคี่,1,1,th_sl,,False
เลขคู่,1,1,th_sl,,False
เลขชี้กำลัง (ภาษามือโรงเรียนเศรษฐเสถียรในพระราชูปถัมภ์),1,1,ttrs,OBJ,False
เลขประจำตัวประชาชน,1,1,ttrs,,False
เลขยกกำลัง (ภาษามือโรงเรียนเศรษฐเสถียรในพระราชูปถัมภ์),1,1,ttrs,OBJ,False
เลขา,1,1,th_sl,OBJ,False
เลบานอน,1,1,th_sl,PLACE,False
เลว,1,1,th_sl,,False
เลสเตอร์ ซิตี้,1,1,th_sl,,False
เลอะเทอะ,1,1,th_sl,,False
เลอโนโว,1,1,th_sl,,False
เละ,1,1,th_sl,,False
เลิก,1,1,th_sl,OBJ,False
เลิกจ้าง,1,1,ttrs,,False
เลิกนึกถึง,1,1,ttrs,,False
เลียนแบบ,1,1,th_sl,,False
เลี่ยง,1,1,ttrs,,False
เลี้ยงบอล,1,1,th_sl,,False
เลี้ยงสัตว์,1,1,agent,,False
เลี้ยว,1,1,th_sl,,False
เลี้ยวซ้าย,1,1,agent,,False
เลี้ยวซ้ายแล้ววกกลับ,1,1,ttrs,,False
เลี้้ยวซ้ายแล้ววกกลับ,1,1,ttrs,OBJ,False
เลือกอันใดอันหนึ่ง,1,1,ttrs,,False
เลือด (ภาษามือโรงเรียนเศรษฐเสถียรในพระราชูปถัมภ์),1,1,ttrs,,False
เลือด (โลหิต),1,1,ttrs,,False
เลือดหมู,1,1,th_sl,,False
เลื่อย,1,1,ttrs,,False
เลื่อยต้นไม้,1,1,th_sl,,False
เล็ก,1,1,th_sl,,True
เล่นหมากรุก,1,1,ttrs,,False
เล่นอินเตอร์เน็ต,1,1,ttrs,,False
เล่นโปร,1,1,th_sl,,False
เล่นไพ่นกกระจอก,1,1,ttrs,,False
เล่านิทาน,1,1,agent,,False
เวจ,1,1,th_sl,,False
เวทีเสวนา,1,1,th_sl,,False
เวฟ,1,1,th_sl,,False
เวรกรรม,1,1,th_sl,,False
เวลส์,1,1,th_sl,PLACE,False
เวลา (ภาษามือโรงเรียนเศรษฐเสถียรในพระราชูปถัมภ์),1,1,ttrs,,False
เวลาที่ถูกต้อง,1,1,ttrs,,False
เวลานาน,1,1,ttrs,VERB,False
เวลาผ่านไปอย่างช้าๆ,1,1,ttrs,ADJ,False
เวลาเท่าไร,1,1,th_sl,,False
เวสต์แฮม,1,1,th_sl,,False
เวสป้า,1,1,th_sl,,False
เวอร์ไป,1,1,th_sl,,False
เวียงชัย,1,1,th_sl,PLACE,False
เวียงสา,1,1,th_sl,PLACE,False
เวียงหนองล่อง,1,1,th_sl,PLACE,False
เวียงเชียงรุ้ง,1,1,th_sl,PLACE,False
เวียงแก่น,1,1,th_sl,PLACE,False
เวียงแหง,1,1,th_sl,PLACE,False
เวียนศีรษะ,1,1,th_sl,,False
เวียนหัว,1,1,th_sl,,False
เวเนซุเอลา,1,1,th_sl,PLACE,False
เว็ปไซต์,1,1,th_sl,OBJ,False
เว้นระยะห่าง,1,1,th_sl,,False
เว้นระยะห่างทางสังคม (SOCIAL DISTANCING),1,1,ttrs,,False
เว้นวรรค (ภาษามือโรงเรียนเศรษฐเสถียรในพระราชูปถัมภ์),1,1,ttrs,,False
เศรษฐกิจ (ภาษามือโรงเรียนเศรษฐเสถียรในพระราชูปถัมภ์),1,1,ttrs,OBJ,False
เศรษฐกิจตกต่ำ,1,1,ttrs,,False
เศรษฐกิจพอเพียง,1,1,th_sl,OBJ,False
เศรษฐกิจพอเพียง (ภาษามือโรงเรียนเศรษฐเสถียรในพระราชูปถัมภ์),1,1,ttrs,OBJ,False
เศรษฐา ทวีสิน,1,1,th_sl,,False
เศษส่วน (ภาษามือโรงเรียนเศรษฐเสถียรในพระราชูปถัมภ์),1,1,ttrs,OBJ,False
เสด็จ,1,1,th_sl,,False
เสด็จพระราชดำเนิน,1,1,th_sl,,False
เสด็จพระราชดำเนินทรงเปิดงาน,1,1,th_sl,,False
เสนอรายงานสรุป,1,1,ttrs,VERB,False
เสริม,1,1,th_sl,,False
เสริมงาม,1,1,th_sl,PLACE,False
เสรีทางเศรษฐกิจ (ภาษามือโรงเรียนเศรษฐเสถียรในพระราชูปถัมภ์),1,1,ttrs,OBJ,False
เสรีภาพ,1,1,th_sl,OBJ,False
เสวย,1,1,th_sl,,False
เสา,1,1,ttrs,OBJ,False
เสาดินนาน้อยคอกเสีอ,1,1,th_sl,PLACE,False
เสาธง,1,1,ttrs,,False
เสาร์,1,1,th_sl,TIME,False
เสาวรส,1,1,ttrs,,False
เสาอากาศ,1,1,ttrs,OBJ,False
เสิร์ฟ,1,1,th_sl,,False
เสีย,1,1,th_sl,VERB,False
เสียงครางของแมว,1,1,ttrs,OBJ,False
เสียงตาย,1,1,th_sl,,False
เสียงปริ่มน้ำ,1,1,th_sl,VERB,False
เสียชื่อ,1,1,ttrs,,False
เสียวหมี่,1,1,th_sl,,False
เสียสิทธิ์,1,1,th_sl,,False
เสียหาย,1,1,th_sl,VERB,False
เสียเงิน,1,1,th_sl,,False
เสียโฉม,1,1,th_sl,,False
เสือก,1,1,th_sl,,False
เสือกไสไล่ส่ง,1,1,ttrs,VERB,False
เสื่อม,1,1,th_sl,,False
เสื้อ,1,1,agent,,False
เสื้อกั๊ก,1,1,ttrs,,False
เสื้อคลุม,1,1,ttrs,,False
เสื้อคลุมกันหนาว,1,1,ttrs,,False
เสื้อคอเต่า,1,1,ttrs,,False
เสื้อพละ,1,1,th_sl,,False
เสื้อพิมพ์ลาย,1,1,th_sl,,False
เสื้อยกทรง,1,1,ttrs,,False
เสื้อสกรีนลาย,1,1,th_sl,,False
เสื้อสายเดี่ยว,1,1,th_sl,,False
เสื้อแขนกุดสำหรับสวมทับเสื้อ,1,1,ttrs,,False
เสื้อแขนสั้นผู้หญิง,1,1,ttrs,,False
เสื้อแจ็คเก็ต,1,1,ttrs,,False
เสื้อไหมพรม,1,1,ttrs,,False
เสื้้อชั้นในสตรี,1,1,ttrs,,False
เส้น (ภาษามือโรงเรียนเศรษฐเสถียรในพระราชูปถัมภ์),1,1,ttrs,,False
เส้นกลางใบ (ภาษามือโรงเรียนเศรษฐเสถียรในพระราชูปถัมภ์),1,1,ttrs,OBJ,False
เส้นขด,1,1,ttrs,,False
เส้นขนาน,1,1,ttrs,OBJ,False
เส้นข้าง,1,1,th_sl,,False
เส้นจำนวน (ภาษามือโรงเรียนเศรษฐเสถียรในพระราชูปถัมภ์),1,1,ttrs,OBJ,False
เส้นชัย,1,1,ttrs,OBJ,False
เส้นตรง,1,1,ttrs,,False
เส้นตั้งฉาก,1,1,ttrs,OBJ,False
เส้นทแยงมุม,1,1,ttrs,OBJ,False
เส้นผม,1,1,ttrs,OBJ,False
เส้นผ่านศูนย์กลาง,1,1,ttrs,,False
เส้นรอบวง,1,1,ttrs,,False
เส้นระวาง (ภาษามือโรงเรียนเศรษฐเสถียรในพระราชูปถัมภ์),1,1,ttrs,OBJ,False
เส้นรุ้ง,1,1,ttrs,,False
เส้นลองติจูด (ภาษามือโรงเรียนเศรษฐเสถียรในพระราชูปถัมภ์),1,1,ttrs,OBJ,False
เส้นละติจูด (ภาษามือโรงเรียนเศรษฐเสถียรในพระราชูปถัมภ์),1,1,ttrs,OBJ,False
เส้นศูนย์สูตร (ภาษามือโรงเรียนเศรษฐเสถียรในพระราชูปถัมภ์),1,1,ttrs,OBJ,False
เส้นสาย,1,1,th_sl,,False
เส้นหมี่,1,1,th_sl,OBJ,False
เส้นหมี่ (ภาษามือโรงเรียนเศรษฐเสถียรในพระราชูปถัมภ์),1,1,ttrs,,False
เส้นหลัง,1,1,th_sl,,False
เส้นเมอริเดียน (ภาษามือโรงเรียนเศรษฐเสถียรในพระราชูปถัมภ์),1,1,ttrs,OBJ,False
เส้นเลือดสมองแตก,1,1,th_sl,,False
เส้นเล็ก,1,1,th_sl,OBJ,False
เส้นเล็ก (ภาษามือโรงเรียนเศรษฐเสถียรในพระราชูปถัมภ์),1,1,ttrs,,False
เส้นแนวตั้ง,1,1,ttrs,,False
เส้นแนวนอน,1,1,ttrs,,False
เส้นแบ่งครึ่งสนาม,1,1,th_sl,,False
เส้นแวง,1,1,ttrs,,False
เส้นโค้ง,1,1,ttrs,,False
เส้นโลหิตดำ,1,1,ttrs,,False
เส้นโลหิตแดง,1,1,ttrs,,False
เส้นใบ (ภาษามือโรงเรียนเศรษฐเสถียรในพระราชูปถัมภ์),1,1,ttrs,,False
เส้นใยสังเคราะห์ (ภาษามือโรงเรียนเศรษฐเสถียรในพระราชูปถัมภ์),1,1,ttrs,OBJ,False
เส้นใหญ่,1,1,th_sl,OBJ,False
เส้นใหญ่ (ภาษามือโรงเรียนเศรษฐเสถียรในพระราชูปถัมภ์),1,1,ttrs,,False
เส้นใหญ่ราดหน้า,1,1,th_sl,OBJ,False
เหงา (ภาษามือวิทยาลัยราชสุดา),1,1,ttrs,,False
เหตุผล,1,1,th_sl,OBJ,False
เหตุผล (ภาษามือโรงเรียนเศรษฐเสถียรในพระราชูปถัมภ์),1,1,ttrs,OBJ,False
เหตุสุดวิสัย,1,1,th_sl,OBJ,False
เหตุแห่งการฟ้อง,1,1,ttrs,,False
เหนียวเหนอะหนะ,1,1,ttrs,ADJ,False
เหมา,1,1,th_sl,,False
เหม็นหึ่ง,1,1,th_sl,,False
เหยียบ,1,1,th_sl,,False
เหยี่ยวแดง,1,1,th_sl,,False
เหริญญิก,1,1,th_sl,,False
เหรียญ,1,1,ttrs,OBJ,False
เหรียญรางวัล,1,1,ttrs,OBJ,False
เหรียญเงิน,1,1,th_sl,,False
เหลนชาย,1,1,ttrs,OBJ,False
เหลนสาว,1,1,ttrs,OBJ,False
เหลา,1,1,agent,,False
เหลือง,1,1,th_sl,,False
เหลือบเห็น,1,1,ttrs,,False
เหลื่อมล้ำ,1,1,ttrs,,False
เหล็กสามเหลี่ยม,1,1,ttrs,,False
เหล้ารีเจนซี่,1,1,th_sl,,False
เหล้าวิสกี้วิสกี้เบลนด์ 285,1,1,th_sl,,False
เหล้าวิสกี้แสงโสม,1,1,th_sl,,False
เหล้าหงส์ทอง,1,1,th_sl,,False
เหล้าเมอริเดียน,1,1,th_sl,,False
เหล้าแบล็ค,1,1,th_sl,,False
เหวี่ยงแห,1,1,th_sl,,False
เหาะ,1,1,th_sl,,False
เหี่ยวเฉาและตาย,1,1,ttrs,VERB,False
เหี้ย,1,1,th_sl,,False
เห็ด (ภาษามือโรงเรียนเศรษฐเสถียรในพระราชูปถัมภ์),1,1,ttrs,,False
เห็ดนางฟ้า (ภาษามือโรงเรียนเศรษฐเสถียรในพระราชูปถัมภ์),1,1,ttrs,,False
เห็ดฟาง (ภาษามือโรงเรียนเศรษฐเสถียรในพระราชูปถัมภ์),1,1,ttrs,,False
เห็ดหลินจือ,1,1,ttrs,,False
เห็ดหอม,1,1,ttrs,,False
เห็ดหูหนู (ภาษามือโรงเรียนเศรษฐเสถียรในพระราชูปถัมภ์),1,1,ttrs,,False
เห็ดเข็มทอง,1,1,ttrs,,False
เห็นด้วย,1,1,th_sl,VERB,False
เห็นภาพซ้อน,1,1,th_sl,,False
เห็นอย่างถูกต้อง,1,1,ttrs,,False
เห็นเลือดลาง,1,1,th_sl,,False
เห็นเลือนลาง,1,1,ttrs,,False
เห่า,1,1,ttrs,VERB,False
เอ,1,1,th_sl,,False
เอกทวี สอดส่อง,1,1,th_sl,SUBJ,False
เอกนัฏ พร้อมพันธุ์,1,1,th_sl,SUBJ,False
เอกนิติ นิติทัณฑ์ประภาศ,1,1,th_sl,SUBJ,False
เอกภพ (ภาษามือโรงเรียนเศรษฐเสถียรในพระราชูปถัมภ์),1,1,ttrs,OBJ,False
เอกมัย,1,1,th_sl,,False
เอกวาดอร์,1,1,th_sl,PLACE,False
เอกสารทางกฎหมาย,1,1,ttrs,,False
เอกสารปลอม,1,1,ttrs,OBJ,False
เอกสารสัญญาจอง,1,1,th_sl,,False
เอกสารสัญญาซื้อขาย,1,1,th_sl,,False
เอง,1,1,th_sl,,False
เอชทีซี,1,1,th_sl,,False
เอซุส,1,1,th_sl,,False
เอธิโอเปีย,1,1,th_sl,PLACE,False
เอฟบีที,1,1,th_sl,,False
เอลซัลวาดอร์,1,1,th_sl,PLACE,False
เอส,1,1,th_sl,,False
เอสพลานาด รัชดา,1,1,th_sl,,False
เอสเอสดี,1,1,th_sl,,False
เอสแบค-นอร์ทกรุงเทพ,1,1,th_sl,,False
เอสโซ่,1,1,th_sl,PLACE,False
เอสโตเนีย,1,1,th_sl,PLACE,False
เอฮิเมะ,1,1,th_sl,,False
เอา,1,1,th_sl,VERB,True
เอามาจากไหน,1,1,th_sl,,False
เอาอีก,1,1,th_sl,,False
เอื้อเฟื้อเผื่อแผ่,1,1,ttrs,,False
เอเชีย (ภาษามือโรงเรียนเศรษฐเสถียรในพระราชูปถัมภ์),1,1,ttrs,,False
เอเซอร์,1,1,th_sl,,False
เอไอ,1,1,th_sl,,False
เอไอเอส หรือ บริษัท แอดวานช์ อินโฟร์ เซอร์วิส จำกัด,1,1,th_sl,,False
เอ็นโดรพลาสมิกเรติคิวลัม (ภาษามือโรงเรียนเศรษฐเสถียรในพระราชูปถัมภ์),1,1,ttrs,OBJ,False
เอ็นไซม์ (ภาษามือโรงเรียนเศรษฐเสถียรในพระราชูปถัมภ์),1,1,ttrs,OBJ,False
เอ็มเค,1,1,th_sl,,False
เฮติ,1,1,th_sl,PLACE,False
เฮลซ์บลูบอย,1,1,th_sl,,False
เฮลิคอปเตอร์,1,1,th_sl,OBJ,False
เฮลิคอปเตอร์ (ภาษามือโรงเรียนเศรษฐเสถียรในพระราชูปถัมภ์),1,1,ttrs,,False
เฮอริเคน (ภาษามือโรงเรียนเศรษฐเสถียรในพระราชูปถัมภ์),1,1,ttrs,,False
เฮียวโง,1,1,th_sl,,False
เฮโรอีน,1,1,th_sl,,False
แกงจืด,1,1,th_sl,OBJ,False
แกงบอน,1,1,th_sl,,False
แกงเขียวหวาน,1,1,ttrs,,False
แกนนำ,1,1,th_sl,,False
แกนโลก (ภาษามือโรงเรียนเศรษฐเสถียรในพระราชูปถัมภ์),1,1,ttrs,OBJ,False
แกมเบีย,1,1,th_sl,PLACE,False
แกร็บ,1,1,th_sl,OBJ,False
แกลลอน,1,1,ttrs,,False
แกว่งชิงช้า,1,1,th_sl,VERB,False
แกว่งไกว (ขับกล่อม),1,1,ttrs,,False
แกะสลัก,1,1,ttrs,,False
แก่,1,1,ttrs,,False
แก่งก้อ,1,1,th_sl,PLACE,False
แก่งสามชั้น,1,1,th_sl,,False
แก่งหินเพิง,1,1,th_sl,,False
แก่งเกาะใหญ่,1,1,th_sl,PLACE,False
แก่งแย่งกัน,1,1,th_sl,,False
แก้ผ้า,1,1,th_sl,,False
แก้รัฐธรรมนูญ,1,1,th_sl,VERB,False
แก้ว,1,1,ttrs,,False
แก้วน้ำ,1,1,th_sl,OBJ,False
แก้วล้างตา,1,1,ttrs,,False
แก้วเบียร์,1,1,ttrs,,False
แก้วไวน์,1,1,ttrs,,False
แก๊งคอลเซ็นเตอร์,1,1,th_sl,,False
แก๊สหุงต้ม,1,1,ttrs,OBJ,False
แก๊สโซลีน (ภาษามือโรงเรียนเศรษฐเสถียรในพระราชูปถัมภ์),1,1,ttrs,OBJ,False
แขก,1,1,th_sl,,False
แขวน,1,1,th_sl,,False
แข่งจักรยาน,1,1,ttrs,,False
แคชบาร์,1,1,th_sl,,False
แคน,1,1,ttrs,,False
แคนวา,1,1,th_sl,,False
แคนาดา,1,1,th_sl,PLACE,False
แคบหมู,1,1,th_sl,,False
แคมป์,1,1,th_sl,,False
แคร์รอต,1,1,th_sl,,False
แคล้วคลาด,1,1,th_sl,,False
แคะจมูก,1,1,th_sl,,False
แค่ไหน,1,1,th_sl,,False
แค้น,1,1,th_sl,VERB,False
แง่ลบ,1,1,th_sl,,False
แจกจ่าย,1,1,ttrs,,False
"แจกจ่าย (ของ, สินค้า)",1,1,ttrs,,False
แจกจ่ายให้กับคนทั้งหลาย,1,1,ttrs,VERB,False
แจกแจง,1,1,ttrs,VERB,False
แจ่มฟ้าช้อปปิ้งมอลล์,1,1,th_sl,,False
แจ้งความ,1,1,th_sl,,False
แจ้งตาย,1,1,th_sl,,False
แจ้ห่ม,1,1,th_sl,PLACE,False
แชท,1,1,th_sl,VERB,False
แชมป์,1,1,th_sl,,False
แชมป์โลก,1,1,ttrs,,False
แชร์ข่าว,1,1,ttrs,,False
แชร์บอล,1,1,ttrs,,False
แช่,1,1,th_sl,,False
แช่น้ำ,1,1,agent,,False
แซกโซโฟน,1,1,ttrs,,False
แซนด์วิช,1,1,th_sl,,False
แซมเบีย,1,1,th_sl,PLACE,False
แดงม่วง,1,1,th_sl,,False
แดดร้อน,1,1,th_sl,,False
แดดออก,1,1,ttrs,,False
แตกกระเซ็นขึ้นข้างบน,1,1,ttrs,,False
แตกต่าง,1,1,th_sl,,False
แตงกวา (ภาษามือโรงเรียนเศรษฐเสถียรในพระราชูปถัมภ์),1,1,ttrs,,False
แตงร้าน,1,1,th_sl,,False
แตงร้าน (ภาษามือโรงเรียนเศรษฐเสถียรในพระราชูปถัมภ์),1,1,ttrs,,False
แตงไทย (ภาษามือโรงเรียนเศรษฐเสถียรในพระราชูปถัมภ์),1,1,ttrs,,False
แตรใหญ่,1,1,ttrs,,False
แต่,1,1,th_sl,,True
แต่งคอสเพลย์,1,1,ttrs,,False
แต่งงาน (ภาษามือโรงเรียนเศรษฐเสถียรในพระราชูปถัมภ์),1,1,ttrs,,False
แต่งงานกันเถอะนะ,1,1,ttrs,,False
แต่งงานครั้งที่สอง,1,1,ttrs,OBJ,False
แต่งมอเตอร์ไซค์,1,1,th_sl,,False
แต่เช้ามืดยันค่ำ,1,1,ttrs,,False
แถลงข่าว,1,1,ttrs,,False
แถลงด้วยวาจา,1,1,ttrs,,False
แถวตอนเรียงเดี่ยว,1,1,ttrs,OBJ,False
แทงพนัน,1,1,th_sl,OBJ,False
แทนคุณ จิตต์อิสระ,1,1,th_sl,,False
แทนซาเนีย,1,1,th_sl,PLACE,False
แทรกแซงราคา (ภาษามือโรงเรียนเศรษฐเสถียรในพระราชูปถัมภ์),1,1,ttrs,OBJ,False
แท็กซี่,1,1,th_sl,SUBJ,False
แท่งทองคำ,1,1,th_sl,,False
แนบชิด,1,1,th_sl,,False
แนวคิด (ภาษามือโรงเรียนเศรษฐเสถียรในพระราชูปถัมภ์),1,1,ttrs,OBJ,False
แนวทาง,1,1,ttrs,OBJ,False
แนวทางป้องกันโควิด-19,1,1,ttrs,,False
แน่,1,1,th_sl,,False
แน่นหน้าอก,1,1,ttrs,,False
แน่นอน,1,1,th_sl,,False
แบก,1,1,th_sl,VERB,False
แบคทีเรีย,1,1,th_sl,,False
แบงค็อก บีทีเอส เอฟซี,1,1,th_sl,,False
แบต,1,1,th_sl,,False
แบตเตอรี่,1,1,th_sl,,False
แบตเตอรี่รถจักรยานยนต์,1,1,th_sl,,False
แบตเตอรี่โทรศัพท์,1,1,th_sl,,False
แบทแมน,1,1,th_sl,OBJ,False
"แบน, พื้นเรียบกว้าง",1,1,ttrs,,False
แบบก้าน,1,1,th_sl,,False
แบบฟอร์ม,1,1,ttrs,,False
แบรนด์,1,1,th_sl,,False
แบริ่ง,1,1,th_sl,,False
แบล็คเบอร์รี่,1,1,th_sl,,False
แบล็คเพิร์ล ยูไนเต็ด,1,1,th_sl,,False
แบ่ง,1,1,th_sl,,False
แบ่งปัน,1,1,agent,,False
แบ่งให้,1,1,ttrs,,False
แปดร้อย,1,1,th_sl,,False
แปรงทาสี,1,1,th_sl,,False
แปรงปัดแก้ม,1,1,th_sl,,False
แปรงลบกระดาน,1,1,ttrs,OBJ,False
แปรงสีฟันไฟฟ้า,1,1,ttrs,OBJ,False
แปรงเขียนคิ้ว,1,1,th_sl,,False
แปลก,1,1,th_sl,,False
แปลกตา,1,1,ttrs,,False
แปลกใจ (ทันทีทันใด),1,1,ttrs,,False
แปลความ,1,1,ttrs,VERB,False
แปลความหมายข้อมูล,1,1,ttrs,VERB,False
แปลว่า,1,1,th_sl,,False
"แป้งผัดหน้า, แป้งฝุ่น",1,1,ttrs,,False
แป้นบาสเกตบอล,1,1,ttrs,,False
แผงลอย,1,1,ttrs,,False
แผงวงจรไฟฟ้า,1,1,ttrs,,False
แผนกคดีปกครอง,1,1,ttrs,,False
แผนกลยุทธ์,1,1,th_sl,,False
แผนการ,1,1,th_sl,OBJ,False
แผนงาน,1,1,ttrs,,False
แผนที่ท่องเที่ยว (ภาษามือโรงเรียนเศรษฐเสถียรในพระราชูปถัมภ์),1,1,ttrs,OBJ,False
แผนที่ประเทศไทย,1,1,th_sl,,False
แผนที่ภูมิประเทศ (ภาษามือโรงเรียนเศรษฐเสถียรในพระราชูปถัมภ์),1,1,ttrs,OBJ,False
แผนผังความคิด,1,1,ttrs,,False
แผนพัฒนาเศรษฐกิจ (ภาษามือโรงเรียนเศรษฐเสถียรในพระราชูปถัมภ์),1,1,ttrs,OBJ,False
แผนภาพเวนน์ออยเลอร์ (ภาษามือโรงเรียนเศรษฐเสถียรในพระราชูปถัมภ์),1,1,ttrs,OBJ,False
แผนภูมิ (ภาษามือโรงเรียนเศรษฐเสถียรในพระราชูปถัมภ์),1,1,ttrs,OBJ,False
แผนยุทธศาสตร์,1,1,th_sl,,False
แผนสำรอง,1,1,th_sl,,False
แผล,1,1,ttrs,OBJ,False
แผลอักเสบ,1,1,ttrs,OBJ,False
แผลเป็น,1,1,ttrs,,False
แผลเป็นที่หน้า,1,1,th_sl,,False
แผลเป็นแขน,1,1,th_sl,,False
แผล็บเดียว,1,1,ttrs,,False
แผ่นซีดี,1,1,ttrs,OBJ,False
แผ่นดิน,1,1,th_sl,OBJ,False
แผ่นพับ (ภาษามือโรงเรียนเศรษฐเสถียรในพระราชูปถัมภ์),1,1,ttrs,OBJ,False
แผ่นรองเมาส์,1,1,ttrs,,False
แผ่นเช็ดกระจก,1,1,ttrs,,False
แผ่นเสียง,1,1,ttrs,OBJ,False
แผ่นแปะลดไข้,1,1,th_sl,,False
แพทย์ / หมอ,1,1,ttrs,OBJ,False
แพทองธาร ชินวัตร,1,1,th_sl,,False
แพรรี่ ไพรวัลย์,1,1,th_sl,SUBJ,False
แพะเมืองผี,1,1,th_sl,,False
แพ้,1,1,th_sl,,False
แพ้ตลอด,1,1,ttrs,,False
แพ้ทุกที,1,1,ttrs,ADJ,False
แพ้อาหาร,1,1,th_sl,VERB,False
แฟน (ภาษามือโรงเรียนเศรษฐเสถียรในพระราชูปถัมภ์),1,1,ttrs,,False
แฟนคลับFC,1,1,th_sl,,False
แฟมิลี่มาร์ท,1,1,th_sl,,False
แฟลชไดรฟ์,1,1,ttrs,,False
แฟลตพักครู,1,1,th_sl,OBJ,False
แฟล็ชกล้องถ่ายรูป,1,1,ttrs,,False
แฟ้มสะสมผลงาน,1,1,ttrs,,False
แฟ้มเอกสาร,1,1,ttrs,,False
แมค คอสเมติกส์,1,1,th_sl,,False
แมคโคร (ภาษามือโรงเรียนเศรษฐเสถียรในพระราชูปถัมภ์),1,1,ttrs,,False
แมคโดนัลด์,1,1,th_sl,PLACE,False
แมงกะพรุนสายฟ้า,1,1,th_sl,,False
แมงดา,1,1,th_sl,OBJ,False
แมนเชสเตอร์ซิตี,1,1,th_sl,,False
แมนเชสเตอร์ยูไนเต็ด,1,1,th_sl,,False
แมลงกันกระดก,1,1,th_sl,OBJ,False
แมวดำ,1,1,ttrs,OBJ,False
แมสอนามัย,1,1,th_sl,,False
แมสเซนเจอร์,1,1,th_sl,,False
แม่ (ภาษามือโรงเรียนเศรษฐเสถียรในพระราชูปถัมภ์),1,1,ttrs,SUBJ,False
แม่กำปอง,1,1,th_sl,PLACE,False
แม่กุญแจ,1,1,ttrs,OBJ,False
แม่ค้า,1,1,th_sl,SUBJ,False
แม่ค้าหาบเร่,1,1,ttrs,,False
แม่จริม,1,1,th_sl,PLACE,False
แม่จัน,1,1,th_sl,PLACE,False
แม่ทะ,1,1,th_sl,PLACE,False
แม่ทา,1,1,th_sl,PLACE,False
แม่บ้าน,1,1,th_sl,,False
แม่พริก,1,1,th_sl,PLACE,False
แม่พิมพ์ขนม,1,1,ttrs,,False
แม่ฟ้าหลวง,1,1,th_sl,PLACE,False
แม่ม่าย,1,1,ttrs,OBJ,False
แม่ระมาด,1,1,th_sl,PLACE,False
แม่ริม,1,1,th_sl,PLACE,False
แม่ลาน้อย,1,1,th_sl,PLACE,False
แม่ลาว,1,1,th_sl,PLACE,False
แม่วงก์,1,1,th_sl,PLACE,False
แม่วาง,1,1,th_sl,PLACE,False
แม่สรวย,1,1,th_sl,PLACE,False
แม่สอด,1,1,th_sl,PLACE,False
แม่สะเรียง,1,1,th_sl,PLACE,False
แม่สาย,1,1,th_sl,PLACE,False
แม่หม้าย,1,1,th_sl,,False
แม่ออน,1,1,th_sl,PLACE,False
แม่อาย,1,1,th_sl,PLACE,False
แม่เปิน,1,1,th_sl,PLACE,False
แม่เมาะ,1,1,th_sl,PLACE,False
แม่เหล็ก,1,1,ttrs,,False
แม่แจ่ม,1,1,th_sl,PLACE,False
แม่แตง,1,1,th_sl,PLACE,False
แม่ใจ,1,1,th_sl,PLACE,False
แยกข่วงสิงห์,1,1,th_sl,,False
แยกตัวประกอบ (ภาษามือโรงเรียนเศรษฐเสถียรในพระราชูปถัมภ์),1,1,ttrs,OBJ,False
แยกนนทบุรี 1,1,1,th_sl,,False
แยกปากเกร็ด,1,1,th_sl,,False
แยกรินคำ,1,1,th_sl,,False
แยม,1,1,ttrs,,False
แย่,1,1,th_sl,,False
แรง,1,1,th_sl,,False
แรงงาน (ภาษามือโรงเรียนเศรษฐเสถียรในพระราชูปถัมภ์),1,1,ttrs,OBJ,False
แรงดึงดูดของโลก (ภาษามือโรงเรียนเศรษฐเสถียรในพระราชูปถัมภ์),1,1,ttrs,OBJ,False
แรงดึงดูดระหว่างอนุภาค (ภาษามือโรงเรียนเศรษฐเสถียรในพระราชูปถัมภ์),1,1,ttrs,OBJ,False
แรงบันดาลใจ,1,1,th_sl,OBJ,False
แรงยก (ภาษามือโรงเรียนเศรษฐเสถียรในพระราชูปถัมภ์),1,1,ttrs,OBJ,False
แรงยึดเหนี่ยว (ภาษามือโรงเรียนเศรษฐเสถียรในพระราชูปถัมภ์),1,1,ttrs,OBJ,False
แรงลอยตัว (ภาษามือโรงเรียนเศรษฐเสถียรในพระราชูปถัมภ์),1,1,ttrs,OBJ,False
แรงหมุน (ภาษามือโรงเรียนเศรษฐเสถียรในพระราชูปถัมภ์),1,1,ttrs,OBJ,False
แร่ธาติ (ภาษามือโรงเรียนเศรษฐเสถียรในพระราชูปถัมภ์),1,1,ttrs,OBJ,False
แลกเปลี่ยน,1,1,ttrs,,False
แลกเปลี่ยนความคิด,1,1,th_sl,,False
แลกเปลี่ยนสิ่งของ,1,1,ttrs,,False
แลนด์สไลด์,1,1,th_sl,,False
แลนด์โรเวอร์,1,1,th_sl,,False
และ,1,1,ttrs,,True
แล่นเรือใบ,1,1,ttrs,,False
แว่น,1,1,th_sl,OBJ,False
แว่นขยาย,1,1,ttrs,OBJ,False
แว่นตากันแดด,1,1,th_sl,OBJ,False
แสงจันทร์,1,1,ttrs,,False
แสงดาว,1,1,ttrs,,False
แสงสว่าง,1,1,th_sl,,False
แสงสว่างขึ้น,1,1,ttrs,,False
แสงส่องเข้าตา,1,1,ttrs,,False
แสงส่องเข้าตาจนมองไม่เห็น,1,1,ttrs,,False
แสงเลเซอร์,1,1,ttrs,,False
แสงแดด,1,1,th_sl,TIME,False
แสงแดด (ภาษามือโรงเรียนเศรษฐเสถียรในพระราชูปถัมภ์),1,1,ttrs,,False
แสงแดดจ้า (แดดจ้า),1,1,ttrs,,False
แสด,1,1,th_sl,,False
แสดงทัศนะ,1,1,ttrs,VERB,False
แสดงละคร,1,1,th_sl,VERB,False
แสบจมูก,1,1,ttrs,VERB,False
แสวงหาข้อเท็จจริง,1,1,ttrs,,False
แหกตา,1,1,th_sl,,False
แหกตา (แสดง),1,1,ttrs,,False
แหย่,1,1,th_sl,,False
แหลมมะขาม,1,1,th_sl,,False
แหลมศอก,1,1,th_sl,,False
แหล่งเรียนรู้ (ภาษามือโรงเรียนเศรษฐเสถียรในพระราชูปถัมภ์),1,1,ttrs,OBJ,False
แห้ง,1,1,th_sl,,False
แห้งแล้ง,1,1,ttrs,,False
แอ,1,1,th_sl,,False
แองโกลา,1,1,th_sl,PLACE,False
แอดไลน์เพิ่มเพื่อน,1,1,th_sl,,False
แอนดรอย์,1,1,th_sl,OBJ,False
แอนตาร์กติกา,1,1,th_sl,,False
แอบ,1,1,ttrs,,False
แอบมอง,1,1,ttrs,,False
แอบเรียก,1,1,ttrs,VERB,False
แอป,1,1,th_sl,,False
แอฟริกา,1,1,th_sl,,False
แอฟริกากลาง,1,1,th_sl,,False
แอฟริกาตะวันตก,1,1,th_sl,,False
แอลกอฮอล์,1,1,ttrs,,False
แอลจีเรีย,1,1,th_sl,PLACE,False
แอลเบเนีย,1,1,th_sl,PLACE,False
แอสตันวิลลา,1,1,th_sl,,False
แฮงค์,1,1,th_sl,,False
แฮชแท็ก,1,1,th_sl,,False
แฮนด์บอล,1,1,ttrs,,False
แฮปปีเบิร์ทเดย์,1,1,th_sl,,False
แฮปปี้,1,1,th_sl,,False
แฮปปี้ ดีแทค,1,1,th_sl,,False
โก โฮล์เซลล์,1,1,th_sl,,False
โกกู,1,1,th_sl,,False
โกดัง,1,1,ttrs,OBJ,False
โกดัง 9,1,1,th_sl,,False
โกตดิวัวร์,1,1,th_sl,PLACE,False
โกนผม,1,1,th_sl,,False
โกรกพระ,1,1,th_sl,PLACE,False
โกรธจัด,1,1,ttrs,VERB,False
โกรธแล้วดีกัน,1,1,ttrs,,False
โกลบอลเฮ้าส์,1,1,th_sl,,False
โกสัมพีนคร,1,1,th_sl,PLACE,False
โกหกเก่ง,1,1,ttrs,VERB,False
โก้หรู,1,1,ttrs,,False
โคตรเหม็น,1,1,th_sl,,False
โคมลอย,1,1,th_sl,,False
โคมแขวน,1,1,th_sl,,False
โคมไฟตั้งโต๊ะ,1,1,ttrs,,False
โครงการ,1,1,th_sl,OBJ,False
โครงการ (ภาษามือโรงเรียนเศรษฐเสถียรในพระราชูปถัมภ์),1,1,ttrs,OBJ,False
โครงสร้างทางสังคม (ภาษามือโรงเรียนเศรษฐเสถียรในพระราชูปถัมภ์),1,1,ttrs,OBJ,False
โครงสร้างประโยค (ภาษามือโรงเรียนเศรษฐเสถียรในพระราชูปถัมภ์),1,1,ttrs,OBJ,False
โครงสร้างอะตอม (ภาษามือโรงเรียนเศรษฐเสถียรในพระราชูปถัมภ์),1,1,ttrs,OBJ,False
โครเอเชีย,1,1,th_sl,PLACE,False
โครโมโซม (ภาษามือโรงเรียนเศรษฐเสถียรในพระราชูปถัมภ์),1,1,ttrs,OBJ,False
โคลงสี่สุภาพ (ภาษามือโรงเรียนเศรษฐเสถียรในพระราชูปถัมภ์),1,1,ttrs,OBJ,False
โคลนถล่ม,1,1,ttrs,,False
โคลอมเบีย,1,1,th_sl,,False
โควิด-19,1,1,th_sl,,False
โควิดสายพันธุ์มิว,1,1,th_sl,,False
โควิดสายพันธุ์อัลฟ่า,1,1,th_sl,,False
โควิดสายพันธุ์เดลต้า,1,1,th_sl,,False
โควิดสายพันธุ์เบต้า,1,1,th_sl,,False
โควิดสายพันธุ์แกมม่า,1,1,th_sl,,False
โควิดสายพันธุ์โอไมคอน,1,1,th_sl,,False
โคเคน,1,1,th_sl,,False
โคโซโว,1,1,th_sl,PLACE,False
โค้ก (ภาษามือวิทยาลัยราชสุดา),1,1,ttrs,,False
โค้ง,1,1,th_sl,VERB,False
โง่มาก,1,1,ttrs,,False
โจทก์,1,1,th_sl,OBJ,False
โจทย์ปัญหา (ภาษามือโรงเรียนเศรษฐเสถียรในพระราชูปถัมภ์),1,1,ttrs,OBJ,False
โจร,1,1,ttrs,,False
โชคชัย 4,1,1,th_sl,,False
โชคดี (ภาษามือโรงเรียนเศรษฐเสถียรในพระราชูปถัมภ์),1,1,ttrs,,False
โชคร้าย,1,1,th_sl,,False
โชคไม่ดี,1,1,th_sl,,False
โชจู,1,1,th_sl,,False
โชว์,1,1,th_sl,,False
โช๊คหลัง,1,1,th_sl,,False
โช๊ดหลัง,1,1,th_sl,,False
โซนี่,1,1,th_sl,,False
โซฟา,1,1,th_sl,,False
โซเชียล,1,1,th_sl,,False
โซเชียลเน็ตเวิร์ค,1,1,ttrs,,False
โซโก้,1,1,th_sl,PLACE,False
โดน,1,1,th_sl,VERB,False
โดนบังคับ,1,1,th_sl,,False
โดนบีบ,1,1,th_sl,,False
โดนัลด์ ทรัมป์,1,1,th_sl,SUBJ,False
โดนัลด์ดั๊ก,1,1,th_sl,,False
โดนไล่,1,1,ttrs,VERB,False
โดมิโน,1,1,ttrs,OBJ,False
โดยสารร่วมกัน,1,1,ttrs,,False
โดรน,1,1,th_sl,,False
โดเมน. (ภาษามือโรงเรียนเศรษฐเสถียรในพระราชูปถัมภ์),1,1,ttrs,OBJ,False
โต,1,1,th_sl,VERB,False
โตลัส,1,1,th_sl,PLACE,False
โตเกียว,1,1,th_sl,,False
โตเกียวสกายทรี,1,1,th_sl,,False
โตโยต้า Toyota,1,1,th_sl,,False
โต๊ะจีน,1,1,th_sl,,False
โต๊ะสนุ๊กเกอร์,1,1,th_sl,,False
โต๊ะเขียนหนังสือ,1,1,ttrs,OBJ,False
โทกุชิมา,1,1,th_sl,,False
โทจิงิ,1,1,th_sl,,False
โทยามะ,1,1,th_sl,,False
โทร,1,1,th_sl,VERB,True
โทรยิง,1,1,th_sl,,False
โทรศัพท์มือถือ,1,1,ttrs,,False
โทษ,1,1,th_sl,,False
โนโหวต,1,1,th_sl,,False
โน้น,1,1,th_sl,,False
โน้มน้าว,1,1,ttrs,VERB,False
โน้ส อุดม,1,1,th_sl,,False
โน๊ตบุ๊ค computer notebook,1,1,th_sl,OBJ,False
โบ,1,1,ttrs,,False
โบก,1,1,ttrs,,False
โบกมือ,1,1,th_sl,,False
โบจอม,1,1,th_sl,,False
โบนัส,1,1,th_sl,,False
โบราณ (ภาษามือโรงเรียนเศรษฐเสถียรในพระราชูปถัมภ์),1,1,ttrs,OBJ,False
โบราณศรีมโหสถ,1,1,th_sl,,False
โบลิเวีย,1,1,th_sl,PLACE,False
โบ๊เบ๊,1,1,th_sl,,False
โปงลาง,1,1,ttrs,,False
โปรดเกล้าโปรดกระหม่อม,1,1,th_sl,,False
โปรตรอน (ภาษามือโรงเรียนเศรษฐเสถียรในพระราชูปถัมภ์),1,1,ttrs,OBJ,False
โปรตีน (ภาษามือโรงเรียนเศรษฐเสถียรในพระราชูปถัมภ์),1,1,ttrs,OBJ,False
โปรตุเกส,1,1,th_sl,PLACE,False
โปรแกรม,1,1,th_sl,VERB,False
โปรแกรมคอมพิเตอร์,1,1,th_sl,,False
โปรโมชั่น,1,1,th_sl,,False
โปโล,1,1,ttrs,OBJ,False
โปโลน้ำ,1,1,ttrs,,False
โปโลม้า,1,1,th_sl,,False
โป๊,1,1,th_sl,,False
โป๊ะ,1,1,th_sl,,False
โพทะเล,1,1,th_sl,PLACE,False
โพธิ์ประทับช้าง,1,1,th_sl,PLACE,False
โพสต์,1,1,th_sl,OBJ,False
โฟกัส,1,1,th_sl,,False
โฟมล้างหน้า,1,1,th_sl,OBJ,False
โฟลเดอร์,1,1,th_sl,,False
โมซักบิก,1,1,th_sl,PLACE,False
โมร็อกโก,1,1,th_sl,PLACE,False
โมโตโรล่า,1,1,th_sl,,False
โม้,1,1,th_sl,VERB,False
โยกย้าย,1,1,th_sl,,False
โยน,1,1,th_sl,,False
โยเกิร์ต,1,1,th_sl,,False
โรคกวางซอมบี้,1,1,th_sl,,False
โรคจิต,1,1,th_sl,,False
โรคติดต่อ,1,1,ttrs,,False
โรคทางเดินหายใจ,1,1,ttrs,,False
โรคประจำตัว,1,1,agent,,False
โรคประสาท,1,1,ttrs,,False
โรคฝีดาษลิง,1,1,th_sl,,False
โรคภัย (ภาษามือวิทยาลัยราชสุดา),1,1,ttrs,,False
โรคมะเร็งปอด,1,1,th_sl,,False
โรคมะเร็งปากมดลูก,1,1,th_sl,,False
โรคมะเร็งผิวหนัง,1,1,th_sl,,False
โรคมะเร็งลำไส้,1,1,th_sl,,False
โรคมะเร็งเต้านม,1,1,th_sl,,False
โรคมะเร็งเม็ดเลือด,1,1,th_sl,,False
โรคมะเร็็งตับ,1,1,th_sl,,False
โรคลมบ้าหมู,1,1,ttrs,OBJ,False
โรคสะเก็ดเงิน,1,1,th_sl,,False
โรคเริม,1,1,th_sl,,False
โรคเอดส์,1,1,th_sl,,False
โรคไทรอยด์,1,1,th_sl,,False
โรงงาน,1,1,th_sl,,False
โรงงานทำเฉาก๊วยชากังราว,1,1,th_sl,PLACE,False
โรงงานผลิตหน้ากากอนามัย,1,1,ttrs,,False
โรงนาคาแฟกำแพงเพชร,1,1,th_sl,PLACE,False
โรงพยาบาลกรุงเทพ,1,1,ttrs,,False
โรงพยาบาลกรุงเทพคริสเตียน,1,1,ttrs,,False
โรงพยาบาลกรุุงเทพคริสเตียน,1,1,ttrs,,False
โรงพยาบาลนครพิงค์,1,1,th_sl,,False
โรงพยาบาลประสาทเชียงใหม่,1,1,th_sl,,False
โรงพยาบาลมหาราชนครเชียงใหม่,1,1,th_sl,,False
โรงพยาบาลราชเวช เชียงใหม่,1,1,th_sl,,False
โรงพยาบาลลานนา,1,1,th_sl,,False
โรงพยาบาลสนาม,1,1,ttrs,,False
โรงพยาบาลสวนปรุง,1,1,th_sl,,False
โรงพยาบาลสันทราย,1,1,th_sl,,False
โรงพยาบาลหัวเฉียว,1,1,ttrs,,False
โรงพยาบาลเชียงใหม่ราม,1,1,th_sl,,False
โรงพยาบาลเทพปัญญา,1,1,th_sl,,False
โรงพยาบาลแมคคอร์มิค,1,1,th_sl,,False
โรงภาพยนตร์รามา,1,1,ttrs,,False
โรงภาพยนตร์ลิโด้,1,1,ttrs,,False
โรงภาพยนตร์วอชิงตัน,1,1,ttrs,,False
โรงภาพยนตร์เฉลิมกรุง,1,1,ttrs,,False
โรงภาพยนตร์แมคเคนน่า,1,1,ttrs,,False
โรงเจตราด,1,1,th_sl,,False
โรงเรียนกาวิละอนุกูล,1,1,th_sl,,False
โรงเรียนดาราวิทยาลัย,1,1,th_sl,,False
โรงเรียนตราษตระการคุณ,1,1,th_sl,,False
โรงเรียนนครราชสีมาปัญญานุกูล,1,1,th_sl,,False
โรงเรียนนวมินทราชูทิศพายัพ,1,1,th_sl,,False
โรงเรียนนานาชาติ,1,1,ttrs,,False
โรงเรียนประจำ,1,1,th_sl,,False
โรงเรียนประถมศึกษา,1,1,ttrs,,False
โรงเรียนปรินส์รอยแยลล์วิทยาลัย,1,1,th_sl,,False
โรงเรียนพิบูลประชาสรรค์,1,1,th_sl,,False
โรงเรียนมงฟอร์ตวิทยาลัย,1,1,th_sl,,False
โรงเรียนมัธยมศึกษาตอนต้น,1,1,ttrs,,False
โรงเรียนมัธยมศึกษาตอนปลาย,1,1,ttrs,,False
โรงเรียนยุพราชวิทยาลัย,1,1,th_sl,,False
โรงเรียนวัฒโนทัยพายัพ,1,1,th_sl,,False
โรงเรียนศรีสังวาลย์เชียงใหม่,1,1,th_sl,,False
โรงเรียนศึกษาผู้ใหญ่,1,1,ttrs,,False
โรงเรียนศึกษาพิเศษเขตพัฒนาพิเศษเฉพาะกิจจังหวัดชายแดนภาคใต้ จังหวัดยะลา,1,1,th_sl,,False
โรงเรียนศึกษาสงเคราะห์จิตต์อารีฯ,1,1,th_sl,,False
โรงเรียนสตรีประเสริฐศิลป์,1,1,th_sl,,False
โรงเรียนสอนคนตาบอดภาคเหนือในพระราชินูปถัมภ์ จังหวัดเชียงใหม่,1,1,th_sl,,False
โรงเรียนอนุบาล,1,1,ttrs,,False
โรงเรียนอนุบาลเชียงใหม่,1,1,th_sl,,False
โรงเรียนออทิสติกเชียงใหม่,1,1,th_sl,,False
โรงเรียนเทคนิค,1,1,ttrs,,False
โรงเรียนเทพศิรินทร์ นนทบุรี,1,1,th_sl,,False
โรงเรียนเศรษฐเสถียร ในพระราชูปถัมภ์,1,1,th_sl,,False
โรงเรียนโกวิทธำรงเชียงใหม่,1,1,th_sl,,False
โรงเรียนโสตศึกษาจังหวัดกาญจนบุรี,1,1,th_sl,,False
โรงเรียนโสตศึกษาจังหวัดขอนแก่น,1,1,th_sl,,False
โรงเรียนโสตศึกษาจังหวัดชลบุรี,1,1,th_sl,,False
โรงเรียนโสตศึกษาจังหวัดชัยภูมิ,1,1,th_sl,,False
โรงเรียนโสตศึกษาจังหวัดตาก,1,1,th_sl,,False
โรงเรียนโสตศึกษาจังหวัดนครปฐม,1,1,th_sl,,False
โรงเรียนโสตศึกษาจังหวัดนครศรีธรรมราช,1,1,th_sl,,False
โรงเรียนโสตศึกษาจังหวัดนนทบุรี,1,1,th_sl,,False
โรงเรียนโสตศึกษาจังหวัดปราจีนบุรี,1,1,th_sl,,False
โรงเรียนโสตศึกษาจังหวัดพังงา,1,1,th_sl,,False
โรงเรียนโสตศึกษาจังหวัดมุกดาหาร,1,1,th_sl,,False
โรงเรียนโสตศึกษาจังหวัดร้อยเอ็ด,1,1,th_sl,,False
โรงเรียนโสตศึกษาจังหวัดสงขลา,1,1,th_sl,,False
โรงเรียนโสตศึกษาจังหวัดสุรินทร์,1,1,th_sl,,False
โรงเรียนโสตศึกษาจังหวัดอนุสารสุนทร เชียงใหม่,1,1,th_sl,,False
โรงเรียนโสตศึกษาจังหวัดอุดรธานี,1,1,th_sl,,False
โรงเรียนโสตศึกษาจังหวัดเทพรัตน์ ประจวบคีรีขันธ์,1,1,th_sl,,False
โรงเรียนโสตศึกษาจังหวัดเพชรบูรณ์,1,1,th_sl,,False
โรงเรียนโสตศึกษาทุ่งมหาเมฆ,1,1,th_sl,,False
โรงเรียนโสตศึกษาปานเลิศ ลพบุรี,1,1,th_sl,,False
โรงเรียนโสตศึกษาอนุสารสุนทร,1,1,th_sl,,False
โรงแรมดุสิตธานี,1,1,ttrs,,False
โรงแรมฮอลิเดย์การ์เดนโฮเทลแอนด์รีสอร์ท,1,1,th_sl,,False
โรงแรมเดอะพาลาสโซ่,1,1,th_sl,,False
โรงแรมเอเชีย,1,1,ttrs,OBJ,False
โรงไฟฟ้า,1,1,ttrs,,False
โรงไฟฟ้าแม่เมาะ,1,1,th_sl,PLACE,False
โรตี,1,1,th_sl,OBJ,False
โรบินสัน (ภาษามือโรงเรียนเศรษฐเสถียรในพระราชูปถัมภ์),1,1,ttrs,,False
โรมาเนีย,1,1,th_sl,PLACE,False
โรย,1,1,ttrs,,False
โลกทรรศน์กว้าง,1,1,ttrs,,False
โลงศพ,1,1,ttrs,,False
โลชั่นทาผิว,1,1,th_sl,OBJ,False
โลภ,1,1,ttrs,,False
โลมา,1,1,ttrs,OBJ,False
โลเคชั่น,1,1,th_sl,,False
โลโก้,1,1,th_sl,,False
โล่ง,1,1,th_sl,,False
โล่งใจ,1,1,th_sl,VERB,False
โล้ชิงช้า,1,1,ttrs,,False
โวยวาย,1,1,th_sl,,False
โสเภณี,1,1,th_sl,,False
โหด,1,1,th_sl,,False
โหน่ง ชะชะช่า,1,1,th_sl,SUBJ,False
โหม่งบอล,1,1,th_sl,,False
โหระพา (ภาษามือโรงเรียนเศรษฐเสถียรในพระราชูปถัมภ์),1,1,ttrs,,False
โหลด,1,1,th_sl,,False
โหลดกระเป๋าเดินทาง,1,1,th_sl,,False
โหลดหน้า,1,1,th_sl,,False
โหวตโน,1,1,th_sl,,False
โอ,1,1,th_sl,,False
โอกายามะ,1,1,th_sl,,False
โอกาส (ภาษามือโรงเรียนเศรษฐเสถียรในพระราชูปถัมภ์),1,1,ttrs,OBJ,False
โอนย้าย,1,1,th_sl,,False
โอนเงิน,1,1,ttrs,,False
โอบอ้อม,1,1,th_sl,,False
โอมาน,1,1,th_sl,PLACE,False
โออิตะ,1,1,th_sl,,False
โอเลี้ยง,1,1,th_sl,,False
โอ้โห้!,1,1,th_sl,,False
โฮงเจ้าฟองคำ,1,1,th_sl,PLACE,False
โฮจิมินห์,1,1,th_sl,,False
โฮมสคูล,1,1,th_sl,,False
ใกล้เข้ามา,1,1,ttrs,,False
ใกล้เคียงกับ,1,1,ttrs,,False
ใกล้แค่นี้,1,1,th_sl,,False
ใคร,1,1,th_sl,QUEST,True
ใคร (ภาษามือโรงเรียนเศรษฐเสถียรในพระราชูปถัมภ์),1,1,ttrs,SUBJ,False
ใครๆ ก็ขอร้องฉันให้ช่วย,1,1,ttrs,,False
ใจดับ,1,1,th_sl,,False
ใจดำ,1,1,th_sl,,False
ใจดี,1,1,th_sl,,True
ใจร้อน,1,1,th_sl,,False
ใจร้อย,1,1,th_sl,,False
ใจอ่อน,1,1,th_sl,,False
ใจเย็น,1,1,th_sl,STATE,False
"ใจเย็น, อารมณ์เย็น",1,1,ttrs,,False
ใจแข็ง,1,1,th_sl,,False
ใช่,1,1,th_sl,GREET,True
ใช่ (ภาษามือโรงเรียนเศรษฐเสถียรในพระราชูปถัมภ์),1,1,ttrs,,False
ใช้,1,1,th_sl,VERB,True
ใช้ได้,1,1,th_sl,,False
ในป่า,1,1,th_sl,,False
ในหนึ่งสัปดาห์,1,1,ttrs,ADJ,False
ในหลวง,1,1,th_sl,,False
ในใจ,1,1,th_sl,,False
ใบกะเพรา,1,1,ttrs,,False
ใบขับขี่รถจักรยานยนต์,1,1,th_sl,,False
ใบขับขี่รถยนต์,1,1,th_sl,,False
ใบงาน,1,1,ttrs,,False
ใบชะคราม,1,1,th_sl,,False
ใบตอง,1,1,agent,,False
ใบปลิว (ภาษามือโรงเรียนเศรษฐเสถียรในพระราชูปถัมภ์),1,1,ttrs,OBJ,False
ใบมรณะบัตร,1,1,th_sl,,False
ใบมอบฉันทะ,1,1,th_sl,,False
ใบมอบอํานาจ,1,1,th_sl,,False
ใบมะกรูด,1,1,th_sl,,False
ใบมะกรูด (ภาษามือโรงเรียนเศรษฐเสถียรในพระราชูปถัมภ์),1,1,ttrs,,False
ใบมีด,1,1,ttrs,,False
ใบยี่หร่า,1,1,th_sl,,False
ใบสมัครงาน (ภาษามือโรงเรียนเศรษฐเสถียรในพระราชูปถัมภ์),1,1,ttrs,OBJ,False
ใบสะระแหน่,1,1,ttrs,,False
ใบสำคัญการหย่า,1,1,ttrs,,False
ใบสำคัญสมรส,1,1,ttrs,,False
ใบอนุญาตขับขี่,1,1,ttrs,OBJ,False
ใบเดียว,1,1,th_sl,,False
ใบเตือน,1,1,th_sl,,False
ใบเสร็จรับเงิน,1,1,ttrs,,False
ใบเหลือง,1,1,th_sl,,False
ใบแจ้งยอดธนาคาร,1,1,th_sl,,False
ใบแดง,1,1,th_sl,,False
ใบแมงลัก,1,1,th_sl,,False
ใบแมงลัก (ภาษามือโรงเรียนเศรษฐเสถียรในพระราชูปถัมภ์),1,1,ttrs,,False
ใส,1,1,th_sl,,False
ใส่,1,1,ttrs,,False
ใส่ปาก,1,1,ttrs,,False
ใส่ร้าย,1,1,th_sl,,False
ใหญ่โต,1,1,th_sl,,False
ใหม่,1,1,th_sl,,True
ใหม่ (ภาษามือโรงเรียนเศรษฐเสถียร),1,1,ttrs,ADJ,False
ให้,1,1,th_sl,VERB,True
ให้อย่างสุภาพ,1,1,ttrs,VERB,False
ให้เงินก้อนใหญ่สองคน,1,1,ttrs,,False
ให้เงินปึกหนากับคน ๆ หนึ่ง,1,1,ttrs,,False
ใอ,1,1,th_sl,,False
ไกล,1,1,ttrs,,True
ไกลกันในสถานที่ตั้ง,1,1,ttrs,,False
ไกลมาก,1,1,ttrs,,False
ไกลแค่ไหน?,1,1,ttrs,,False
ไก่ชน,1,1,th_sl,,False
ไก่ชิ้น,1,1,th_sl,,False
ไก่ผัดกะเพรา,1,1,th_sl,OBJ,False
ไก่สับ,1,1,th_sl,,False
ไก่เทอริยากิ,1,1,th_sl,,False
ไก่แบ้,1,1,th_sl,,False
ไข,1,1,th_sl,,False
ไขควง,1,1,ttrs,,False
ไขมัน,1,1,ttrs,,False
ไขมัน (ภาษามือโรงเรียนเศรษฐเสถียรในพระราชูปถัมภ์),1,1,ttrs,OBJ,False
ไขลาน,1,1,th_sl,,False
ไข่ (ภาษามือโรงเรียนเศรษฐเสถียรในพระราชูปถัมภ์),1,1,ttrs,,False
ไข่ขาว,1,1,ttrs,,False
ไข่ต้ม,1,1,ttrs,,False
ไข่ต้มทรงเครื่อง,1,1,th_sl,,False
ไข่นกกระทา (ภาษามือโรงเรียนเศรษฐเสถียรในพระราชูปถัมภ์),1,1,ttrs,,False
ไข่มุก,1,1,th_sl,,False
ไข่ลวก,1,1,ttrs,,False
ไข่เป็ด (ภาษามือโรงเรียนเศรษฐเสถียรในพระราชูปถัมภ์),1,1,ttrs,,False
ไข่เยี่ยวม้า (ภาษามือโรงเรียนเศรษฐเสถียรในพระราชูปถัมภ์),1,1,ttrs,,False
ไข่ไก่ (ภาษามือโรงเรียนเศรษฐเสถียรในพระราชูปถัมภ์),1,1,ttrs,,False
ไข้สูง (ภาษามือวิทยาลัยราชสุดา),1,1,ttrs,,False
ไข้หวัด,1,1,th_sl,,False
ไข้หวัดใหญ่,1,1,ttrs,,False
ไคโส่ว,1,1,th_sl,,False
ไชยปราการ,1,1,th_sl,PLACE,False
ไซตามะ,1,1,th_sl,,False
ไซปรัส,1,1,th_sl,,False
ได้,1,1,th_sl,,True
ได้ทั้งสองอย่าง,1,1,th_sl,,False
ได้ยินไม่ชัด,1,1,ttrs,,False
ได้รับ,1,1,th_sl,VERB,False
ได้รับการปลอบใจ,1,1,ttrs,,False
ได้รับตลอดเวลา,1,1,ttrs,,False
ได้รับส่วนแบ่ง,1,1,ttrs,,False
ได้รับเชิญจากหลายแห่ง,1,1,ttrs,VERB,False
ได้เชิญ,1,1,ttrs,VERB,False
ไต (ภาษามือโรงเรียนเศรษฐเสถียร),1,1,ttrs,,False
ไตรรงค์ สุวรรณคีรี,1,1,th_sl,,False
ไตรเจนเดอร์,1,1,th_sl,,False
ไต่สวนพยาน,1,1,ttrs,,False
ไถนา,1,1,th_sl,VERB,False
ไถ่ถอน,1,1,th_sl,,False
ไถ่ถาม,1,1,th_sl,,False
ไทม์ไลน์,1,1,ttrs,,False
ไทยชนะ,1,1,ttrs,,False
ไทยประกันชีวิต,1,1,th_sl,,False
ไทยพีบีเอส,1,1,th_sl,,False
ไทยรัฐ,1,1,th_sl,,False
ไทรงาม,1,1,th_sl,PLACE,False
ไทรม้า,1,1,th_sl,,False
ไทวัสดุ,1,1,th_sl,,False
ไนกี้,1,1,th_sl,,False
ไนจีเรีย,1,1,th_sl,PLACE,False
ไบร์ทตัน,1,1,th_sl,,False
ไบโอดีเซล (ภาษามือโรงเรียนเศรษฐเสถียรในพระราชูปถัมภ์),1,1,ttrs,OBJ,False
ไปข้างหลัง,1,1,ttrs,,False
ไปยัง,1,1,ttrs,,False
ไปรษณีย์,1,1,th_sl,,False
ไปรษณีย์ลงทะเบียน,1,1,ttrs,,False
ไปเที่ยว,1,1,th_sl,,False
ไปเยี่ยม,1,1,ttrs,,False
ไปแล้ว,1,1,ttrs,ADJ,False
ไปให้พ้น,1,1,ttrs,VERB,False
ไผ่กอหลวง,1,1,th_sl,,False
ไฝ,1,1,ttrs,,False
ไพบูลย์ นิติตะวัน,1,1,th_sl,,False
ไพบูลย์ แสงเดือน,1,1,th_sl,SUBJ,False
ไพศาลี,1,1,th_sl,PLACE,False
ไพ่,1,1,ttrs,OBJ,False
ไฟช็อต,1,1,th_sl,,False
ไฟดับ,1,1,th_sl,,False
ไฟดูด,1,1,th_sl,,False
ไฟประดับต้นคริสต์มาส,1,1,ttrs,OBJ,False
ไฟปิด,1,1,ttrs,,False
ไฟฟ้า,1,1,ttrs,,False
ไฟฟ้าพลังงานแสงอาทิตย์,1,1,th_sl,,False
ไฟรั่ว,1,1,th_sl,,False
ไฟล์,1,1,th_sl,,False
ไฟสูงหน้ารถยนต์,1,1,ttrs,,False
ไฟเซอร์,1,1,th_sl,,False
ไฟแช็ก,1,1,th_sl,OBJ,False
ไฟแนนซ์,1,1,th_sl,,False
ไฟไหม้,1,1,th_sl,VERB,False
ไมล์,1,1,ttrs,,False
ไมเคิล แจ็กสัน,1,1,th_sl,,False
ไมโครคอนเดรีย (ภาษามือโรงเรียนเศรษฐเสถียรในพระราชูปถัมภ์),1,1,ttrs,OBJ,False
ไมโครเวฟ,1,1,ttrs,,False
ไมโครโฟนตั้งโต๊ะ,1,1,th_sl,OBJ,False
ไม่,1,1,th_sl,NEG,True
ไม่กิน,1,1,th_sl,VERB,False
ไม่คุย,1,1,th_sl,,False
ไม่จริงใจ,1,1,th_sl,,False
ไม่ชำนาญ,1,1,ttrs,,False
ไม่ดีทั้งสองฝ่าย,1,1,ttrs,,False
ไม่ตั้งใจ,1,1,th_sl,,False
ไม่ต้อง,1,1,th_sl,,False
ไม่ถูกต้องอย่างยิ่ง,1,1,ttrs,ADJ,False
ไม่ทันการ,1,1,th_sl,,False
ไม่ทันตั้งตัว,1,1,th_sl,,False
ไม่น้อยกว่า (ภาษามือโรงเรียนเศรษฐเสถียรในพระราชูปถัมภ์),1,1,ttrs,,False
ไม่บังคับ,1,1,th_sl,,False
ไม่ผ่าน,1,1,th_sl,,False
ไม่พบ,1,1,th_sl,,False
ไม่พบนาน,1,1,th_sl,,False
ไม่พอ,1,1,ttrs,,False
ไม่มันส์,1,1,th_sl,,False
ไม่มากกว่า (ภาษามือโรงเรียนเศรษฐเสถียรในพระราชูปถัมภ์),1,1,ttrs,,False
ไม่มีประโยชน์,1,1,th_sl,,False
ไม่มีวุฒิภาวะ,1,1,th_sl,,False
ไม่มีอะไรอยู่ที่ฉัน,1,1,ttrs,ADJ,False
ไม่ยอม,1,1,th_sl,,False
ไม่ยอมรับสารภาพ,1,1,ttrs,VERB,False
ไม่ยุ่ง,1,1,th_sl,,False
ไม่รับ,1,1,th_sl,,False
ไม่รับผิดชอบ,1,1,th_sl,,False
ไม่รู้,1,1,th_sl,,True
ไม่รู้ตัว,1,1,th_sl,,False
ไม่รู้สึกตัว,1,1,ttrs,,False
ไม่รู้อีโหน่อีเหน่,1,1,th_sl,,False
ไม่ล้ำหน้า,1,1,th_sl,,False
ไม่ว่า,1,1,th_sl,,False
ไม่สุภาพ,1,1,ttrs,,False
ไม่อยาก,1,1,th_sl,VERB,False
ไม่เกิน (ภาษามือโรงเรียนเศรษฐเสถียรในพระราชูปถัมภ์),1,1,ttrs,,False
ไม่เข้าใจ,1,1,th_sl,,False
ไม่เคย,1,1,th_sl,,False
ไม่เคยได้ช่วย,1,1,ttrs,,False
ไม่เจ็บ,1,1,th_sl,,False
ไม่เชื่อ,1,1,th_sl,,False
ไม่เท่ากับ,1,1,ttrs,,False
ไม่เท่ากับ (ภาษามือโรงเรียนเศรษฐเสถียรในพระราชูปถัมภ์),1,1,ttrs,,False
ไม่เป็นท่า,1,1,th_sl,,False
ไม่เป็นไร (ภาษามือโรงเรียนเศรษฐเสถียรในพระราชูปถัมภ์),1,1,ttrs,,False
ไม่เสียประตู,1,1,th_sl,,False
ไม่เห็น,1,1,th_sl,,False
ไม่เอา,1,1,th_sl,,False
ไม่แคร์,1,1,ttrs,,False
ไม่แน่นอน,1,1,ttrs,ADJ,False
ไม่แพง,1,1,th_sl,,False
ไม่แสดงอาการของโรค,1,1,ttrs,,False
ไม่ใช่,1,1,th_sl,NEG,True
ไม่ใช่ (ภาษามือโรงเรียนเศรษฐเสถียรในพระราชูปถัมภ์),1,1,ttrs,,False
ไม่ให้,1,1,th_sl,,False
ไม่ไกล,1,1,ttrs,,False
ไม่ได้,1,1,th_sl,,True
ไม่ได้พูด,1,1,th_sl,,False
ไม่ได้รับความช่วยเหลือ,1,1,ttrs,ADJ,False
ไม่ได้โกหก,1,1,ttrs,VERB,False
ไม่ไหว,1,1,th_sl,,False
ไม้กวาดขนไก่,1,1,ttrs,,False
ไม้กวาดหยากไย่,1,1,th_sl,OBJ,False
ไม้กอล์ฟ,1,1,ttrs,,False
ไม้กั้นรถไฟ,1,1,ttrs,OBJ,False
ไม้กางเขน (ภาษามือโรงเรียนเศรษฐเสถียรในพระราชูปถัมภ์),1,1,ttrs,,False
ไม้ค้ำสำหรับเล่นสกี,1,1,ttrs,,False
ไม้จัตวา,1,1,th_sl,,False
ไม้จิ้มฟัน,1,1,ttrs,,False
ไม้ฉากสามเหลี่ยม,1,1,ttrs,,False
ไม้ตรี,1,1,th_sl,,False
ไม้ตีกลอง,1,1,ttrs,,False
ไม้ตีแมลงวัน,1,1,ttrs,,False
ไม้ถูพื้นยาว,1,1,ttrs,,False
ไม้นวดแป้ง,1,1,ttrs,,False
ไม้พลอง,1,1,ttrs,,False
ไม้ยมก,1,1,th_sl,,False
ไม้ฮอกกี้,1,1,ttrs,,False
ไม้เท้า,1,1,th_sl,,False
ไม้เบสบอล,1,1,ttrs,,False
ไม้เมตร (ภาษามือโรงเรียนเศรษฐเสถียรในพระราชูปถัมภ์),1,1,ttrs,OBJ,False
ไม้เสียบ,1,1,ttrs,,False
ไม้เอก,1,1,th_sl,,False
ไม้แขวนพวงหนีบ,1,1,th_sl,,False
ไม้แบดมินตัน,1,1,th_sl,,False
ไม้แร็กเก็ต,1,1,ttrs,,False
ไม้โท,1,1,th_sl,,False
ไม้โปรเทคเตอร์,1,1,ttrs,,False
ไม้โปรเทคเตอร์ (ภาษามือโรงเรียนเศรษฐเสถียรในพระราชูปถัมภ์),1,1,ttrs,OBJ,False
ไม้ไผ่,1,1,th_sl,,False
ไรโบโซม (ภาษามือโรงเรียนเศรษฐเสถียรในพระราชูปถัมภ์),1,1,ttrs,OBJ,False
ไร่,1,1,th_sl,OBJ,False
ไร่ชาฉุยฟง,1,1,th_sl,PLACE,False
ไร่องุ่นคานาอัน,1,1,th_sl,PLACE,False
ไร่เชิญตะวัน,1,1,th_sl,PLACE,False
ไลน์แมน,1,1,th_sl,OBJ,False
ไลฟ์สด,1,1,th_sl,,False
ไลโซโซม (ภาษามือโรงเรียนเศรษฐเสถียรในพระราชูปถัมภ์),1,1,ttrs,OBJ,False
ไล่ (พนักงาน) ออก,1,1,ttrs,,False
ไล่ฟัน,1,1,th_sl,,False
ไว,1,1,th_sl,,False
ไวน์,1,1,th_sl,,False
ไวยากรณ์,1,1,th_sl,,False
ไวยากรณ์ (ภาษามือวิทยาลัยราชสุดา),1,1,ttrs,OBJ,False
ไวรัส,1,1,ttrs,,False
ไวรัสโควิด-19,1,1,th_sl,,False
ไวรัสโคโรนา,1,1,ttrs,,False
ไวรัสโคโรนาสายพันธุ์ใหม่,1,1,ttrs,,False
ไวไฟ,1,1,th_sl,,False
ไส้กรอก,1,1,ttrs,,False
ไส้กรอกประกบขนมปัง,1,1,ttrs,,False
ไส้กรองอากาศ,1,1,th_sl,,False
ไส้ติ่ง (ภาษามือโรงเรียนเศรษฐเสถียร),1,1,ttrs,,False
ไหมขัดฟัน,1,1,th_sl,,False
ไหมพรม,1,1,th_sl,,False
ไหม้,1,1,th_sl,,False
ไหว,1,1,th_sl,VERB,False
ไหวพริบ,1,1,th_sl,,False
ไหว้,1,1,th_sl,,False
ไอ-โมบาย,1,1,th_sl,,False
ไอซ์,1,1,th_sl,,False
ไอซ์แลนด์,1,1,th_sl,,False
ไอดอล,1,1,th_sl,,False
ไอที,1,1,th_sl,,False
ไอทีวี,1,1,th_sl,,False
ไอร์แลนด์,1,1,th_sl,,False
ไอร์แลนด์เหนือ,1,1,th_sl,PLACE,False
ไอเลิฟยู - ฉันรักเธอ,1,1,th_sl,,False
ไฮโซ,1,1,th_sl,,False
ไฮโดรเจน (ภาษามือโรงเรียนเศรษฐเสถียรในพระราชูปถัมภ์),1,1,ttrs,OBJ,False
ไฮไลท์,1,1,th_sl,,False
ๆ,1,1,th_sl,,False
A (พจนานุกรมสารสนเทศภาษามือไทย),1,0,ttrs,,False
B (พจนานุกรมสารสนเทศภาษามือไทย),1,0,ttrs,,False
C (พจนานุกรมสารสนเทศภาษามือไทย),1,0,ttrs,,False
D,1,0,ttrs,,False
E (พจนานุกรมสารสนเทศภาษามือไทย),1,0,ttrs,,False
F (พจนานุกรมสารสนเทศภาษามือไทย),1,0,ttrs,,False
G (พจนานุกรมสารสนเทศภาษามือไทย),1,0,ttrs,,False
H (พจนานุกรมสารสนเทศภาษามือไทย),1,0,ttrs,,False
I (พจนานุกรมสารสนเทศภาษามือไทย),1,0,ttrs,,False
J (พจนานุกรมสารสนเทศภาษามือไทย),1,0,ttrs,,False
K (พจนานุกรมสารสนเทศภาษามือไทย),1,0,ttrs,,False
L (พจนานุกรมสารสนเทศภาษามือไทย),1,0,ttrs,,False
M,1,0,ttrs,,False
N (พจนานุกรมสารสนเทศภาษามือไทย),1,0,ttrs,,False
O (พจนานุกรมสารสนเทศภาษามือไทย),1,0,ttrs,,False
P (พจนานุกรมสารสนเทศภาษามือไทย),1,0,ttrs,,False
Q (พจนานุกรมสารสนเทศภาษามือไทย),1,0,ttrs,,False
R (พจนานุกรมสารสนเทศภาษามือไทย),1,0,ttrs,,False
S (พจนานุกรมสารสนเทศภาษามือไทย),1,0,ttrs,,False
T (พจนานุกรมสารสนเทศภาษามือไทย),1,0,ttrs,,False
U (พจนานุกรมสารสนเทศภาษามือไทย),1,0,ttrs,,False
V (พจนานุกรมสารสนเทศภาษามือไทย),1,0,ttrs,,False
W (พจนานุกรมสารสนเทศภาษามือไทย),1,0,ttrs,,False
X (พจนานุกรมสารสนเทศภาษามือไทย),1,0,ttrs,,False
Y (พจนานุกรมสารสนเทศภาษามือไทย),1,0,ttrs,,False
Z (พจนานุกรมสารสนเทศภาษามือไทย),1,0,ttrs,,False
กดแชร์ (ภาษามือวิทยาลัยราชสุดา),1,0,ttrs,VERB,False
กดไลค์ (ภาษามือวิทยาลัยราชสุดา),1,0,ttrs,VERB,False
กำไล,1,0,ttrs,,False
ก้อนหิน,1,0,ttrs,,False
ข (พจนานุกรมสารสนเทศภาษามือไทย),1,0,ttrs,,False
ข้าวสวย,1,0,ttrs,,False
ค (พจนานุกรมสารสนเทศภาษามือไทย),1,0,ttrs,,False
ครบถ้วน (ภาษามือวิทยาลัยราชสุดา),1,0,ttrs,ADJ,False
ความสำคัญ (ภาษามือวิทยาลัยราชสุดา),1,0,ttrs,OBJ,False
ความสุข (ภาษามือวิทยาลัยราชสุดา),1,0,ttrs,,False
ความหมาย (ภาษามือวิทยาลัยราชสุดา),1,0,ttrs,OBJ,False
คุณครู (ภาษามือวิทยาลัยราชสุดา),1,0,ttrs,SUBJ,False
ฆ (พจนานุกรมสารสนเทศภาษามือไทย),1,0,ttrs,,False
ง (พจนานุกรมสารสนเทศภาษามือไทย),1,0,ttrs,,False
จ (พจนานุกรมสารสนเทศภาษามือไทย),1,0,ttrs,,False
ฉ (พจนานุกรมสารสนเทศภาษามือไทย),1,0,ttrs,,False
ช  (พจนานุกรมสารสนเทศภาษามือไทย),1,0,ttrs,,False
ซ (พจนานุกรมสารสนเทศภาษามือไทย),1,0,ttrs,,False
ฌ (พจนานุกรมสารสนเทศภาษามือไทย),1,0,ttrs,,False
ญ (พจนานุกรมสารสนเทศภาษามือไทย),1,0,ttrs,,False
ฎ (พจนานุกรมสารสนเทศภาษามือไทย),1,0,ttrs,,False
ฏ (พจนานุกรมสารสนเทศภาษามือไทย),1,0,ttrs,,False
ฐ (พจนานุกรมสารสนเทศภาษามือไทย),1,0,ttrs,,False
ฑ (พจนานุกรมสารสนเทศภาษามือไทย),1,0,ttrs,,False
ฒ (พจนานุกรมสารสนเทศภาษามือไทย),1,0,ttrs,,False
ณ (พจนานุกรมสารสนเทศภาษามือไทย),1,0,ttrs,,False
ด (พจนานุกรมสารสนเทศภาษามือไทย),1,0,ttrs,,False
ต (พจนานุกรมสารสนเทศภาษามือไทย),1,0,ttrs,,False
ตลาด (ภาษามือวิทยาลัยราชสุดา),1,0,ttrs,,False
ถ (พจนานุกรมสารสนเทศภาษามือไทย),1,0,ttrs,,False
ถาม (ภาษามือวิทยาลัยราชสุดา),1,0,ttrs,VERB,False
ถูกต้อง (ภาษามือวิทยาลัยราชสุดา),1,0,ttrs,ADJ,False
ท (พจนานุกรมสารสนเทศภาษามือไทย),1,0,ttrs,,False
ทางด่วน,1,0,ttrs,,False
ทางม้าลาย,1,0,ttrs,,False
ทำไม (ภาษามือวิทยาลัยราชสุดา),1,0,ttrs,,False
ที่ทำการไปรษณีย์,1,0,ttrs,,False
ที่ว่าการอำเภอ,1,0,ttrs,,False
ธ (พจนานุกรมสารสนเทศภาษามือไทย),1,0,ttrs,,False
น (พจนานุกรมสารสนเทศภาษามือไทย),1,0,ttrs,,False
น้ำผลไม้,1,0,ttrs,,False
บ (พจนานุกรมสารสนเทศภาษามือไทย),1,0,ttrs,,False
บึงกาฬ,1,0,ttrs,,False
ป (พจนานุกรมสารสนเทศภาษามือไทย),1,0,ttrs,,False
ปรบมือ (ภาษามือวิทยาลัยราชสุดา),1,0,ttrs,VERB,False
ปั้มน้ำมัน,1,0,ttrs,,False
ป่า,1,0,ttrs,,False
ป้ายจอดรถประจำทาง,1,0,ttrs,,False
ป้ายโฆษณา,1,0,ttrs,,False
ผ (พจนานุกรมสารสนเทศภาษามือไทย),1,0,ttrs,,False
ผมหางม้า,1,0,ttrs,,False
ฝ (พจนานุกรมสารสนเทศภาษามือไทย),1,0,ttrs,,False
พ (พจนานุกรมสารสนเทศภาษามือไทย),1,0,ttrs,,False
พวกเรา (ภาษามือวิทยาลัยราชสุดา),1,0,ttrs,SUBJ,False
พ่อ (ภาษามือวิทยาลัยราชสุดา),1,0,ttrs,SUBJ,False
ฟ (พจนานุกรมสารสนเทศภาษามือไทย),1,0,ttrs,,False
ภ (พจนานุกรมสารสนเทศภาษามือไทย),1,0,ttrs,,False
ภาษามือ (ภาษามือวิทยาลัยราชสุดา),1,0,ttrs,OBJ,False
ม (พจนานุกรมสารสนเทศภาษามือไทย),1,0,ttrs,,False
มหาวิทยาลัย (ภาษามือวิทยาลัยราชสุดา),1,0,ttrs,,False
มหาสารคาม,1,0,ttrs,,False
มองดู (ภาษามือวิทยาลัยราชสุดา),1,0,ttrs,VERB,False
มองหา (ภาษามือวิทยาลัยราชสุดา),1,0,ttrs,VERB,False
มารยาทไทย,1,0,ttrs,,False
มุกดาหาร,1,0,ttrs,,False
ย (พจนานุกรมสารสนเทศภาษามือไทย),1,0,ttrs,,False
ร (พจนานุกรมสารสนเทศภาษามือไทย),1,0,ttrs,,False
รถขยะ,1,0,ttrs,,False
รถพยาบาล,1,0,ttrs,,False
รู้ (ภาษามือวิทยาลัยราชสุดา),1,0,ttrs,VERB,False
ร้านกาแฟ,1,0,ttrs,,False
ร้านขายดอกไม้,1,0,ttrs,,False
ร้านขายสัตว์เลี้ยง,1,0,ttrs,,False
ร้านตัดผม,1,0,ttrs,,False
ร้านตัดเสื้อ,1,0,ttrs,,False
ร้านอินเตอร์เน็ต,1,0,ttrs,,False
ล (พจนานุกรมสารสนเทศภาษามือไทย),1,0,ttrs,,False
ลักยิ้ม,1,0,ttrs,,False
ลานจอดรถ,1,0,ttrs,,False
ลายสัก,1,0,ttrs,,False
ลืม (ภาษามือวิทยาลัยราชสุดา),1,0,ttrs,VERB,False
ลูกกระเดือก (ภาษามือโรงเรียนเศรษฐเสถียรในพระราชูปถัมภ์),1,0,ttrs,,False
ว (พจนานุกรมสารสนเทศภาษามือไทย),1,0,ttrs,,False
วันงดสูบบุหรี่โลก (ภาษามือวิทยาลัยราชสุดา),1,0,ttrs,,False
วันรับรองภาษามือไทย (ภาษามือวิทยาลัยราชสุดา),1,0,ttrs,,False
ศ (พจนานุกรมสารสนเทศภาษามือไทย),1,0,ttrs,,False
ษ (พจนานุกรมสารสนเทศภาษามือไทย),1,0,ttrs,,False
ส (พจนานุกรมสารสนเทศภาษามือไทย),1,0,ttrs,,False
สถานทูต,1,0,ttrs,,False
สถานีรถไฟใต้ดิน,1,0,ttrs,,False
สถานีวิทยุ,1,0,ttrs,,False
สถานีโทรทัศน์,1,0,ttrs,,False
ห (พจนานุกรมสารสนเทศภาษามือไทย),1,0,ttrs,,False
หอศิลป์,1,0,ttrs,,False
ห้ามลืม (ภาษามือวิทยาลัยราชสุดา),1,0,ttrs,VERB,False
ฬ (พจนานุกรมสารสนเทศภาษามือไทย),1,0,ttrs,,False
อ (พจนานุกรมสารสนเทศภาษามือไทย),1,0,ttrs,,False
อวยพร (ภาษามือวิทยาลัยราชสุดา),1,0,ttrs,VERB,False
อะไร (ภาษามือวิทยาลัยราชสุดา),1,0,ttrs,,False
ฮ (พจนานุกรมสารสนเทศภาษามือไทย),1,0,ttrs,,False
เด็กชาย,1,0,ttrs,,False
เด็กดี,1,0,ttrs,,False
เด็กหญิง,1,0,ttrs,,False
เฟซบุ๊ค (ภาษามือวิทยาลัยราชสุดา),1,0,ttrs,,False
เสียงดัง,1,0,ttrs,,False
เสียดาย (ภาษามือวิทยาลัยราชสุดา),1,0,ttrs,,False
แม่ (ภาษามือวิทยาลัยราชสุดา),1,0,ttrs,SUBJ,False
แล้วแต่ (ภาษามือวิทยาลัยราชสุดา),1,0,ttrs,,False
โอวัลติน,1,0,ttrs,,False
ใส่บาตร,1,0,ttrs,,False
ใหม่ (ภาษามือวิทยาลัยราชสุดา),1,0,ttrs,ADJ,False
ไฟถนน,1,0,ttrs,,False
ไม้จัตวา (พจนานุกรมสารสนเทศภาษามือไทย),1,0,ttrs,,False
ไม้ตรี (พจนานุกรมสารสนเทศภาษามือไทย),1,0,ttrs,,False
ไม้เอก (พจนานุกรมสารสนเทศภาษามือไทย),1,0,ttrs,,False
ไม้โท (พจนานุกรมสารสนเทศภาษามือไทย),1,0,ttrs,,False
